# Created by FreeCAD <https://www.freecad.org>
v 13.991000 55.501911 39.938202
v 13.991052 55.500477 39.969086
v 13.991069 55.500000 40.000000
v 13.990886 55.505096 39.899162
v 13.990714 55.509815 39.860229
v 13.990485 55.516071 39.821442
v 13.990195 55.523865 39.782841
v 13.991069 55.500000 48.500000
v 13.989842 55.533199 39.744465
v 13.989424 55.544083 39.706360
v 13.988935 55.556519 39.668575
v 13.986038 55.625084 48.625084
v 13.988371 55.570511 39.631153
v 13.987728 55.586060 39.594147
v 13.987000 55.603180 39.557610
v 13.986182 55.621864 39.521591
v 13.985267 55.642120 39.486149
v 13.984247 55.663952 39.451344
v 13.983116 55.687359 39.417236
v 13.979890 55.750118 48.750118
v 13.981866 55.712341 39.383888
v 13.980487 55.738903 39.351364
v 13.978971 55.767036 39.319733
v 13.977310 55.796745 39.289062
v 13.972624 55.875095 48.875095
v 13.975492 55.828030 39.259422
v 13.973507 55.860882 39.230892
v 13.971346 55.895264 39.203571
v 13.969001 55.931145 39.177563
v 13.964240 56.000000 49.000000
v 13.966462 55.968468 39.152962
v 13.963723 56.007187 39.129864
v 13.960777 56.047234 39.108372
v 13.957618 56.088535 39.088573
v 13.954240 56.131012 39.070564
v 13.950641 56.174576 39.054432
v 14.000000 55.000000 -13.500000
v 13.999007 55.166698 37.000000
v 13.996030 55.333374 37.000000
v 14.000000 55.000000 37.000000
v 13.946818 56.219116 39.040257
v 13.942775 56.264530 39.028118
v 13.938511 56.310692 39.018082
v 13.934033 56.357468 39.010208
v 13.896849 56.696350 49.000000
v 13.924471 56.452282 39.001141
v 13.929349 56.404716 39.004551
v 13.919411 56.500000 39.000000
v 13.982597 55.697842 -13.500000
v 13.991069 55.500000 37.000000
v 13.830469 57.172123 39.000000
v 13.794754 57.388466 49.000000
v 13.930430 56.393951 -13.500000
v 13.948620 56.198338 37.000000
v 13.658212 58.074615 49.000000
v 13.709092 57.839153 39.000000
v 13.843632 57.086594 -13.500000
v 13.871337 56.893681 37.000000
v 13.487562 58.753086 49.000000
v 13.555565 58.499523 39.000000
v 13.722415 57.774048 -13.500000
v 13.759412 57.584293 37.000000
v 13.283233 59.422188 49.000000
v 13.370246 59.151688 39.000000
v 13.567082 58.454605 -13.500000
v 13.613126 58.268456 37.000000
v 13.045732 60.080242 49.000000
v 13.153572 59.794117 39.000000
v 13.378019 59.126572 -13.500000
v 13.432844 58.944454 37.000000
v 12.775655 60.725613 49.000000
v 12.906050 60.425301 39.000000
v 13.155697 59.788280 -13.500000
v 13.219015 59.610600 37.000000
v 12.473674 61.356686 49.000000
v 12.628260 61.043762 39.000000
v 12.900667 60.438087 -13.500000
v 12.972175 60.265232 37.000000
v 12.140544 61.971886 49.000000
v 12.320854 61.648048 39.000000
v 12.613564 61.074371 -13.500000
v 12.692939 60.906719 37.000000
v 11.777098 62.569675 49.000000
v 11.984554 62.236744 39.000000
v 12.295102 61.695557 -13.500000
v 12.382004 61.533451 37.000000
v 11.384241 63.148560 49.000000
v 11.620147 62.808468 39.000000
v 11.946073 62.300095 -13.500000
v 12.040147 62.143867 37.000000
v 10.962956 63.707100 49.000000
v 11.228489 63.361881 39.000000
v 11.567343 62.886482 -13.500000
v 11.668222 62.736446 37.000000
v 10.514296 64.243896 49.000000
v 10.810497 63.895683 39.000000
v 11.159855 63.453262 -13.500000
v 11.267159 63.309700 37.000000
v 10.837956 63.862206 37.000000
v 10.039379 64.757607 49.000000
v 10.367152 64.408623 39.000000
v 10.724622 63.999027 -13.500000
v 10.381689 64.392578 37.000000
v 9.539392 65.246948 49.000000
v 9.899495 64.899498 37.000000
v 9.899495 64.899498 39.000000
v 10.262726 64.522415 -13.500000
v 9.775315 65.022133 -13.500000
v 9.263601 65.496933 -13.500000
v 9.015584 65.710709 49.000000
v 8.728857 65.945641 -13.500000
v 8.469262 66.147720 49.000000
v 8.172411 66.367134 -13.500000
v 7.901791 66.556892 49.000000
v 7.595648 66.760361 -13.500000
v 7.314588 66.937202 49.000000
v 7.000000 67.124359 -13.500000
v 6.709119 67.287704 49.000000
v 6.386949 67.458206 -13.500000
v 6.086896 67.607529 49.000000
v 5.758019 67.761078 -13.500000
v 5.449473 67.895859 49.000000
v 5.114774 68.032234 -13.500000
v 4.798442 68.151993 49.000000
v 4.458813 68.270981 -13.500000
v 4.135429 68.375282 49.000000
v 3.791767 68.476738 -13.500000
v 3.462088 68.565170 49.000000
v 3.115293 68.648987 -13.500000
v 2.780102 68.721191 49.000000
v 2.431074 68.787308 -13.500000
v 2.091174 68.842941 49.000000
v 1.740812 68.891350 -13.500000
v 1.397024 68.930122 49.000000
v 1.046221 68.960854 -13.500000
v 0.699385 68.982521 49.000000
v 0.349030 68.995651 -13.500000
v -0.000000 69.000000 49.000000
v -0.349030 68.995651 -13.500000
v -0.699385 68.982521 49.000000
v -1.046221 68.960854 -13.500000
v -1.397024 68.930122 49.000000
v -1.740812 68.891350 -13.500000
v -2.091174 68.842941 49.000000
v -2.431074 68.787308 -13.500000
v -2.780102 68.721191 49.000000
v -3.115293 68.648987 -13.500000
v -3.462088 68.565170 49.000000
v -3.791767 68.476738 -13.500000
v -4.135429 68.375282 49.000000
v -4.458813 68.270981 -13.500000
v -4.798442 68.151993 49.000000
v -5.114774 68.032234 -13.500000
v -5.449473 67.895859 49.000000
v -5.758019 67.761078 -13.500000
v -6.086896 67.607529 49.000000
v -6.386949 67.458206 -13.500000
v -6.709119 67.287704 49.000000
v -7.000000 67.124359 -13.500000
v -7.314588 66.937202 49.000000
v -7.595648 66.760361 -13.500000
v -7.901791 66.556892 49.000000
v -8.172411 66.367134 -13.500000
v -8.469262 66.147720 49.000000
v -8.728857 65.945641 -13.500000
v -9.015584 65.710709 49.000000
v -9.263601 65.496933 -13.500000
v -9.539392 65.246948 49.000000
v -9.775315 65.022133 -13.500000
v -10.039379 64.757607 49.000000
v -10.262726 64.522415 -13.500000
v -10.514296 64.243896 49.000000
v -10.724622 63.999027 -13.500000
v -10.962956 63.707100 49.000000
v -11.159855 63.453262 -13.500000
v -11.384241 63.148560 49.000000
v -11.567343 62.886482 -13.500000
v -11.777098 62.569675 49.000000
v -11.946073 62.300095 -13.500000
v -12.140544 61.971886 49.000000
v -12.295102 61.695557 -13.500000
v -12.473674 61.356686 49.000000
v -12.613564 61.074371 -13.500000
v -12.775655 60.725613 49.000000
v -12.900667 60.438087 -13.500000
v -13.045732 60.080242 49.000000
v -13.155697 59.788280 -13.500000
v -13.283233 59.422188 49.000000
v -13.378019 59.126572 -13.500000
v -13.487562 58.753086 49.000000
v -13.567082 58.454605 -13.500000
v -13.658212 58.074615 49.000000
v -13.722415 57.774048 -13.500000
v -13.794754 57.388466 49.000000
v -13.843632 57.086594 -13.500000
v -13.896849 56.696350 49.000000
v -13.991069 55.500000 37.000000
v -13.964240 56.000000 49.000000
v -13.972624 55.875095 48.875095
v -13.979890 55.750118 48.750118
v -13.986038 55.625084 48.625084
v -13.991069 55.500000 48.500000
v -13.930430 56.393951 -13.500000
v -13.982597 55.697842 -13.500000
v -13.996030 55.333374 37.000000
v -13.990901 54.495327 39.903450
v -13.991027 54.498833 39.951679
v -13.991069 54.500000 40.000000
v -13.990689 54.489487 39.855381
v -13.990388 54.481304 39.807541
v -13.991069 54.500000 48.500000
v -13.989993 54.470772 39.760002
v -13.989500 54.457886 39.712849
v -13.988900 54.442631 39.666168
v -13.986038 54.374916 48.625084
v -13.988187 54.425003 39.620041
v -13.987350 54.404991 39.574570
v -13.986483 54.384937 39.534290
v -13.985602 54.365231 39.498623
v -13.984620 54.343948 39.463573
v -13.983529 54.321091 39.429199
v -13.979890 54.249882 48.750118
v -13.982322 54.296658 39.395569
v -13.980989 54.270653 39.362743
v -13.979523 54.243076 39.330795
v -13.977915 54.213936 39.299789
v -13.976154 54.183239 39.269806
v -13.972624 54.124905 48.875095
v -13.974233 54.150993 39.240913
v -13.972139 54.117207 39.213200
v -13.969864 54.081902 39.186741
v -13.967398 54.045113 39.161640
v -13.964240 54.000000 49.000000
v -13.964732 54.006901 39.137997
v -13.961862 53.967323 39.115913
v -13.958778 53.926456 39.095490
v -13.955479 53.884373 39.076824
v -13.951958 53.841171 39.059998
v -14.000000 55.000000 -13.500000
v -13.999007 55.166698 37.000000
v -14.000000 55.000000 37.000000
v -13.999007 54.833302 37.000000
v -13.996030 54.666626 37.000000
v -13.948214 53.796947 39.045105
v -13.944247 53.751812 39.032223
v -13.940060 53.705887 39.021423
v -13.935657 53.659302 39.012772
v -13.896849 53.303650 49.000000
v -13.931046 53.612202 39.006313
v -13.926234 53.564735 39.002098
v -13.922863 53.532387 39.000526
v -13.919411 53.500000 39.000000
v -13.982597 54.302158 -13.500000
v -13.991069 54.500000 37.000000
v -13.830469 52.827877 39.000000
v -13.794754 52.611534 49.000000
v -13.930430 53.606049 -13.500000
v -13.948620 53.801662 37.000000
v -13.658212 51.925385 49.000000
v -13.709092 52.160847 39.000000
v -13.843632 52.913406 -13.500000
v -13.871337 53.106319 37.000000
v -13.487562 51.246914 49.000000
v -13.555565 51.500477 39.000000
v -13.722415 52.225952 -13.500000
v -13.759412 52.415707 37.000000
v -13.283233 50.577812 49.000000
v -13.370246 50.848312 39.000000
v -13.567082 51.545395 -13.500000
v -13.613126 51.731544 37.000000
v -13.045732 49.919758 49.000000
v -13.153572 50.205883 39.000000
v -13.378019 50.873428 -13.500000
v -13.432844 51.055546 37.000000
v -12.775655 49.274387 49.000000
v -12.906050 49.574699 39.000000
v -13.155697 50.211720 -13.500000
v -13.219015 50.389400 37.000000
v -12.473674 48.643314 49.000000
v -12.628260 48.956238 39.000000
v -12.900667 49.561913 -13.500000
v -12.972175 49.734768 37.000000
v -12.140544 48.028114 49.000000
v -12.320854 48.351952 39.000000
v -12.613564 48.925629 -13.500000
v -12.692939 49.093281 37.000000
v -11.777098 47.430325 49.000000
v -11.984554 47.763256 39.000000
v -12.295102 48.304443 -13.500000
v -12.382004 48.466549 37.000000
v -11.384241 46.851440 49.000000
v -11.620147 47.191532 39.000000
v -11.946073 47.699905 -13.500000
v -12.040147 47.856133 37.000000
v -10.962956 46.292900 49.000000
v -11.228489 46.638119 39.000000
v -11.567343 47.113518 -13.500000
v -11.668222 47.263554 37.000000
v -10.514296 45.756104 49.000000
v -10.810497 46.104317 39.000000
v -11.159855 46.546738 -13.500000
v -11.267159 46.690300 37.000000
v -10.837956 46.137794 37.000000
v -10.039379 45.242393 49.000000
v -10.367152 45.591377 39.000000
v -10.724622 46.000973 -13.500000
v -10.381689 45.607422 37.000000
v -9.539392 44.753048 49.000000
v -9.899495 45.100506 37.000000
v -9.899495 45.100506 39.000000
v -10.262726 45.477581 -13.500000
v -9.775315 44.977863 -13.500000
v -9.263601 44.503063 -13.500000
v -9.015584 44.289291 49.000000
v -8.728857 44.054359 -13.500000
v -8.469262 43.852283 49.000000
v -8.172411 43.632866 -13.500000
v -7.901791 43.443111 49.000000
v -7.595648 43.239639 -13.500000
v -7.314588 43.062798 49.000000
v -7.000000 42.875645 -13.500000
v -6.709119 42.712296 49.000000
v -6.386949 42.541794 -13.500000
v -6.086896 42.392475 49.000000
v -5.758019 42.238918 -13.500000
v -5.449473 42.104137 49.000000
v -5.114774 41.967766 -13.500000
v -4.798442 41.848007 49.000000
v -4.458813 41.729019 -13.500000
v -4.135429 41.624718 49.000000
v -3.791767 41.523262 -13.500000
v -3.462088 41.434826 49.000000
v -3.115293 41.351009 -13.500000
v -2.780102 41.278809 49.000000
v -2.431074 41.212692 -13.500000
v -2.091174 41.157059 49.000000
v -1.740812 41.108650 -13.500000
v -1.397024 41.069878 49.000000
v -1.046221 41.039146 -13.500000
v -0.699385 41.017479 49.000000
v -0.349030 41.004353 -13.500000
v -0.000000 41.000000 49.000000
v 0.349030 41.004353 -13.500000
v 0.699385 41.017479 49.000000
v 1.046221 41.039146 -13.500000
v 1.397024 41.069878 49.000000
v 1.740812 41.108650 -13.500000
v 2.091174 41.157059 49.000000
v 2.431074 41.212692 -13.500000
v 2.780102 41.278809 49.000000
v 3.115293 41.351009 -13.500000
v 3.462088 41.434826 49.000000
v 3.791767 41.523262 -13.500000
v 4.135429 41.624718 49.000000
v 4.458813 41.729019 -13.500000
v 4.798442 41.848007 49.000000
v 5.114774 41.967766 -13.500000
v 5.449473 42.104137 49.000000
v 5.758019 42.238918 -13.500000
v 6.086896 42.392475 49.000000
v 6.386949 42.541794 -13.500000
v 6.709119 42.712296 49.000000
v 7.000000 42.875645 -13.500000
v 7.314588 43.062798 49.000000
v 7.595648 43.239639 -13.500000
v 7.901791 43.443111 49.000000
v 8.172411 43.632866 -13.500000
v 8.469262 43.852283 49.000000
v 8.728857 44.054359 -13.500000
v 9.015584 44.289291 49.000000
v 9.263601 44.503063 -13.500000
v 9.539392 44.753048 49.000000
v 9.775315 44.977863 -13.500000
v 10.039379 45.242393 49.000000
v 10.262726 45.477581 -13.500000
v 10.514296 45.756104 49.000000
v 10.724622 46.000973 -13.500000
v 10.962956 46.292900 49.000000
v 11.159855 46.546738 -13.500000
v 11.384241 46.851440 49.000000
v 11.567343 47.113518 -13.500000
v 11.777098 47.430325 49.000000
v 11.946073 47.699905 -13.500000
v 12.140544 48.028114 49.000000
v 12.295102 48.304443 -13.500000
v 12.473674 48.643314 49.000000
v 12.613564 48.925629 -13.500000
v 12.775655 49.274387 49.000000
v 12.900667 49.561913 -13.500000
v 13.045732 49.919758 49.000000
v 13.155697 50.211720 -13.500000
v 13.283233 50.577812 49.000000
v 13.378019 50.873428 -13.500000
v 13.487562 51.246914 49.000000
v 13.567082 51.545395 -13.500000
v 13.658212 51.925385 49.000000
v 13.722415 52.225952 -13.500000
v 13.794754 52.611534 49.000000
v 13.843632 52.913406 -13.500000
v 13.896849 53.303650 49.000000
v 13.991069 54.500000 37.000000
v 13.964240 54.000000 49.000000
v 13.972624 54.124905 48.875095
v 13.979890 54.249882 48.750118
v 13.986038 54.374916 48.625084
v 13.991069 54.500000 48.500000
v 13.930430 53.606049 -13.500000
v 13.982597 54.302158 -13.500000
v 13.996030 54.666626 37.000000
v 13.999007 54.833302 37.000000
v -15.000000 54.500000 37.000000
v -14.991664 54.500000 39.000000
v -14.991664 54.500000 37.000000
v -14.991664 54.500000 40.000000
v -15.000000 54.500000 48.500000
v -14.991626 54.498833 39.951691
v -14.991508 54.495331 39.903473
v -14.991310 54.489491 39.855415
v -14.991030 54.481316 39.807587
v -14.990662 54.470787 39.760059
v -14.990201 54.457905 39.712917
v -14.989642 54.442661 39.666245
v -14.988976 54.425037 39.620129
v -14.988196 54.405037 39.574665
v -14.987387 54.384991 39.534393
v -14.986566 54.365292 39.498730
v -14.985649 54.344017 39.463684
v -14.984632 54.321171 39.429314
v -14.983505 54.296745 39.395687
v -14.982263 54.270752 39.362862
v -14.980896 54.243187 39.330914
v -14.979396 54.214054 39.299908
v -14.977754 54.183365 39.269924
v -14.975961 54.151127 39.241032
v -14.974009 54.117348 39.213310
v -14.971886 54.082050 39.186848
v -14.969585 54.045269 39.161739
v -14.967099 54.007061 39.138088
v -14.964421 53.967484 39.115997
v -14.961545 53.926613 39.095566
v -14.958467 53.884529 39.076885
v -14.955182 53.841320 39.060051
v -14.951689 53.797085 39.045151
v -14.947988 53.751938 39.032257
v -14.944081 53.705997 39.021446
v -14.939973 53.659393 39.012783
v -14.935669 53.612270 39.006321
v -14.931180 53.564774 39.002102
v -14.928033 53.532410 39.000526
v -14.924811 53.500000 39.000000
v -15.500000 54.000000 49.000000
v -14.833549 52.771591 39.000000
v -14.706759 52.048523 39.000000
v -14.544744 51.332520 39.000000
v -14.347893 50.625305 39.000000
v -14.116676 49.928566 39.000000
v -13.851647 49.243973 39.000000
v -13.553443 48.573166 39.000000
v -13.222775 47.917755 39.000000
v -12.860438 47.279305 39.000000
v -12.467298 46.659348 39.000000
v -12.044296 46.059368 39.000000
v -11.592447 45.480801 39.000000
v -11.112833 44.925034 39.000000
v -10.606602 44.393398 39.000000
v -11.728830 44.117237 49.000000
v -11.171789 43.546131 49.000000
v -10.586973 43.003502 49.000000
v -12.256711 44.715397 49.000000
v -9.975837 42.490696 49.000000
v -12.754120 45.339130 49.000000
v -9.339899 42.008991 49.000000
v -13.219820 45.986877 49.000000
v -8.680740 41.559586 49.000000
v -13.652654 46.657036 49.000000
v -8.000000 41.143593 49.000000
v -14.051545 47.347935 49.000000
v -7.299370 40.762051 49.000000
v -14.415502 48.057861 49.000000
v -6.580594 40.415905 49.000000
v -14.743619 48.785042 49.000000
v -5.845457 40.106018 49.000000
v -15.035082 49.527679 49.000000
v -5.095787 39.833160 49.000000
v -15.289165 50.283916 49.000000
v -4.333447 39.598011 49.000000
v -15.505237 51.051880 49.000000
v -3.560335 39.401154 49.000000
v -15.682760 51.829662 49.000000
v -2.778371 39.243076 49.000000
v -15.980111 54.202465 49.000000
v -15.920492 53.406914 49.000000
v -15.821293 52.615322 49.000000
v -16.000000 55.000000 49.000000
v -1.989499 39.124172 49.000000
v -1.195681 39.044739 49.000000
v -0.398891 39.004974 49.000000
v -15.500000 56.000000 49.000000
v -15.980111 55.797535 49.000000
v -15.920492 56.593086 49.000000
v 0.398891 39.004974 49.000000
v 1.195681 39.044739 49.000000
v 1.989499 39.124172 49.000000
v -15.821293 57.384678 49.000000
v 2.778371 39.243076 49.000000
v -15.682760 58.170338 49.000000
v 3.560335 39.401154 49.000000
v -15.505237 58.948120 49.000000
v 4.333447 39.598011 49.000000
v -15.289165 59.716084 49.000000
v 5.095787 39.833160 49.000000
v -15.035082 60.472321 49.000000
v 5.845457 40.106018 49.000000
v -14.743619 61.214958 49.000000
v 6.580594 40.415905 49.000000
v -14.415502 61.942139 49.000000
v 7.299370 40.762051 49.000000
v -14.051545 62.652065 49.000000
v 8.000000 41.143593 49.000000
v -13.652654 63.342964 49.000000
v 8.680740 41.559586 49.000000
v -13.219820 64.013123 49.000000
v 9.339899 42.008991 49.000000
v -12.754120 64.660873 49.000000
v 9.975837 42.490696 49.000000
v -12.256711 65.284599 49.000000
v 10.586973 43.003502 49.000000
v -11.728830 65.882767 49.000000
v 11.171789 43.546131 49.000000
v -11.171789 66.453873 49.000000
v 11.728830 44.117237 49.000000
v -10.586973 66.996498 49.000000
v 12.256711 44.715397 49.000000
v -9.975837 67.509308 49.000000
v 12.754120 45.339130 49.000000
v -9.339899 67.991005 49.000000
v 13.219820 45.986877 49.000000
v -8.680740 68.440414 49.000000
v 13.652654 46.657036 49.000000
v -8.000000 68.856407 49.000000
v 14.051545 47.347935 49.000000
v -7.299370 69.237946 49.000000
v 14.415502 48.057861 49.000000
v -6.580594 69.584091 49.000000
v 14.743619 48.785042 49.000000
v -5.845457 69.893982 49.000000
v 15.035082 49.527679 49.000000
v -5.095787 70.166840 49.000000
v 15.289165 50.283916 49.000000
v -4.333447 70.401985 49.000000
v 15.505237 51.051880 49.000000
v -3.560335 70.598846 49.000000
v 15.682760 51.829662 49.000000
v -2.778371 70.756927 49.000000
v 15.821293 52.615322 49.000000
v -1.989499 70.875824 49.000000
v 15.920492 53.406914 49.000000
v 15.500000 54.000000 49.000000
v -1.195681 70.955261 49.000000
v 15.980111 54.202465 49.000000
v -0.398891 70.995026 49.000000
v 16.000000 55.000000 49.000000
v 0.398891 70.995026 49.000000
v 15.500000 56.000000 49.000000
v 15.980111 55.797535 49.000000
v 1.195681 70.955261 49.000000
v 15.920492 56.593086 49.000000
v 1.989499 70.875824 49.000000
v 15.821293 57.384678 49.000000
v 2.778371 70.756927 49.000000
v 15.682760 58.170338 49.000000
v 3.560335 70.598846 49.000000
v 15.505237 58.948120 49.000000
v 4.333447 70.401985 49.000000
v 15.289165 59.716084 49.000000
v 5.095787 70.166840 49.000000
v 15.035082 60.472321 49.000000
v 5.845457 69.893982 49.000000
v 14.743619 61.214958 49.000000
v 6.580594 69.584091 49.000000
v 14.415502 61.942139 49.000000
v 7.299370 69.237946 49.000000
v 14.051545 62.652065 49.000000
v 8.000000 68.856407 49.000000
v 13.652654 63.342964 49.000000
v 8.680740 68.440414 49.000000
v 13.219820 64.013123 49.000000
v 9.339899 67.991005 49.000000
v 12.754120 64.660873 49.000000
v 9.975837 67.509308 49.000000
v 12.256711 65.284599 49.000000
v 10.586973 66.996498 49.000000
v 11.728830 65.882767 49.000000
v 11.171789 66.453873 49.000000
v -10.606602 44.393398 37.000000
v 15.000000 54.500000 48.500000
v -14.951613 53.796150 37.000000
v -14.878535 53.094955 37.000000
v -14.772592 52.397972 37.000000
v -14.634015 51.706734 37.000000
v -14.463114 51.022774 37.000000
v -14.260264 50.347599 37.000000
v -14.025915 49.682697 37.000000
v -13.760584 49.029545 37.000000
v -13.464855 48.389580 37.000000
v -13.139384 47.764214 37.000000
v -12.784889 47.154835 37.000000
v -12.402153 46.562782 37.000000
v -11.992021 45.989372 37.000000
v -11.555399 45.435860 37.000000
v -11.093253 44.903481 37.000000
v 15.000000 54.500000 37.000000
v -14.999074 54.833305 37.000000
v -15.000000 55.000000 37.000000
v -14.996295 54.666634 37.000000
v 15.000000 55.000000 37.000000
v -15.000000 55.500000 37.000000
v -15.000000 55.500000 48.500000
v -2.638987 50.551376 -13.500000
v -2.513653 50.422878 -13.500000
v -2.382069 50.300789 -13.500000
v -2.757760 50.685966 -13.500000
v -2.244563 50.185406 -13.500000
v -2.869677 50.826305 -13.500000
v -2.101477 50.077023 -13.500000
v -2.974460 50.972046 -13.500000
v -1.953167 49.975906 -13.500000
v -3.071847 51.122833 -13.500000
v -1.800000 49.882309 -13.500000
v -3.161598 51.278286 -13.500000
v -1.642358 49.796463 -13.500000
v -3.243488 51.438019 -13.500000
v -1.480634 49.718578 -13.500000
v -3.317314 51.601635 -13.500000
v -1.315228 49.648853 -13.500000
v -3.382893 51.768726 -13.500000
v -1.146552 49.587463 -13.500000
v -3.440062 51.938881 -13.500000
v -0.975026 49.534554 -13.500000
v -3.488678 52.111671 -13.500000
v -0.801075 49.490261 -13.500000
v -3.528621 52.286674 -13.500000
v -0.625133 49.454693 -13.500000
v -3.559791 52.463448 -13.500000
v -0.447637 49.427940 -13.500000
v -3.582111 52.641556 -13.500000
v -0.269028 49.410065 -13.500000
v -3.595525 52.820557 -13.500000
v -0.089750 49.401119 -13.500000
v -3.600000 53.000000 -13.500000
v 0.089750 49.401119 -13.500000
v -3.595525 53.179443 -13.500000
v 0.269028 49.410065 -13.500000
v -3.582111 53.358444 -13.500000
v 0.447637 49.427940 -13.500000
v -3.559791 53.536552 -13.500000
v 0.625133 49.454693 -13.500000
v -3.528621 53.713326 -13.500000
v 0.801075 49.490261 -13.500000
v -3.488678 53.888329 -13.500000
v 0.975026 49.534554 -13.500000
v -3.440062 54.061119 -13.500000
v 1.146552 49.587463 -13.500000
v -3.382893 54.231274 -13.500000
v 1.315228 49.648853 -13.500000
v -3.317314 54.398365 -13.500000
v 1.480634 49.718578 -13.500000
v -3.243488 54.561981 -13.500000
v 1.642358 49.796463 -13.500000
v -3.161598 54.721714 -13.500000
v 1.800000 49.882309 -13.500000
v -3.071847 54.877167 -13.500000
v 1.953167 49.975906 -13.500000
v -2.974460 55.027954 -13.500000
v 2.101477 50.077023 -13.500000
v -2.869677 55.173695 -13.500000
v 2.244563 50.185406 -13.500000
v 2.382069 50.300789 -13.500000
v 2.513653 50.422878 -13.500000
v 2.638987 50.551376 -13.500000
v 2.757760 50.685966 -13.500000
v 2.869677 50.826305 -13.500000
v 2.974460 50.972046 -13.500000
v 3.071847 51.122833 -13.500000
v 3.161598 51.278286 -13.500000
v 3.243488 51.438019 -13.500000
v 3.317314 51.601635 -13.500000
v 3.382893 51.768726 -13.500000
v -2.638987 61.551376 -13.500000
v -2.513653 55.577122 -13.500000
v -2.513653 61.422878 -13.500000
v -2.638987 55.448624 -13.500000
v -2.382069 61.300789 -13.500000
v -2.382069 55.699211 -13.500000
v -2.244563 55.814594 -13.500000
v -2.757760 61.685966 -13.500000
v -2.757760 55.314034 -13.500000
v -2.244563 61.185406 -13.500000
v -2.869677 61.826305 -13.500000
v -2.101477 61.077023 -13.500000
v -2.101477 55.922977 -13.500000
v -1.953167 56.024094 -13.500000
v -2.974460 61.972046 -13.500000
v -1.953167 60.975906 -13.500000
v -3.071847 62.122833 -13.500000
v -1.800000 60.882309 -13.500000
v -1.800000 56.117691 -13.500000
v -3.161598 62.278286 -13.500000
v -1.642358 60.796463 -13.500000
v -1.642358 56.203537 -13.500000
v -1.480634 56.281422 -13.500000
v -3.243488 62.438019 -13.500000
v -1.480634 60.718578 -13.500000
v -1.315228 56.351147 -13.500000
v -3.317314 62.601635 -13.500000
v -1.315228 60.648853 -13.500000
v -1.146552 56.412537 -13.500000
v -3.382893 62.768726 -13.500000
v -1.146552 60.587463 -13.500000
v -3.440062 62.938881 -13.500000
v -0.975026 60.534554 -13.500000
v -0.975026 56.465446 -13.500000
v -0.801075 56.509739 -13.500000
v -3.488678 63.111671 -13.500000
v 3.440062 51.938881 -13.500000
v -0.801075 60.490261 -13.500000
v -0.625133 56.545307 -13.500000
v -3.528621 63.286674 -13.500000
v -0.625133 60.454693 -13.500000
v -3.559791 63.463448 -13.500000
v -0.447637 60.427940 -13.500000
v -0.447637 56.572060 -13.500000
v -0.269028 56.589935 -13.500000
v -3.582111 63.641556 -13.500000
v -0.269028 60.410065 -13.500000
v -0.089750 56.598881 -13.500000
v -3.595525 63.820557 -13.500000
v -0.089750 60.401119 -13.500000
v -3.600000 64.000000 -13.500000
v 0.089750 60.401119 -13.500000
v 0.089750 56.598881 -13.500000
v -3.595525 64.179443 -13.500000
v 3.488678 52.111671 -13.500000
v 0.269028 60.410065 -13.500000
v 0.269028 56.589935 -13.500000
v 0.447637 56.572060 -13.500000
v -3.582111 64.358444 -13.500000
v 0.447637 60.427940 -13.500000
v -3.559791 64.536552 -13.500000
v 0.625133 60.454693 -13.500000
v 0.625133 56.545307 -13.500000
v -3.528621 64.713326 -13.500000
v 0.801075 60.490261 -13.500000
v 0.801075 56.509739 -13.500000
v 0.975026 56.465446 -13.500000
v -3.488678 64.888329 -13.500000
v 0.975026 60.534554 -13.500000
v 1.146552 56.412537 -13.500000
v 3.528621 52.286674 -13.500000
v -3.440062 65.061119 -13.500000
v 1.146552 60.587463 -13.500000
v -3.382893 65.231270 -13.500000
v 1.315228 60.648853 -13.500000
v 1.315228 56.351147 -13.500000
v 1.480634 56.281422 -13.500000
v -3.317314 65.398361 -13.500000
v 1.480634 60.718578 -13.500000
v -3.243488 65.561981 -13.500000
v 1.642358 60.796463 -13.500000
v 1.642358 56.203537 -13.500000
v 3.559791 52.463448 -13.500000
v 1.800000 60.882309 -13.500000
v 1.800000 56.117691 -13.500000
v -3.161598 65.721710 -13.500000
v -3.071847 65.877167 -13.500000
v 1.953167 60.975906 -13.500000
v 1.953167 56.024094 -13.500000
v 2.101477 55.922977 -13.500000
v -2.974460 66.027954 -13.500000
v 2.101477 61.077023 -13.500000
v 3.582111 52.641556 -13.500000
v 2.244563 61.185406 -13.500000
v 2.244563 55.814594 -13.500000
v 2.382069 55.699211 -13.500000
v 2.382069 61.300789 -13.500000
v -2.869677 66.173698 -13.500000
v -2.757760 66.314034 -13.500000
v 2.513653 61.422878 -13.500000
v 2.513653 55.577122 -13.500000
v 2.638987 61.551376 -13.500000
v 2.638987 55.448624 -13.500000
v 2.757760 55.314034 -13.500000
v 3.595525 52.820557 -13.500000
v 2.757760 61.685966 -13.500000
v -2.513653 66.577118 -13.500000
v -2.382069 66.699211 -13.500000
v -2.638987 66.448624 -13.500000
v 2.869677 61.826305 -13.500000
v 2.869677 55.173695 -13.500000
v 3.600000 53.000000 -13.500000
v -2.101477 66.922974 -13.500000
v -1.953167 67.024094 -13.500000
v -2.244563 66.814590 -13.500000
v 3.595525 53.179443 -13.500000
v -1.800000 67.117691 -13.500000
v -1.642358 67.203537 -13.500000
v 3.582111 53.358444 -13.500000
v -1.315228 67.351143 -13.500000
v -1.146552 67.412537 -13.500000
v -1.480634 67.281418 -13.500000
v 3.559791 53.536552 -13.500000
v -0.801075 67.509743 -13.500000
v -0.625133 67.545311 -13.500000
v -0.975026 67.465446 -13.500000
v 3.528621 53.713326 -13.500000
v -0.269028 67.589935 -13.500000
v -0.089750 67.598877 -13.500000
v -0.447637 67.572060 -13.500000
v 3.488678 53.888329 -13.500000
v 0.447637 67.572060 -13.500000
v 0.625133 67.545311 -13.500000
v 0.269028 67.589935 -13.500000
v 0.089750 67.598877 -13.500000
v 3.440062 54.061119 -13.500000
v 0.975026 67.465446 -13.500000
v 1.146552 67.412537 -13.500000
v 0.801075 67.509743 -13.500000
v 3.382893 54.231274 -13.500000
v 1.480634 67.281418 -13.500000
v 1.642358 67.203537 -13.500000
v 1.315228 67.351143 -13.500000
v 3.317314 54.398365 -13.500000
v 1.800000 67.117691 -13.500000
v 1.953167 67.024094 -13.500000
v 3.243488 54.561981 -13.500000
v 2.244563 66.814590 -13.500000
v 2.382069 66.699211 -13.500000
v 2.101477 66.922974 -13.500000
v 3.161598 54.721714 -13.500000
v 2.638987 66.448624 -13.500000
v 2.757760 66.314034 -13.500000
v 2.513653 66.577118 -13.500000
v 3.071847 54.877167 -13.500000
v 2.869677 66.173698 -13.500000
v 2.974460 66.027954 -13.500000
v 2.974460 55.027954 -13.500000
v 3.161598 65.721710 -13.500000
v 3.243488 65.561981 -13.500000
v 3.071847 65.877167 -13.500000
v 3.317314 65.398361 -13.500000
v 3.382893 65.231270 -13.500000
v 2.974460 61.972046 -13.500000
v 3.440062 65.061119 -13.500000
v 3.488678 64.888329 -13.500000
v 3.071847 62.122833 -13.500000
v 3.528621 64.713326 -13.500000
v 3.559791 64.536552 -13.500000
v 3.161598 62.278286 -13.500000
v 3.582111 64.358444 -13.500000
v 3.595525 64.179443 -13.500000
v 3.243488 62.438019 -13.500000
v 3.600000 64.000000 -13.500000
v 3.595525 63.820557 -13.500000
v 3.317314 62.601635 -13.500000
v 3.582111 63.641556 -13.500000
v 3.382893 62.768726 -13.500000
v 3.559791 63.463448 -13.500000
v 3.528621 63.286674 -13.500000
v 3.440062 62.938881 -13.500000
v 3.488678 63.111671 -13.500000
v 14.999074 55.166695 37.000000
v 14.996295 55.333366 37.000000
v 14.991664 55.500000 37.000000
v 15.000000 55.500000 48.500000
v 14.951613 56.203850 37.000000
v 14.878535 56.905045 37.000000
v 14.772592 57.602028 37.000000
v 14.634015 58.293266 37.000000
v 14.463114 58.977226 37.000000
v 14.260264 59.652401 37.000000
v 14.025915 60.317303 37.000000
v 13.760584 60.970455 37.000000
v 13.464855 61.610420 37.000000
v 13.139384 62.235786 37.000000
v 12.784889 62.845165 37.000000
v 12.402153 63.437218 37.000000
v 11.992021 64.010628 37.000000
v 11.555399 64.564140 37.000000
v 11.093253 65.096519 37.000000
v 10.606602 65.606598 37.000000
v 15.000000 55.500000 37.000000
v 14.991664 55.500000 39.000000
v 14.991664 55.500000 40.000000
v 10.606602 65.606598 39.000000
v 14.924811 56.500000 39.000000
v 14.929533 56.452251 39.001141
v 14.934087 56.404659 39.004555
v 14.938457 56.357384 39.010223
v 14.942636 56.310589 39.018101
v 14.946614 56.264408 39.028149
v 14.950387 56.218983 39.040298
v 14.953953 56.174431 39.054482
v 14.957311 56.130859 39.070625
v 14.960463 56.088379 39.088646
v 14.963410 56.047073 39.108452
v 14.966158 56.007027 39.129955
v 14.968713 55.968311 39.153061
v 14.971081 55.930992 39.177670
v 14.973269 55.895123 39.203682
v 14.975284 55.860744 39.231007
v 14.977135 55.827904 39.259537
v 14.978831 55.796627 39.289181
v 14.980381 55.766926 39.319851
v 14.981794 55.738800 39.351482
v 14.983081 55.712250 39.384007
v 14.984247 55.687275 39.417351
v 14.985302 55.663879 39.451458
v 14.986253 55.642056 39.486256
v 14.987106 55.621807 39.521694
v 14.987869 55.603130 39.557705
v 14.988548 55.586021 39.594238
v 14.989148 55.570477 39.631237
v 14.989674 55.556492 39.668652
v 14.990130 55.544064 39.706429
v 14.990520 55.533184 39.744526
v 14.990849 55.523853 39.782890
v 14.991120 55.516064 39.821487
v 14.991334 55.509811 39.860264
v 14.991493 55.505096 39.899185
v 14.991600 55.501911 39.938217
v 14.991649 55.500477 39.969093
v 14.833549 57.228409 39.000000
v 14.706759 57.951477 39.000000
v 14.544744 58.667480 39.000000
v 14.347893 59.374695 39.000000
v 14.116676 60.071434 39.000000
v 13.851647 60.756027 39.000000
v 13.553443 61.426834 39.000000
v 13.222775 62.082245 39.000000
v 12.860438 62.720695 39.000000
v 12.467298 63.340652 39.000000
v 12.044296 63.940632 39.000000
v 11.592447 64.519196 39.000000
v 11.112833 65.074966 39.000000
v -15.000000 55.000000 39.000000
v 16.000000 55.000000 -13.500000
v 15.980111 55.797535 -13.500000
v 15.920492 56.593086 -13.500000
v 15.821293 57.384678 -13.500000
v 15.682760 58.170338 -13.500000
v 15.505237 58.948120 -13.500000
v 15.289165 59.716084 -13.500000
v 15.035082 60.472321 -13.500000
v 14.743619 61.214958 -13.500000
v 14.415502 61.942139 -13.500000
v 14.051545 62.652065 -13.500000
v 13.652654 63.342964 -13.500000
v 13.219820 64.013123 -13.500000
v 12.754120 64.660873 -13.500000
v 12.256711 65.284599 -13.500000
v 11.728830 65.882767 -13.500000
v 11.171789 66.453873 -13.500000
v 10.586973 66.996498 -13.500000
v 9.975837 67.509308 -13.500000
v 9.339899 67.991005 -13.500000
v 8.680740 68.440414 -13.500000
v 8.000000 68.856407 -13.500000
v 7.299370 69.237946 -13.500000
v 6.580594 69.584091 -13.500000
v 5.845457 69.893982 -13.500000
v 5.095787 70.166840 -13.500000
v 4.333447 70.401985 -13.500000
v 3.560335 70.598846 -13.500000
v 2.778371 70.756927 -13.500000
v 1.989499 70.875824 -13.500000
v 1.195681 70.955261 -13.500000
v 0.398891 70.995026 -13.500000
v -0.398891 70.995026 -13.500000
v -1.195681 70.955261 -13.500000
v -1.989499 70.875824 -13.500000
v -2.778371 70.756927 -13.500000
v -3.560335 70.598846 -13.500000
v -4.333447 70.401985 -13.500000
v -5.095787 70.166840 -13.500000
v -5.845457 69.893982 -13.500000
v -6.580594 69.584091 -13.500000
v -7.299370 69.237946 -13.500000
v -8.000000 68.856407 -13.500000
v -8.680740 68.440414 -13.500000
v -9.339899 67.991005 -13.500000
v -9.975837 67.509308 -13.500000
v -10.586973 66.996498 -13.500000
v -11.171789 66.453873 -13.500000
v -11.728830 65.882767 -13.500000
v -12.256711 65.284599 -13.500000
v -12.754120 64.660873 -13.500000
v -13.219820 64.013123 -13.500000
v -13.652654 63.342964 -13.500000
v -14.051545 62.652065 -13.500000
v -14.415502 61.942139 -13.500000
v -14.743619 61.214958 -13.500000
v -15.035082 60.472321 -13.500000
v -15.289165 59.716084 -13.500000
v -15.505237 58.948120 -13.500000
v -15.682760 58.170338 -13.500000
v -15.821293 57.384678 -13.500000
v -15.920492 56.593086 -13.500000
v -15.980111 55.797535 -13.500000
v -16.000000 55.000000 -13.500000
v -15.980111 54.202465 -13.500000
v -15.920492 53.406914 -13.500000
v -15.821293 52.615322 -13.500000
v -15.682760 51.829662 -13.500000
v -15.505237 51.051880 -13.500000
v -15.289165 50.283916 -13.500000
v -15.035082 49.527679 -13.500000
v -14.743619 48.785042 -13.500000
v -14.415502 48.057861 -13.500000
v -14.051545 47.347935 -13.500000
v -13.652654 46.657036 -13.500000
v -13.219820 45.986877 -13.500000
v -12.754120 45.339130 -13.500000
v -12.256711 44.715397 -13.500000
v -11.728830 44.117237 -13.500000
v -11.171789 43.546131 -13.500000
v -10.586973 43.003502 -13.500000
v -9.975837 42.490696 -13.500000
v -9.339899 42.008991 -13.500000
v -8.680740 41.559586 -13.500000
v -8.000000 41.143593 -13.500000
v -7.299370 40.762051 -13.500000
v -6.580594 40.415905 -13.500000
v -5.845457 40.106018 -13.500000
v -5.095787 39.833160 -13.500000
v -4.333447 39.598011 -13.500000
v -3.560335 39.401154 -13.500000
v -2.778371 39.243076 -13.500000
v -1.989499 39.124172 -13.500000
v -1.195681 39.044739 -13.500000
v -0.398891 39.004974 -13.500000
v 0.398891 39.004974 -13.500000
v 1.195681 39.044739 -13.500000
v 1.989499 39.124172 -13.500000
v 2.778371 39.243076 -13.500000
v 3.560335 39.401154 -13.500000
v 4.333447 39.598011 -13.500000
v 5.095787 39.833160 -13.500000
v 5.845457 40.106018 -13.500000
v 6.580594 40.415905 -13.500000
v 7.299370 40.762051 -13.500000
v 8.000000 41.143593 -13.500000
v 8.680740 41.559586 -13.500000
v 9.339899 42.008991 -13.500000
v 9.975837 42.490696 -13.500000
v 10.586973 43.003502 -13.500000
v 11.171789 43.546131 -13.500000
v 11.728830 44.117237 -13.500000
v 12.256711 44.715397 -13.500000
v 12.754120 45.339130 -13.500000
v 13.219820 45.986877 -13.500000
v 13.652654 46.657036 -13.500000
v 14.051545 47.347935 -13.500000
v 14.415502 48.057861 -13.500000
v 14.743619 48.785042 -13.500000
v 15.035082 49.527679 -13.500000
v 15.289165 50.283916 -13.500000
v 15.505237 51.051880 -13.500000
v 15.682760 51.829662 -13.500000
v 15.821293 52.615322 -13.500000
v 15.920492 53.406914 -13.500000
v 15.980111 54.202465 -13.500000
v 15.000000 55.000000 39.000000
v 3.595525 53.179443 -14.500000
v 3.600000 53.000000 -14.500000
v 3.582111 53.358444 -14.500000
v 3.559791 53.536552 -14.500000
v 3.528621 53.713326 -14.500000
v 3.488678 53.888329 -14.500000
v 3.440062 54.061119 -14.500000
v 3.382893 54.231274 -14.500000
v 3.317314 54.398365 -14.500000
v 3.243488 54.561981 -14.500000
v 3.161598 54.721714 -14.500000
v 3.071847 54.877167 -14.500000
v 2.974460 55.027954 -14.500000
v 2.869677 55.173695 -14.500000
v 2.757760 55.314034 -14.500000
v 2.638987 55.448624 -14.500000
v 2.513653 55.577122 -14.500000
v 2.382069 55.699211 -14.500000
v 2.244563 55.814594 -14.500000
v 2.101477 55.922977 -14.500000
v 1.953167 56.024094 -14.500000
v 1.800000 56.117691 -14.500000
v 1.642358 56.203537 -14.500000
v 1.480634 56.281422 -14.500000
v 1.315228 56.351147 -14.500000
v 1.146552 56.412537 -14.500000
v 0.975026 56.465446 -14.500000
v 0.801075 56.509739 -14.500000
v 0.625133 56.545307 -14.500000
v 0.447637 56.572060 -14.500000
v 0.269028 56.589935 -14.500000
v 0.089750 56.598881 -14.500000
v -0.089750 56.598881 -14.500000
v -0.269028 56.589935 -14.500000
v -0.447637 56.572060 -14.500000
v -0.625133 56.545307 -14.500000
v -0.801075 56.509739 -14.500000
v -0.975026 56.465446 -14.500000
v -1.146552 56.412537 -14.500000
v -1.315228 56.351147 -14.500000
v -1.480634 56.281422 -14.500000
v -1.642358 56.203537 -14.500000
v -1.800000 56.117691 -14.500000
v -1.953167 56.024094 -14.500000
v -2.101477 55.922977 -14.500000
v -2.244563 55.814594 -14.500000
v -2.382069 55.699211 -14.500000
v -2.513653 55.577122 -14.500000
v -2.638987 55.448624 -14.500000
v -2.757760 55.314034 -14.500000
v -2.869677 55.173695 -14.500000
v -2.974460 55.027954 -14.500000
v -3.071847 54.877167 -14.500000
v -3.161598 54.721714 -14.500000
v -3.243488 54.561981 -14.500000
v -3.317314 54.398365 -14.500000
v -3.382893 54.231274 -14.500000
v -3.440062 54.061119 -14.500000
v -3.488678 53.888329 -14.500000
v -3.528621 53.713326 -14.500000
v -3.559791 53.536552 -14.500000
v -3.582111 53.358444 -14.500000
v -3.595525 53.179443 -14.500000
v -3.600000 53.000000 -14.500000
v -3.595525 52.820557 -14.500000
v -3.582111 52.641556 -14.500000
v -3.559791 52.463448 -14.500000
v -3.528621 52.286674 -14.500000
v -3.488678 52.111671 -14.500000
v -3.440062 51.938881 -14.500000
v -3.382893 51.768726 -14.500000
v -3.317314 51.601635 -14.500000
v -3.243488 51.438019 -14.500000
v -3.161598 51.278286 -14.500000
v -3.071847 51.122833 -14.500000
v -2.974460 50.972046 -14.500000
v -2.869677 50.826305 -14.500000
v -2.757760 50.685966 -14.500000
v -2.638987 50.551376 -14.500000
v -2.513653 50.422878 -14.500000
v -2.382069 50.300789 -14.500000
v -2.244563 50.185406 -14.500000
v -2.101477 50.077023 -14.500000
v -1.953167 49.975906 -14.500000
v -1.800000 49.882309 -14.500000
v -1.642358 49.796463 -14.500000
v -1.480634 49.718578 -14.500000
v -1.315228 49.648853 -14.500000
v -1.146552 49.587463 -14.500000
v -0.975026 49.534554 -14.500000
v -0.801075 49.490261 -14.500000
v -0.625133 49.454693 -14.500000
v -0.447637 49.427940 -14.500000
v -0.269028 49.410065 -14.500000
v -0.089750 49.401119 -14.500000
v 0.089750 49.401119 -14.500000
v 0.269028 49.410065 -14.500000
v 0.447637 49.427940 -14.500000
v 0.625133 49.454693 -14.500000
v 0.801075 49.490261 -14.500000
v 0.975026 49.534554 -14.500000
v 1.146552 49.587463 -14.500000
v 1.315228 49.648853 -14.500000
v 1.480634 49.718578 -14.500000
v 1.642358 49.796463 -14.500000
v 1.800000 49.882309 -14.500000
v 1.953167 49.975906 -14.500000
v 2.101477 50.077023 -14.500000
v 2.244563 50.185406 -14.500000
v 2.382069 50.300789 -14.500000
v 2.513653 50.422878 -14.500000
v 2.638987 50.551376 -14.500000
v 2.757760 50.685966 -14.500000
v 2.869677 50.826305 -14.500000
v 2.974460 50.972046 -14.500000
v 3.071847 51.122833 -14.500000
v 3.161598 51.278286 -14.500000
v 3.243488 51.438019 -14.500000
v 3.317314 51.601635 -14.500000
v 3.382893 51.768726 -14.500000
v 3.440062 51.938881 -14.500000
v 3.488678 52.111671 -14.500000
v 3.528621 52.286674 -14.500000
v 3.559791 52.463448 -14.500000
v 3.582111 52.641556 -14.500000
v 3.595525 52.820557 -14.500000
v 3.595525 64.179443 -14.500000
v 3.600000 64.000000 -14.500000
v 3.582111 64.358444 -14.500000
v 3.559791 64.536552 -14.500000
v 3.528621 64.713326 -14.500000
v 3.488678 64.888329 -14.500000
v 3.440062 65.061119 -14.500000
v 3.382893 65.231270 -14.500000
v 3.317314 65.398361 -14.500000
v 3.243488 65.561981 -14.500000
v 3.161598 65.721710 -14.500000
v 3.071847 65.877167 -14.500000
v 2.974460 66.027954 -14.500000
v 2.869677 66.173698 -14.500000
v 2.757760 66.314034 -14.500000
v 2.638987 66.448624 -14.500000
v 2.513653 66.577118 -14.500000
v 2.382069 66.699211 -14.500000
v 2.244563 66.814590 -14.500000
v 2.101477 66.922974 -14.500000
v 1.953167 67.024094 -14.500000
v 1.800000 67.117691 -14.500000
v 1.642358 67.203537 -14.500000
v 1.480634 67.281418 -14.500000
v 1.315228 67.351143 -14.500000
v 1.146552 67.412537 -14.500000
v 0.975026 67.465446 -14.500000
v 0.801075 67.509743 -14.500000
v 0.625133 67.545311 -14.500000
v 0.447637 67.572060 -14.500000
v 0.269028 67.589935 -14.500000
v 0.089750 67.598877 -14.500000
v -0.089750 67.598877 -14.500000
v -0.269028 67.589935 -14.500000
v -0.447637 67.572060 -14.500000
v -0.625133 67.545311 -14.500000
v -0.801075 67.509743 -14.500000
v -0.975026 67.465446 -14.500000
v -1.146552 67.412537 -14.500000
v -1.315228 67.351143 -14.500000
v -1.480634 67.281418 -14.500000
v -1.642358 67.203537 -14.500000
v -1.800000 67.117691 -14.500000
v -1.953167 67.024094 -14.500000
v -2.101477 66.922974 -14.500000
v -2.244563 66.814590 -14.500000
v -2.382069 66.699211 -14.500000
v -2.513653 66.577118 -14.500000
v -2.638987 66.448624 -14.500000
v -2.757760 66.314034 -14.500000
v -2.869677 66.173698 -14.500000
v -2.974460 66.027954 -14.500000
v -3.071847 65.877167 -14.500000
v -3.161598 65.721710 -14.500000
v -3.243488 65.561981 -14.500000
v -3.317314 65.398361 -14.500000
v -3.382893 65.231270 -14.500000
v -3.440062 65.061119 -14.500000
v -3.488678 64.888329 -14.500000
v -3.528621 64.713326 -14.500000
v -3.559791 64.536552 -14.500000
v -3.582111 64.358444 -14.500000
v -3.595525 64.179443 -14.500000
v -3.600000 64.000000 -14.500000
v -3.595525 63.820557 -14.500000
v -3.582111 63.641556 -14.500000
v -3.559791 63.463448 -14.500000
v -3.528621 63.286674 -14.500000
v -3.488678 63.111671 -14.500000
v -3.440062 62.938881 -14.500000
v -3.382893 62.768726 -14.500000
v -3.317314 62.601635 -14.500000
v -3.243488 62.438019 -14.500000
v -3.161598 62.278286 -14.500000
v -3.071847 62.122833 -14.500000
v -2.974460 61.972046 -14.500000
v -2.869677 61.826305 -14.500000
v -2.757760 61.685966 -14.500000
v -2.638987 61.551376 -14.500000
v -2.513653 61.422878 -14.500000
v -2.382069 61.300789 -14.500000
v -2.244563 61.185406 -14.500000
v -2.101477 61.077023 -14.500000
v -1.953167 60.975906 -14.500000
v -1.800000 60.882309 -14.500000
v -1.642358 60.796463 -14.500000
v -1.480634 60.718578 -14.500000
v -1.315228 60.648853 -14.500000
v -1.146552 60.587463 -14.500000
v -0.975026 60.534554 -14.500000
v -0.801075 60.490261 -14.500000
v -0.625133 60.454693 -14.500000
v -0.447637 60.427940 -14.500000
v -0.269028 60.410065 -14.500000
v -0.089750 60.401119 -14.500000
v 0.089750 60.401119 -14.500000
v 0.269028 60.410065 -14.500000
v 0.447637 60.427940 -14.500000
v 0.625133 60.454693 -14.500000
v 0.801075 60.490261 -14.500000
v 0.975026 60.534554 -14.500000
v 1.146552 60.587463 -14.500000
v 1.315228 60.648853 -14.500000
v 1.480634 60.718578 -14.500000
v 1.642358 60.796463 -14.500000
v 1.800000 60.882309 -14.500000
v 1.953167 60.975906 -14.500000
v 2.101477 61.077023 -14.500000
v 2.244563 61.185406 -14.500000
v 2.382069 61.300789 -14.500000
v 2.513653 61.422878 -14.500000
v 2.638987 61.551376 -14.500000
v 2.757760 61.685966 -14.500000
v 2.869677 61.826305 -14.500000
v 2.974460 61.972046 -14.500000
v 3.071847 62.122833 -14.500000
v 3.161598 62.278286 -14.500000
v 3.243488 62.438019 -14.500000
v 3.317314 62.601635 -14.500000
v 3.382893 62.768726 -14.500000
v 3.440062 62.938881 -14.500000
v 3.488678 63.111671 -14.500000
v 3.528621 63.286674 -14.500000
v 3.559791 63.463448 -14.500000
v 3.582111 63.641556 -14.500000
v 3.595525 63.820557 -14.500000
v 16.000000 55.000000 -14.500000
v 15.980111 55.797535 -14.500000
v 15.920492 56.593086 -14.500000
v 15.821293 57.384678 -14.500000
v 15.682760 58.170338 -14.500000
v 15.505237 58.948120 -14.500000
v 15.289165 59.716084 -14.500000
v 15.035082 60.472321 -14.500000
v 14.743619 61.214958 -14.500000
v 14.415502 61.942139 -14.500000
v 14.051545 62.652065 -14.500000
v 13.652654 63.342964 -14.500000
v 13.219820 64.013123 -14.500000
v 12.754120 64.660873 -14.500000
v 12.256711 65.284599 -14.500000
v 11.728830 65.882767 -14.500000
v 11.171789 66.453873 -14.500000
v 10.586973 66.996498 -14.500000
v 9.975837 67.509308 -14.500000
v 9.339899 67.991005 -14.500000
v 8.680740 68.440414 -14.500000
v 8.000000 68.856407 -14.500000
v 7.299370 69.237946 -14.500000
v 6.580594 69.584091 -14.500000
v 5.845457 69.893982 -14.500000
v 5.095787 70.166840 -14.500000
v 4.333447 70.401985 -14.500000
v 3.560335 70.598846 -14.500000
v 2.778371 70.756927 -14.500000
v 1.989499 70.875824 -14.500000
v 1.195681 70.955261 -14.500000
v 0.398891 70.995026 -14.500000
v -0.398891 70.995026 -14.500000
v -1.195681 70.955261 -14.500000
v -1.989499 70.875824 -14.500000
v -2.778371 70.756927 -14.500000
v -3.560335 70.598846 -14.500000
v -4.333447 70.401985 -14.500000
v -5.095787 70.166840 -14.500000
v -5.845457 69.893982 -14.500000
v -6.580594 69.584091 -14.500000
v -7.299370 69.237946 -14.500000
v -8.000000 68.856407 -14.500000
v -8.680740 68.440414 -14.500000
v -9.339899 67.991005 -14.500000
v -9.975837 67.509308 -14.500000
v -10.586973 66.996498 -14.500000
v -11.171789 66.453873 -14.500000
v -11.728830 65.882767 -14.500000
v -12.256711 65.284599 -14.500000
v -12.754120 64.660873 -14.500000
v -13.219820 64.013123 -14.500000
v -13.652654 63.342964 -14.500000
v -14.051545 62.652065 -14.500000
v -14.415502 61.942139 -14.500000
v -14.743619 61.214958 -14.500000
v -15.035082 60.472321 -14.500000
v -15.289165 59.716084 -14.500000
v -15.505237 58.948120 -14.500000
v -15.682760 58.170338 -14.500000
v -15.821293 57.384678 -14.500000
v -15.920492 56.593086 -14.500000
v -15.980111 55.797535 -14.500000
v -16.000000 55.000000 -14.500000
v -15.980111 54.202465 -14.500000
v -15.920492 53.406914 -14.500000
v -15.821293 52.615322 -14.500000
v -15.682760 51.829662 -14.500000
v -15.505237 51.051880 -14.500000
v -15.289165 50.283916 -14.500000
v -15.035082 49.527679 -14.500000
v -14.743619 48.785042 -14.500000
v -14.415502 48.057861 -14.500000
v -14.051545 47.347935 -14.500000
v -13.652654 46.657036 -14.500000
v -13.219820 45.986877 -14.500000
v -12.754120 45.339130 -14.500000
v -12.256711 44.715397 -14.500000
v -11.728830 44.117237 -14.500000
v -11.171789 43.546131 -14.500000
v -10.586973 43.003502 -14.500000
v -9.975837 42.490696 -14.500000
v -9.339899 42.008991 -14.500000
v -8.680740 41.559586 -14.500000
v -8.000000 41.143593 -14.500000
v -7.299370 40.762051 -14.500000
v -6.580594 40.415905 -14.500000
v -5.845457 40.106018 -14.500000
v -5.095787 39.833160 -14.500000
v -4.333447 39.598011 -14.500000
v -3.560335 39.401154 -14.500000
v -2.778371 39.243076 -14.500000
v -1.989499 39.124172 -14.500000
v -1.195681 39.044739 -14.500000
v -0.398891 39.004974 -14.500000
v 0.398891 39.004974 -14.500000
v 1.195681 39.044739 -14.500000
v 1.989499 39.124172 -14.500000
v 2.778371 39.243076 -14.500000
v 3.560335 39.401154 -14.500000
v 4.333447 39.598011 -14.500000
v 5.095787 39.833160 -14.500000
v 5.845457 40.106018 -14.500000
v 6.580594 40.415905 -14.500000
v 7.299370 40.762051 -14.500000
v 8.000000 41.143593 -14.500000
v 8.680740 41.559586 -14.500000
v 9.339899 42.008991 -14.500000
v 9.975837 42.490696 -14.500000
v 10.586973 43.003502 -14.500000
v 11.171789 43.546131 -14.500000
v 11.728830 44.117237 -14.500000
v 12.256711 44.715397 -14.500000
v 12.754120 45.339130 -14.500000
v 13.219820 45.986877 -14.500000
v 13.652654 46.657036 -14.500000
v 14.051545 47.347935 -14.500000
v 14.415502 48.057861 -14.500000
v 14.743619 48.785042 -14.500000
v 15.035082 49.527679 -14.500000
v 15.289165 50.283916 -14.500000
v 15.505237 51.051880 -14.500000
v 15.682760 51.829662 -14.500000
v 15.821293 52.615322 -14.500000
v 15.920492 53.406914 -14.500000
v 15.980111 54.202465 -14.500000
vn -0.999358 -0.035834 0.000002
vn -0.999355 -0.035905 0.000000
vn -0.999327 -0.036676 -0.000039
vn -0.999319 -0.036900 -0.000055
vn -0.999282 -0.037884 -0.000143
vn -0.999331 -0.036580 0.000000
vn -0.999286 -0.037788 -0.000003
vn -0.999260 -0.038460 -0.000006
vn -0.999226 -0.039341 -0.000010
vn -0.999193 -0.040170 -0.000016
vn -0.999188 -0.040287 -0.000015
vn -0.999146 -0.041324 -0.000008
vn -0.999098 -0.042471 -0.000003
vn -0.999042 -0.043752 -0.000000
vn -0.998980 -0.045151 0.000000
vn -0.998911 -0.046651 -0.000003
vn -0.998834 -0.048279 -0.000010
vn -0.998794 -0.049099 -0.000015
vn -0.998749 -0.049995 -0.000009
vn -0.998655 -0.051849 -0.000002
vn -0.998553 -0.053786 0.000001
vn -0.998440 -0.055835 -0.000003
vn -0.998315 -0.058027 -0.000014
vn -0.998314 -0.058048 -0.000014
vn -0.998180 -0.060302 -0.000003
vn -0.998031 -0.062729 0.000001
vn -0.997756 -0.066956 -0.000014
vn -0.997871 -0.065221 -0.000004
vn -0.997694 -0.067868 -0.000008
vn -0.997507 -0.070562 0.000001
vn -0.997305 -0.073364 -0.000001
vn -0.997086 -0.076283 -0.000015
vn -0.996851 -0.079292 -0.000042
vn -0.996602 -0.082368 -0.000083
vn -0.999840 -0.017860 0.000039
vn -0.999982 -0.005955 0.000000
vn -0.996334 -0.085547 -0.000139
vn -0.996054 -0.088743 -0.000210
vn -0.995755 -0.092041 -0.000298
vn -0.995443 -0.095354 -0.000402
vn -0.995350 -0.096328 -0.000437
vn -0.994781 -0.102037 -0.000257
vn -0.995117 -0.098703 -0.000356
vn -0.994424 -0.105456 -0.000173
vn -0.999557 -0.029760 0.000051
vn -0.999689 -0.024930 0.000086
vn -0.989295 -0.145932 -0.000376
vn -0.997204 -0.074731 0.000070
vn -0.980769 -0.195171 -0.000395
vn -0.992239 -0.124343 0.000069
vn -0.969794 -0.243924 -0.000410
vn -0.984808 -0.173648 0.000069
vn -0.956399 -0.292064 -0.000422
vn -0.974928 -0.222521 0.000069
vn -0.940613 -0.339479 -0.000430
vn -0.962624 -0.270842 0.000068
vn -0.922480 -0.386044 -0.000435
vn -0.947927 -0.318487 0.000068
vn -0.902043 -0.431646 -0.000437
vn -0.930874 -0.365340 0.000068
vn -0.879354 -0.476169 -0.000436
vn -0.911506 -0.411288 0.000067
vn -0.854469 -0.519503 -0.000431
vn -0.889872 -0.456210 0.000067
vn -0.827448 -0.561543 -0.000422
vn -0.866026 -0.499999 0.000066
vn -0.798364 -0.602174 -0.000411
vn -0.840026 -0.542547 0.000066
vn -0.767285 -0.641306 -0.000396
vn -0.789715 -0.613473 -0.000066
vn -0.811938 -0.583744 0.000066
vn -0.734288 -0.678838 -0.000378
vn -0.758081 -0.652160 -0.000066
vn -0.781831 -0.623490 0.000065
vn -0.694351 -0.719636 0.000000
vn -0.699458 -0.714674 -0.000356
vn -0.724557 -0.689215 -0.000065
vn -0.749779 -0.661689 0.000065
vn -0.715867 -0.698237 0.000065
vn -0.691544 -0.722335 0.000162
vn -0.680172 -0.733053 -0.000108
vn -0.662888 -0.748719 -0.000070
vn -0.642791 -0.766042 0.000069
vn -0.624655 -0.780901 -0.000070
vn -0.603806 -0.797131 0.000069
vn -0.584862 -0.811132 -0.000070
vn -0.563316 -0.826241 0.000069
vn -0.543609 -0.839339 -0.000070
vn -0.521441 -0.853287 0.000069
vn -0.501001 -0.865446 -0.000070
vn -0.478251 -0.878223 0.000069
vn -0.457149 -0.889390 -0.000070
vn -0.433878 -0.900972 0.000070
vn -0.412135 -0.911123 -0.000070
vn -0.388442 -0.921473 0.000070
vn -0.366113 -0.930570 -0.000070
vn -0.342016 -0.939694 0.000070
vn -0.319166 -0.947699 -0.000070
vn -0.294756 -0.955573 0.000070
vn -0.271422 -0.962460 -0.000070
vn -0.246754 -0.969078 0.000070
vn -0.223013 -0.974815 -0.000070
vn -0.174027 -0.984741 -0.000070
vn -0.198150 -0.980172 0.000070
vn -0.124615 -0.992205 -0.000070
vn -0.149045 -0.988830 0.000070
vn -0.099567 -0.995031 0.000070
vn -0.074898 -0.997191 -0.000070
vn -0.024984 -0.999688 -0.000070
vn -0.049849 -0.998757 0.000070
vn 0.024984 -0.999688 -0.000070
vn 0.000000 -1.000000 0.000070
vn 0.074898 -0.997191 -0.000070
vn 0.049849 -0.998757 0.000070
vn 0.124615 -0.992205 -0.000070
vn 0.099567 -0.995031 0.000070
vn 0.174027 -0.984741 -0.000070
vn 0.149045 -0.988830 0.000070
vn 0.223013 -0.974815 -0.000070
vn 0.198150 -0.980172 0.000070
vn 0.271422 -0.962460 -0.000070
vn 0.246754 -0.969078 0.000070
vn 0.319166 -0.947699 -0.000070
vn 0.294756 -0.955573 0.000070
vn 0.366113 -0.930570 -0.000070
vn 0.342016 -0.939694 0.000070
vn 0.412135 -0.911123 -0.000070
vn 0.388442 -0.921473 0.000070
vn 0.457149 -0.889390 -0.000070
vn 0.433878 -0.900972 0.000070
vn 0.501001 -0.865446 -0.000070
vn 0.478251 -0.878223 0.000069
vn 0.543609 -0.839339 -0.000070
vn 0.521441 -0.853287 0.000069
vn 0.584862 -0.811132 -0.000070
vn 0.563316 -0.826241 0.000069
vn 0.624655 -0.780901 -0.000070
vn 0.603806 -0.797131 0.000069
vn 0.662888 -0.748719 -0.000070
vn 0.642791 -0.766042 0.000069
vn 0.699458 -0.714674 -0.000070
vn 0.680172 -0.733053 0.000069
vn 0.734288 -0.678838 -0.000070
vn 0.715867 -0.698237 0.000069
vn 0.767285 -0.641306 -0.000070
vn 0.749779 -0.661689 0.000069
vn 0.798365 -0.602174 -0.000069
vn 0.781831 -0.623490 0.000069
vn 0.827448 -0.561543 -0.000069
vn 0.811938 -0.583744 0.000069
vn 0.854469 -0.519503 -0.000069
vn 0.840026 -0.542547 0.000069
vn 0.879354 -0.476169 -0.000069
vn 0.866026 -0.499999 0.000069
vn 0.902043 -0.431646 -0.000069
vn 0.889872 -0.456210 0.000069
vn 0.911506 -0.411288 0.000069
vn 0.922480 -0.386044 -0.000069
vn 0.930874 -0.365340 0.000069
vn 0.940614 -0.339479 -0.000069
vn 0.947927 -0.318487 0.000069
vn 0.956399 -0.292064 -0.000069
vn 0.962624 -0.270842 0.000069
vn 0.969794 -0.243924 -0.000069
vn 0.974928 -0.222521 0.000069
vn 0.980769 -0.195171 -0.000069
vn 0.984808 -0.173648 0.000069
vn 0.989295 -0.145932 -0.000069
vn 0.997716 -0.067552 0.000584
vn 0.998297 -0.058332 0.000292
vn 0.998788 -0.049211 0.000097
vn 0.999192 -0.040186 0.000000
vn 0.992239 -0.124343 0.000068
vn 0.998329 -0.057787 0.000176
vn 0.995350 -0.096328 -0.000069
vn 0.997204 -0.074731 -0.000125
vn 0.999557 -0.029760 0.000051
vn 0.999357 0.035866 0.000001
vn 0.999336 0.036447 -0.000027
vn 0.999337 0.036397 0.000000
vn 0.999303 0.037341 -0.000092
vn 0.999298 0.037471 -0.000002
vn 0.999268 0.038252 -0.000005
vn 0.999193 0.040170 -0.000016
vn 0.999227 0.039323 -0.000010
vn 0.999181 0.040469 -0.000013
vn 0.999127 0.041771 -0.000006
vn 0.999065 0.043238 -0.000001
vn 0.999004 0.044622 0.000000
vn 0.998936 0.046108 -0.000001
vn 0.998794 0.049099 -0.000015
vn 0.998862 0.047686 -0.000007
vn 0.998780 0.049372 -0.000013
vn 0.998688 0.051206 -0.000004
vn 0.998590 0.053078 0.000001
vn 0.998481 0.055095 -0.000001
vn 0.998315 0.058027 -0.000015
vn 0.998359 0.057265 -0.000009
vn 0.998229 0.059494 -0.000006
vn 0.998086 0.061837 0.000001
vn 0.997929 0.064319 -0.000001
vn 0.997756 0.066957 -0.000013
vn 0.997760 0.066895 -0.000013
vn 0.997576 0.069588 -0.000001
vn 0.997380 0.072340 0.000001
vn 0.997166 0.075236 -0.000009
vn 0.996939 0.078182 -0.000031
vn 0.996693 0.081258 -0.000067
vn 0.999982 -0.005955 0.000000
vn 0.999840 -0.017860 0.000039
vn 0.999689 -0.024930 0.000086
vn 0.999840 0.017860 0.000039
vn 0.999982 0.005955 -0.000000
vn 0.996432 0.084401 -0.000117
vn 0.996157 0.087591 -0.000183
vn 0.995863 0.090868 -0.000265
vn 0.995557 0.094165 -0.000363
vn 0.995237 0.097486 -0.000396
vn 0.994899 0.100871 -0.000290
vn 0.994612 0.103665 -0.000216
vn 0.995350 0.096328 -0.000437
vn 0.994366 0.105998 -0.000162
vn 0.999689 0.024930 0.000086
vn 0.999557 0.029760 0.000051
vn 0.989295 0.145932 -0.000376
vn 0.997204 0.074731 0.000070
vn 0.980769 0.195171 -0.000395
vn 0.992239 0.124343 0.000069
vn 0.969794 0.243924 -0.000410
vn 0.984808 0.173648 0.000069
vn 0.956399 0.292064 -0.000422
vn 0.974928 0.222521 0.000069
vn 0.940613 0.339479 -0.000430
vn 0.962624 0.270842 0.000068
vn 0.922480 0.386044 -0.000435
vn 0.947927 0.318487 0.000068
vn 0.902043 0.431646 -0.000437
vn 0.930874 0.365340 0.000068
vn 0.879354 0.476169 -0.000436
vn 0.911506 0.411288 0.000067
vn 0.854469 0.519503 -0.000431
vn 0.889872 0.456210 0.000067
vn 0.827448 0.561543 -0.000422
vn 0.866026 0.499999 0.000066
vn 0.798364 0.602174 -0.000411
vn 0.840026 0.542547 0.000066
vn 0.767285 0.641306 -0.000396
vn 0.789715 0.613473 -0.000066
vn 0.811938 0.583744 0.000066
vn 0.734288 0.678838 -0.000378
vn 0.758081 0.652160 -0.000066
vn 0.781831 0.623490 0.000065
vn 0.694359 0.719629 0.000000
vn 0.699461 0.714671 -0.000356
vn 0.724554 0.689218 -0.000065
vn 0.749781 0.661686 0.000065
vn 0.715867 0.698237 0.000065
vn 0.662885 0.748722 -0.000070
vn 0.691551 0.722328 0.000162
vn 0.680172 0.733053 -0.000108
vn 0.624652 0.780903 -0.000070
vn 0.642788 0.766044 0.000069
vn 0.584862 0.811132 -0.000070
vn 0.603806 0.797131 0.000069
vn 0.543613 0.839336 -0.000070
vn 0.563316 0.826241 0.000069
vn 0.501001 0.865446 -0.000070
vn 0.521437 0.853290 0.000069
vn 0.478255 0.878221 0.000069
vn 0.457145 0.889392 -0.000070
vn 0.433883 0.900969 0.000070
vn 0.412144 0.911119 -0.000070
vn 0.388437 0.921475 0.000070
vn 0.366108 0.930572 -0.000070
vn 0.342016 0.939694 0.000070
vn 0.319166 0.947699 -0.000070
vn 0.294756 0.955573 0.000070
vn 0.271427 0.962459 -0.000070
vn 0.246759 0.969077 0.000070
vn 0.223008 0.974817 -0.000070
vn 0.198145 0.980173 0.000070
vn 0.174027 0.984741 -0.000070
vn 0.149045 0.988830 0.000070
vn 0.124615 0.992205 -0.000070
vn 0.074898 0.997191 -0.000070
vn 0.099567 0.995031 0.000070
vn 0.024984 0.999688 -0.000070
vn 0.049844 0.998757 0.000070
vn -0.024984 0.999688 -0.000070
vn 0.000000 1.000000 0.000070
vn -0.074898 0.997191 -0.000070
vn -0.049844 0.998757 0.000070
vn -0.124615 0.992205 -0.000070
vn -0.099567 0.995031 0.000070
vn -0.174027 0.984741 -0.000070
vn -0.149045 0.988830 0.000070
vn -0.223008 0.974817 -0.000070
vn -0.198145 0.980173 0.000070
vn -0.271427 0.962459 -0.000070
vn -0.246759 0.969077 0.000070
vn -0.319166 0.947699 -0.000070
vn -0.294756 0.955573 0.000070
vn -0.366108 0.930572 -0.000070
vn -0.342016 0.939694 0.000070
vn -0.412144 0.911119 -0.000070
vn -0.388437 0.921475 0.000070
vn -0.457145 0.889392 -0.000070
vn -0.433883 0.900969 0.000070
vn -0.501001 0.865446 -0.000070
vn -0.478255 0.878221 0.000069
vn -0.543613 0.839336 -0.000070
vn -0.521437 0.853290 0.000069
vn -0.584862 0.811132 -0.000070
vn -0.563316 0.826241 0.000069
vn -0.624652 0.780903 -0.000070
vn -0.603806 0.797131 0.000069
vn -0.662885 0.748722 -0.000070
vn -0.642788 0.766044 0.000069
vn -0.680172 0.733053 0.000069
vn -0.699461 0.714671 -0.000070
vn -0.715867 0.698237 0.000069
vn -0.734288 0.678838 -0.000070
vn -0.749781 0.661686 0.000069
vn -0.767285 0.641306 -0.000070
vn -0.781831 0.623490 0.000069
vn -0.798365 0.602174 -0.000069
vn -0.811938 0.583744 0.000069
vn -0.827448 0.561543 -0.000069
vn -0.840026 0.542547 0.000069
vn -0.854469 0.519503 -0.000069
vn -0.866026 0.499999 0.000069
vn -0.879354 0.476169 -0.000069
vn -0.889872 0.456210 0.000069
vn -0.902043 0.431646 -0.000069
vn -0.911506 0.411288 0.000069
vn -0.922480 0.386044 -0.000069
vn -0.930874 0.365340 0.000069
vn -0.940614 0.339479 -0.000069
vn -0.947927 0.318487 0.000069
vn -0.956399 0.292064 -0.000069
vn -0.962624 0.270842 0.000069
vn -0.969794 0.243924 -0.000069
vn -0.974928 0.222521 0.000069
vn -0.980769 0.195171 -0.000069
vn -0.984808 0.173648 0.000069
vn -0.989295 0.145932 -0.000069
vn -0.997716 0.067552 0.000584
vn -0.998297 0.058332 0.000292
vn -0.998788 0.049211 0.000097
vn -0.999192 0.040186 0.000000
vn -0.992239 0.124343 0.000068
vn -0.998329 0.057787 0.000176
vn -0.995350 0.096328 -0.000069
vn -0.997204 0.074731 -0.000125
vn -0.999557 0.029760 0.000051
vn -0.999982 0.005955 0.000000
vn -0.999840 0.017860 0.000039
vn -0.999689 0.024930 0.000086
vn -0.819375 -0.573257 -0.000066
vn -0.846993 -0.531604 -0.000067
vn -0.872492 -0.488629 -0.000067
vn -0.895813 -0.444432 -0.000067
vn -0.916898 -0.399121 -0.000068
vn -0.935692 -0.352819 -0.000068
vn -0.952149 -0.305635 -0.000069
vn -0.966229 -0.257683 -0.000069
vn -0.977896 -0.209092 -0.000069
vn -0.987120 -0.159979 -0.000070
vn -0.993880 -0.110463 -0.000070
vn -0.998158 -0.060674 -0.000070
vn -0.724022 -0.689776 0.000341
vn -0.756566 -0.653917 0.000361
vn -0.787338 -0.616522 0.000377
vn -0.816263 -0.577680 0.000390
vn -0.843272 -0.537488 0.000400
vn -0.868305 -0.496030 0.000407
vn -0.891301 -0.453412 0.000410
vn -0.912207 -0.409730 0.000410
vn -0.930973 -0.365087 0.000406
vn -0.947558 -0.319585 0.000400
vn -0.961918 -0.273338 0.000390
vn -0.974023 -0.226448 0.000376
vn -0.983844 -0.179026 0.000359
vn -0.991358 -0.131186 0.000339
vn 0.819375 0.573257 -0.000066
vn 0.846993 0.531604 -0.000067
vn 0.872492 0.488629 -0.000067
vn 0.895813 0.444432 -0.000067
vn 0.916898 0.399121 -0.000068
vn 0.935692 0.352819 -0.000068
vn 0.952149 0.305635 -0.000069
vn 0.966229 0.257683 -0.000069
vn 0.977896 0.209092 -0.000069
vn 0.987120 0.159979 -0.000070
vn 0.993880 0.110463 -0.000070
vn 0.998158 0.060674 -0.000070
vn 0.724020 0.689779 0.000341
vn 0.756566 0.653917 0.000361
vn 0.787338 0.616522 0.000377
vn 0.816263 0.577680 0.000390
vn 0.843272 0.537488 0.000400
vn 0.868305 0.496030 0.000407
vn 0.891301 0.453412 0.000410
vn 0.912207 0.409730 0.000410
vn 0.930973 0.365087 0.000406
vn 0.947558 0.319585 0.000400
vn 0.961918 0.273338 0.000390
vn 0.974023 0.226448 0.000376
vn 0.983844 0.179026 0.000359
vn 0.991358 0.131186 0.000339
vn 0.000000 1.000000 0.000000
vn 0.000000 1.000000 0.000000
vn -0.000000 1.000000 0.000000
vn 0.000000 1.000000 0.000000
vn 0.000000 1.000000 -0.000000
vn -0.000000 0.999708 -0.024150
vn 0.000000 0.999708 -0.024156
vn 0.000002 0.997369 -0.072497
vn -0.000001 0.997373 -0.072436
vn -0.000000 0.992700 -0.120611
vn 0.000001 0.992696 -0.120640
vn 0.000004 0.985686 -0.168591
vn -0.000002 0.985706 -0.168477
vn 0.000003 0.976325 -0.216308
vn 0.000001 0.976331 -0.216283
vn 0.000000 0.964629 -0.263613
vn -0.000000 0.964632 -0.263600
vn -0.000003 0.950585 -0.310465
vn 0.000005 0.950531 -0.310629
vn 0.000001 0.934110 -0.356985
vn 0.000001 0.934114 -0.356975
vn 0.000003 0.915281 -0.402816
vn -0.000004 0.915341 -0.402680
vn -0.000002 0.895223 -0.445619
vn 0.000002 0.895189 -0.445687
vn 0.000002 0.875285 -0.483607
vn -0.000003 0.875343 -0.483503
vn 0.000001 0.854764 -0.519017
vn -0.000003 0.854821 -0.518922
vn 0.000003 0.832704 -0.553719
vn -0.000004 0.832803 -0.553569
vn 0.000001 0.809026 -0.587773
vn -0.000002 0.809081 -0.587697
vn 0.000004 0.783837 -0.620966
vn -0.000005 0.783970 -0.620799
vn 0.000006 0.757000 -0.653415
vn -0.000002 0.757134 -0.653260
vn 0.000005 0.728687 -0.684847
vn -0.000000 0.728776 -0.684752
vn 0.000003 0.698746 -0.715370
vn -0.000002 0.698835 -0.715283
vn 0.000001 0.667323 -0.744769
vn -0.000004 0.667410 -0.744690
vn 0.000004 0.634198 -0.773171
vn -0.000007 0.634387 -0.773015
vn 0.000004 0.599710 -0.800218
vn -0.000004 0.599848 -0.800114
vn 0.000006 0.563603 -0.826046
vn -0.000004 0.563799 -0.825912
vn 0.000006 0.526171 -0.850379
vn -0.000002 0.526331 -0.850280
vn 0.000005 0.487257 -0.873258
vn -0.000002 0.487385 -0.873187
vn 0.000002 0.447047 -0.894511
vn -0.000003 0.447147 -0.894461
vn 0.000008 0.405439 -0.914122
vn -0.000006 0.405715 -0.913999
vn 0.000004 0.362935 -0.931815
vn -0.000000 0.363022 -0.931781
vn 0.000000 0.319145 -0.947706
vn -0.000003 0.319217 -0.947682
vn 0.000002 0.274453 -0.961600
vn -0.000006 0.274613 -0.961555
vn 0.000003 0.228909 -0.973448
vn -0.000005 0.229066 -0.973411
vn 0.000005 0.182597 -0.983188
vn -0.000002 0.182758 -0.983158
vn 0.000001 0.135861 -0.990728
vn 0.000002 0.135847 -0.990730
vn -0.000002 0.088480 -0.996078
vn -0.000000 0.088457 -0.996080
vn -0.000002 0.048622 -0.998817
vn 0.000001 0.048528 -0.998822
vn 0.000000 0.016241 -0.999868
vn 0.000000 0.016252 -0.999868
vn 0.000000 0.707107 0.707107
vn 0.000000 0.707107 0.707107
vn 0.000000 0.707107 0.707107
vn 0.000000 0.707107 0.707107
vn 0.000000 0.707107 0.707107
vn -0.000000 0.000000 -1.000000
vn 0.000000 0.000000 -1.000000
vn -0.000000 0.000000 -1.000000
vn 0.000000 0.000000 -1.000000
vn -0.000000 0.000000 -1.000000
vn -0.000000 0.000000 -1.000000
vn 0.000000 0.000000 -1.000000
vn -0.000000 0.000000 -1.000000
vn 0.000000 0.000000 -1.000000
vn -0.000000 0.000000 -1.000000
vn 0.000000 0.000000 -1.000000
vn -0.000000 0.000000 -1.000000
vn 0.000000 0.000000 -1.000000
vn -0.000000 0.000000 -1.000000
vn 0.000000 0.000000 -1.000000
vn -0.000000 0.000000 -1.000000
vn 0.000000 0.000000 -1.000000
vn -0.000000 0.000000 -1.000000
vn 0.000000 0.000000 -1.000000
vn -0.000000 0.000000 -1.000000
vn 0.000000 0.000000 -1.000000
vn -0.000000 0.000000 -1.000000
vn 0.000000 0.000000 -1.000000
vn -0.000000 0.000000 -1.000000
vn 0.000000 0.000000 -1.000000
vn -0.000000 0.000000 -1.000000
vn 0.000000 0.000000 -1.000000
vn 0.000000 0.000000 -1.000000
vn 0.000000 0.000000 1.000000
vn 0.000000 0.000000 1.000000
vn 0.000000 0.000000 1.000000
vn 0.000000 0.000000 1.000000
vn 0.000000 0.000000 1.000000
vn 0.000000 0.000000 1.000000
vn 0.000000 0.000000 1.000000
vn 0.000000 0.000000 1.000000
vn 0.000000 0.000000 1.000000
vn 0.000000 0.000000 1.000000
vn 0.000000 0.000000 1.000000
vn 0.000000 0.000000 1.000000
vn 0.000000 0.000000 1.000000
vn 0.000000 0.000000 1.000000
vn 0.000000 0.000000 1.000000
vn 0.000000 0.000000 1.000000
vn 0.000000 0.000000 1.000000
vn 0.000000 0.000000 1.000000
vn 0.000000 0.000000 1.000000
vn 0.000000 0.000000 1.000000
vn 0.000000 0.000000 1.000000
vn 0.000000 0.000000 1.000000
vn 0.000000 0.000000 1.000000
vn 0.000000 0.000000 1.000000
vn 0.000000 0.000000 1.000000
vn 0.000000 0.000000 1.000000
vn 0.000000 0.000000 1.000000
vn 0.000000 0.000000 1.000000
vn 0.000000 0.000000 1.000000
vn 0.000000 0.000000 1.000000
vn 0.000000 0.000000 1.000000
vn 0.000000 0.000000 1.000000
vn 0.000000 0.000000 1.000000
vn 0.000000 0.000000 1.000000
vn 0.000000 0.000000 1.000000
vn 0.000000 0.000000 1.000000
vn 0.000000 0.000000 1.000000
vn 0.000000 0.000000 1.000000
vn 0.000000 0.000000 1.000000
vn 0.000000 0.000000 1.000000
vn 0.000000 0.000000 1.000000
vn 0.000000 0.000000 1.000000
vn 0.000000 0.000000 1.000000
vn 0.000000 0.000000 1.000000
vn 0.000000 0.000000 1.000000
vn 0.000000 0.000000 1.000000
vn 0.000000 0.000000 1.000000
vn 0.000000 0.000000 1.000000
vn 0.000000 0.000000 1.000000
vn 0.000000 0.000000 1.000000
vn 0.000000 0.000000 1.000000
vn 0.000000 0.000000 1.000000
vn 0.000000 0.000000 1.000000
vn 0.000000 0.000000 1.000000
vn 0.000000 0.000000 1.000000
vn 0.000000 0.000000 1.000000
vn 0.000000 0.000000 1.000000
vn 0.000000 0.000000 1.000000
vn 0.000000 0.000000 1.000000
vn 0.000000 0.000000 1.000000
vn 0.000000 0.000000 1.000000
vn 0.000000 0.000000 1.000000
vn 0.000000 0.000000 1.000000
vn 0.000000 0.000000 1.000000
vn 0.000000 0.000000 1.000000
vn 0.000000 0.000000 1.000000
vn 0.000000 0.000000 1.000000
vn 0.000000 0.000000 1.000000
vn 0.000000 0.000000 1.000000
vn 0.000000 0.000000 1.000000
vn 0.000000 0.000000 1.000000
vn 0.000000 0.000000 1.000000
vn 0.000000 0.000000 1.000000
vn 0.000000 0.000000 1.000000
vn 0.000000 0.000000 1.000000
vn 0.000000 0.000000 1.000000
vn 0.000000 0.000000 1.000000
vn 0.000000 0.000000 1.000000
vn 0.000000 0.000000 1.000000
vn 0.000000 0.000000 1.000000
vn 0.000000 0.000000 1.000000
vn 0.000000 0.000000 1.000000
vn 0.000000 0.000000 1.000000
vn 0.000000 0.000000 1.000000
vn 0.000000 0.000000 1.000000
vn 0.000000 0.000000 1.000000
vn 0.000000 0.000000 1.000000
vn 0.000000 0.000000 1.000000
vn 0.000000 0.000000 1.000000
vn 0.000000 0.000000 1.000000
vn 0.000000 0.000000 1.000000
vn 0.000000 0.000000 1.000000
vn 0.000000 0.000000 1.000000
vn 0.000000 0.000000 1.000000
vn 0.000000 0.000000 1.000000
vn 0.000000 0.000000 1.000000
vn 0.000000 0.000000 1.000000
vn 0.000000 0.000000 1.000000
vn 0.000000 0.000000 1.000000
vn 0.000000 0.000000 1.000000
vn 0.000000 0.000000 1.000000
vn 0.000000 0.000000 1.000000
vn 0.000000 0.000000 1.000000
vn 0.000000 0.000000 1.000000
vn 0.000000 0.000000 1.000000
vn 0.000000 0.000000 1.000000
vn 0.000000 0.000000 1.000000
vn 0.000000 0.000000 1.000000
vn 0.000000 0.000000 1.000000
vn 0.000000 0.000000 1.000000
vn 0.000000 0.000000 1.000000
vn 0.000000 0.000000 1.000000
vn 0.000000 0.000000 1.000000
vn 0.000000 0.000000 1.000000
vn 0.000000 0.000000 1.000000
vn 0.000000 0.000000 1.000000
vn 0.000000 0.000000 1.000000
vn 0.000000 0.000000 1.000000
vn 0.000000 0.000000 1.000000
vn 0.000000 0.000000 1.000000
vn 0.000000 0.000000 1.000000
vn 0.000000 0.000000 1.000000
vn 0.000000 0.000000 1.000000
vn 0.000000 0.000000 1.000000
vn 0.000000 0.000000 1.000000
vn 0.000000 0.000000 1.000000
vn 0.000000 0.000000 1.000000
vn 0.000000 0.000000 1.000000
vn 0.000000 0.000000 1.000000
vn 0.000000 0.000000 1.000000
vn 0.000000 0.000000 1.000000
vn 0.000000 0.000000 1.000000
vn 0.000000 0.000000 1.000000
vn 0.000000 0.000000 1.000000
vn 0.000000 0.000000 1.000000
vn 0.000000 0.000000 1.000000
vn 0.000000 0.000000 1.000000
vn 0.000000 0.000000 1.000000
vn 0.000000 0.000000 1.000000
vn 0.000000 0.000000 1.000000
vn 0.000000 0.000000 1.000000
vn 0.000000 0.000000 1.000000
vn 0.000000 0.000000 1.000000
vn 0.000000 0.000000 1.000000
vn 0.000000 0.000000 1.000000
vn 0.000000 0.000000 1.000000
vn 0.000000 0.000000 1.000000
vn 0.000000 0.000000 1.000000
vn 0.000000 0.000000 1.000000
vn 0.000000 0.000000 1.000000
vn 0.000000 0.000000 1.000000
vn 0.000000 0.000000 1.000000
vn 0.000000 0.000000 1.000000
vn 0.000000 0.000000 1.000000
vn 0.000000 0.000000 1.000000
vn 0.000000 0.000000 1.000000
vn 0.000000 0.000000 1.000000
vn 0.000000 0.000000 1.000000
vn 0.000000 0.000000 1.000000
vn 0.000000 0.000000 1.000000
vn 0.000000 0.000000 1.000000
vn 0.000000 0.000000 1.000000
vn 0.000000 0.000000 1.000000
vn 0.000000 0.000000 1.000000
vn 0.000000 0.000000 1.000000
vn 0.000000 0.000000 1.000000
vn 0.000000 0.000000 1.000000
vn 0.000000 0.000000 1.000000
vn 0.000000 0.000000 1.000000
vn 0.000000 0.000000 1.000000
vn 0.000000 0.000000 1.000000
vn 0.000000 0.000000 1.000000
vn 0.000000 0.000000 1.000000
vn 0.000000 0.000000 1.000000
vn 0.000000 0.000000 1.000000
vn 0.000000 0.000000 1.000000
vn 0.000000 0.000000 1.000000
vn 0.000000 0.000000 1.000000
vn 0.000000 0.000000 1.000000
vn 0.000000 0.000000 1.000000
vn 0.000000 0.000000 1.000000
vn 0.000000 0.000000 1.000000
vn 0.000000 0.000000 1.000000
vn 0.000000 0.000000 1.000000
vn 0.000000 0.000000 1.000000
vn 0.000000 0.000000 1.000000
vn 0.000000 0.000000 1.000000
vn 0.000000 0.000000 1.000000
vn 0.000000 0.000000 1.000000
vn 0.000000 0.000000 1.000000
vn 0.000000 0.000000 1.000000
vn 0.000000 0.000000 1.000000
vn 0.000000 0.000000 1.000000
vn 0.000000 0.000000 1.000000
vn 0.000000 0.000000 1.000000
vn 0.000000 0.000000 1.000000
vn 0.000000 0.000000 1.000000
vn 0.000000 0.000000 1.000000
vn 0.000000 0.000000 1.000000
vn 0.000000 0.000000 1.000000
vn 0.000000 0.000000 1.000000
vn 0.000000 0.000000 1.000000
vn 0.000000 0.000000 1.000000
vn 0.000000 0.000000 1.000000
vn 0.000000 0.000000 1.000000
vn 0.000000 0.000000 1.000000
vn 0.000000 0.000000 1.000000
vn 0.000000 0.000000 1.000000
vn 0.000000 0.000000 1.000000
vn 0.000000 0.000000 1.000000
vn 0.000000 0.000000 1.000000
vn 0.000000 0.000000 1.000000
vn 0.000000 0.000000 1.000000
vn 0.000000 0.000000 1.000000
vn 0.000000 0.000000 1.000000
vn 0.000000 0.000000 1.000000
vn 0.000000 0.000000 1.000000
vn 0.000000 0.000000 1.000000
vn 0.000000 0.000000 1.000000
vn 0.000000 0.000000 1.000000
vn 0.000000 0.000000 1.000000
vn 0.000000 0.000000 1.000000
vn 0.000000 0.000000 1.000000
vn 0.000000 0.000000 1.000000
vn 0.000000 0.000000 1.000000
vn 0.000000 0.000000 1.000000
vn 0.000000 0.000000 1.000000
vn 0.000000 0.000000 1.000000
vn 0.000000 0.000000 1.000000
vn 0.000000 0.000000 1.000000
vn 0.000000 0.000000 1.000000
vn 0.000000 0.000000 1.000000
vn 0.000000 0.000000 1.000000
vn 0.000000 0.000000 1.000000
vn 0.000000 0.000000 1.000000
vn 0.000000 0.000000 1.000000
vn 0.000000 0.000000 1.000000
vn 0.000000 0.000000 1.000000
vn 0.000000 0.000000 1.000000
vn 0.000000 0.000000 1.000000
vn 0.000000 0.000000 1.000000
vn 0.000000 0.000000 1.000000
vn 0.000000 0.000000 1.000000
vn 0.000000 0.000000 1.000000
vn 0.000000 0.000000 1.000000
vn 0.000000 0.000000 1.000000
vn 0.000000 0.000000 1.000000
vn 0.000000 0.000000 1.000000
vn 0.000000 0.000000 1.000000
vn 0.000000 0.000000 1.000000
vn 0.000000 0.000000 1.000000
vn 0.000000 0.000000 1.000000
vn -0.707107 0.707106 0.000000
vn -0.707107 0.707106 0.000000
vn 0.000000 0.707107 0.707107
vn 0.000000 0.707107 0.707107
vn 0.000000 0.707107 0.707107
vn 0.000000 0.707107 0.707107
vn 0.000000 0.707107 0.707107
vn 0.000000 -0.000000 1.000000
vn 0.000000 0.000000 1.000000
vn 0.000000 0.000000 1.000000
vn 0.000000 -0.000000 1.000000
vn 0.000000 0.000000 1.000000
vn 0.000000 -0.000000 1.000000
vn 0.000000 0.000000 1.000000
vn 0.000000 -0.000000 1.000000
vn 0.000000 0.000000 1.000000
vn 0.000000 -0.000000 1.000000
vn 0.000000 0.000000 1.000000
vn 0.000000 -0.000000 1.000000
vn 0.000000 0.000000 1.000000
vn 0.000000 -0.000000 1.000000
vn 0.000000 0.000000 1.000000
vn 0.000000 -0.000000 1.000000
vn 0.000000 0.000000 1.000000
vn 0.000000 -0.000000 1.000000
vn 0.000000 0.000000 1.000000
vn 0.000000 -0.000000 1.000000
vn 0.000000 0.000000 1.000000
vn 0.000000 -0.000000 1.000000
vn 0.000000 0.000000 1.000000
vn 0.000000 -0.000000 1.000000
vn 0.000000 0.000000 1.000000
vn 0.000000 -0.000000 1.000000
vn 0.000000 0.000000 1.000000
vn 0.000000 -0.000000 1.000000
vn 0.000000 0.000000 1.000000
vn 0.000000 -0.000000 1.000000
vn 0.000000 -0.000000 1.000000
vn -0.000000 1.000000 0.000000
vn 0.000000 1.000000 0.000000
vn 0.000000 -0.000000 1.000000
vn -0.000000 0.000000 1.000000
vn -0.000000 0.000000 1.000000
vn 0.000000 -0.000000 1.000000
vn 0.000000 0.000000 1.000000
vn 0.000000 -0.000000 1.000000
vn 0.000000 0.000000 1.000000
vn 0.000000 0.000000 1.000000
vn 0.000000 0.000000 1.000000
vn 0.000000 0.000000 1.000000
vn 0.000000 0.000000 1.000000
vn 0.000000 0.000000 1.000000
vn 0.000000 0.000000 1.000000
vn 0.000000 0.000000 1.000000
vn -0.000000 -1.000000 -0.000000
vn 0.000000 -1.000000 0.000000
vn 0.000000 0.000000 1.000000
vn 0.000000 0.000000 1.000000
vn 0.000000 0.000000 1.000000
vn 0.000000 0.000000 1.000000
vn 0.000000 0.000000 1.000000
vn 0.000000 0.000000 1.000000
vn 0.000000 0.000000 1.000000
vn 0.000000 0.000000 1.000000
vn 0.000000 0.000000 1.000000
vn 0.000000 0.000000 1.000000
vn 0.000000 0.000000 1.000000
vn 0.000000 0.000000 1.000000
vn 0.000000 0.000000 1.000000
vn 0.000000 0.000000 1.000000
vn 0.000000 0.000000 1.000000
vn 0.000000 0.000000 1.000000
vn 0.000000 0.000000 1.000000
vn 0.000000 0.000000 1.000000
vn 0.000000 0.000000 1.000000
vn 0.000000 0.000000 1.000000
vn 0.000000 0.000000 1.000000
vn 0.000000 0.000000 1.000000
vn 0.000000 0.000000 1.000000
vn 0.000000 0.000000 1.000000
vn 0.000000 0.000000 1.000000
vn 0.000000 0.000000 1.000000
vn 0.000000 0.000000 1.000000
vn 0.000000 0.000000 1.000000
vn 0.000000 0.000000 1.000000
vn 0.000000 0.000000 1.000000
vn 0.000000 0.000000 1.000000
vn 0.000000 0.000000 1.000000
vn 0.000000 0.000000 1.000000
vn 0.000000 0.000000 1.000000
vn 0.000000 0.000000 1.000000
vn 0.000000 0.000000 1.000000
vn 0.000000 0.000000 1.000000
vn 0.000000 0.000000 1.000000
vn 0.000000 0.000000 1.000000
vn 0.000000 0.000000 1.000000
vn 0.000000 0.000000 1.000000
vn 0.000000 0.000000 1.000000
vn 0.000000 0.000000 1.000000
vn 0.000000 0.000000 1.000000
vn 0.000000 0.000000 1.000000
vn 0.000000 0.000000 1.000000
vn 0.000000 0.000000 1.000000
vn 0.000000 0.000000 1.000000
vn 0.000000 0.000000 1.000000
vn 0.000000 0.000000 1.000000
vn 0.000000 0.000000 1.000000
vn 0.000000 0.000000 1.000000
vn 0.000000 0.000000 1.000000
vn 0.000000 0.000000 1.000000
vn 0.000000 0.000000 1.000000
vn 0.000000 0.000000 1.000000
vn 0.000000 0.000000 1.000000
vn 0.000000 0.000000 1.000000
vn 0.000000 0.000000 1.000000
vn 0.000000 0.000000 1.000000
vn 0.000000 0.000000 1.000000
vn 0.000000 0.000000 1.000000
vn 0.000000 0.000000 1.000000
vn 0.000000 0.000000 1.000000
vn 0.000000 0.000000 1.000000
vn 0.000000 0.000000 1.000000
vn 0.000000 0.000000 1.000000
vn 0.000000 0.000000 1.000000
vn 0.000000 0.000000 1.000000
vn 0.000000 0.000000 1.000000
vn 0.000000 0.000000 1.000000
vn 0.000000 0.000000 1.000000
vn 0.000000 0.000000 1.000000
vn 0.000000 0.000000 1.000000
vn 0.000000 0.000000 1.000000
vn 0.000000 0.000000 1.000000
vn 0.000000 0.000000 1.000000
vn 0.000000 0.000000 1.000000
vn 0.000000 0.000000 1.000000
vn 0.000000 0.000000 1.000000
vn 0.000000 0.000000 1.000000
vn 0.000000 0.000000 1.000000
vn 0.000000 0.000000 1.000000
vn 0.000000 0.000000 1.000000
vn 0.000000 0.000000 1.000000
vn 0.000000 0.000000 1.000000
vn 0.000000 0.000000 1.000000
vn 0.000000 0.000000 1.000000
vn 0.000000 0.000000 1.000000
vn 0.000000 0.000000 1.000000
vn 0.000000 0.000000 1.000000
vn 0.000000 0.000000 1.000000
vn 0.000000 0.000000 1.000000
vn 0.000000 0.000000 1.000000
vn 0.000000 0.000000 1.000000
vn 0.000000 0.000000 1.000000
vn 0.000000 0.000000 1.000000
vn 0.000000 0.000000 1.000000
vn 0.000000 0.000000 1.000000
vn 0.000000 0.000000 1.000000
vn 0.000000 0.000000 1.000000
vn 0.000000 0.000000 1.000000
vn 0.000000 0.000000 1.000000
vn 0.000000 0.000000 1.000000
vn 0.000000 0.000000 1.000000
vn 0.000000 0.000000 1.000000
vn 0.000000 0.000000 1.000000
vn 0.000000 0.000000 1.000000
vn 0.000000 0.000000 1.000000
vn 0.000000 0.000000 1.000000
vn 0.000000 0.000000 1.000000
vn 0.000000 0.000000 1.000000
vn 0.000000 0.000000 1.000000
vn 0.000000 0.000000 1.000000
vn 0.000000 0.000000 1.000000
vn 0.000000 0.000000 1.000000
vn 0.000000 0.000000 1.000000
vn 0.000000 0.000000 1.000000
vn 0.000000 0.000000 1.000000
vn 0.000000 0.000000 1.000000
vn 0.000000 0.000000 1.000000
vn 0.000000 0.000000 1.000000
vn 0.000000 0.000000 1.000000
vn 0.000000 0.000000 1.000000
vn 0.000000 0.000000 1.000000
vn 0.000000 0.000000 1.000000
vn 0.000000 0.000000 1.000000
vn 0.000000 0.000000 1.000000
vn 0.000000 0.000000 1.000000
vn 0.000000 0.000000 1.000000
vn 0.000000 0.000000 1.000000
vn 0.000000 0.000000 1.000000
vn 0.000000 0.000000 1.000000
vn 0.000000 0.000000 1.000000
vn 0.000000 0.000000 1.000000
vn 0.000000 0.000000 1.000000
vn 0.000000 0.000000 1.000000
vn 0.000000 0.000000 1.000000
vn 0.000000 0.000000 1.000000
vn 0.000000 0.000000 1.000000
vn 0.000000 0.000000 1.000000
vn 0.000000 0.000000 1.000000
vn 0.000000 0.000000 1.000000
vn 0.000000 0.000000 1.000000
vn 0.000000 0.000000 1.000000
vn 0.000000 0.000000 1.000000
vn 0.000000 0.000000 1.000000
vn 0.000000 0.000000 1.000000
vn 0.000000 0.000000 1.000000
vn 0.000000 0.000000 1.000000
vn 0.000000 0.000000 1.000000
vn 0.000000 0.000000 1.000000
vn 0.000000 0.000000 1.000000
vn 0.000000 0.000000 1.000000
vn 0.000000 0.000000 1.000000
vn 0.000000 0.000000 1.000000
vn 0.000000 0.000000 1.000000
vn 0.000000 0.000000 1.000000
vn 0.000000 0.000000 1.000000
vn 0.000000 0.000000 1.000000
vn 0.000000 0.000000 1.000000
vn 0.000000 0.000000 1.000000
vn 0.000000 0.000000 1.000000
vn 0.000000 0.000000 1.000000
vn 0.000000 0.000000 1.000000
vn 0.000000 0.000000 1.000000
vn 0.000000 0.000000 1.000000
vn 0.000000 0.000000 1.000000
vn 0.000000 0.000000 1.000000
vn 0.000000 0.000000 1.000000
vn 0.000000 0.000000 1.000000
vn 0.000000 0.000000 1.000000
vn 0.000000 0.000000 1.000000
vn 0.000000 0.000000 1.000000
vn 0.000000 0.000000 1.000000
vn 0.000000 0.000000 1.000000
vn 0.000000 0.000000 1.000000
vn 0.000000 0.000000 1.000000
vn 0.000000 0.000000 1.000000
vn 0.000000 0.000000 1.000000
vn 0.000000 0.000000 1.000000
vn 0.000000 0.000000 1.000000
vn 0.000000 0.000000 1.000000
vn 0.000000 0.000000 1.000000
vn 0.000000 0.000000 1.000000
vn 0.000000 0.000000 1.000000
vn 0.000000 0.000000 1.000000
vn 0.000000 0.000000 1.000000
vn 0.000000 0.000000 1.000000
vn 0.000000 0.000000 1.000000
vn 0.000000 0.000000 1.000000
vn 0.000000 0.000000 1.000000
vn 0.000000 0.000000 1.000000
vn 0.000000 0.000000 1.000000
vn 0.000000 0.000000 1.000000
vn 0.000000 0.000000 1.000000
vn 0.000000 0.000000 1.000000
vn 0.000000 0.000000 1.000000
vn 0.000000 0.000000 1.000000
vn 0.000000 0.000000 1.000000
vn 0.000000 0.000000 1.000000
vn 0.000000 0.000000 1.000000
vn 0.000000 0.000000 1.000000
vn 0.000000 0.000000 1.000000
vn 0.000000 0.000000 1.000000
vn 0.000000 0.000000 1.000000
vn 0.000000 0.000000 1.000000
vn 0.000000 0.000000 1.000000
vn 0.000000 0.000000 1.000000
vn 0.000000 0.000000 1.000000
vn 0.000000 0.000000 1.000000
vn 0.000000 0.000000 1.000000
vn 0.000000 0.000000 1.000000
vn 0.000000 0.000000 1.000000
vn 0.000000 0.000000 1.000000
vn 0.000000 0.000000 1.000000
vn 0.000000 0.000000 1.000000
vn 0.000000 0.000000 1.000000
vn 0.000000 0.000000 1.000000
vn 0.000000 0.000000 1.000000
vn 0.000000 0.000000 1.000000
vn 0.000000 0.000000 1.000000
vn 0.000000 0.000000 1.000000
vn 0.000000 0.000000 1.000000
vn 0.000000 0.000000 1.000000
vn 0.000000 0.000000 1.000000
vn 0.000000 0.000000 1.000000
vn 0.000000 0.000000 1.000000
vn 0.000000 0.000000 1.000000
vn 0.000000 0.000000 1.000000
vn 0.000000 0.000000 1.000000
vn 0.000000 0.000000 1.000000
vn 0.000000 0.000000 1.000000
vn 0.000000 0.000000 1.000000
vn 0.000000 0.000000 1.000000
vn 0.000000 0.000000 1.000000
vn 0.000000 0.000000 1.000000
vn 0.000000 0.000000 1.000000
vn 0.000000 0.000000 1.000000
vn 0.000000 0.000000 1.000000
vn 0.000000 0.000000 1.000000
vn 0.000000 0.000000 1.000000
vn 0.000000 0.000000 1.000000
vn 0.000000 0.000000 1.000000
vn 0.000000 0.000000 1.000000
vn 0.000000 0.000000 1.000000
vn 0.000000 0.000000 1.000000
vn 0.000000 0.000000 1.000000
vn 0.000000 0.000000 1.000000
vn 0.000000 0.000000 1.000000
vn 0.000000 0.000000 1.000000
vn 0.000000 0.000000 1.000000
vn 0.000000 0.000000 1.000000
vn 0.000000 0.000000 1.000000
vn 0.000000 0.000000 1.000000
vn 0.000000 0.000000 1.000000
vn 0.000000 0.000000 1.000000
vn 0.000000 0.000000 1.000000
vn 0.000000 0.000000 1.000000
vn 0.000000 0.000000 1.000000
vn 0.000000 0.000000 1.000000
vn 0.000000 0.000000 1.000000
vn 0.000000 0.000000 1.000000
vn 0.000000 0.000000 1.000000
vn 0.000000 0.000000 1.000000
vn 0.000000 0.000000 1.000000
vn 0.000000 0.000000 1.000000
vn 0.000000 0.000000 1.000000
vn 0.000000 0.000000 1.000000
vn 0.000000 0.000000 1.000000
vn 0.000000 0.000000 1.000000
vn 0.000000 0.000000 1.000000
vn 0.000000 0.000000 1.000000
vn 0.000000 0.000000 1.000000
vn 0.000000 0.000000 1.000000
vn 0.000000 0.000000 1.000000
vn 0.000000 0.000000 1.000000
vn 0.000000 0.000000 1.000000
vn 0.000000 0.000000 1.000000
vn 0.000000 0.000000 1.000000
vn 0.000000 0.000000 1.000000
vn 0.000000 0.000000 1.000000
vn 0.000000 0.000000 1.000000
vn 0.000000 0.000000 1.000000
vn 0.000000 0.000000 1.000000
vn 0.000000 0.000000 1.000000
vn 0.000000 0.000000 1.000000
vn 0.000000 0.000000 1.000000
vn 0.000000 0.000000 1.000000
vn 0.000000 0.000000 1.000000
vn 0.000000 0.000000 1.000000
vn 0.000000 0.000000 1.000000
vn 0.000000 0.000000 1.000000
vn 0.000000 0.000000 1.000000
vn 0.000000 0.000000 1.000000
vn 0.000000 0.000000 1.000000
vn 0.000000 0.000000 1.000000
vn 0.000000 0.000000 1.000000
vn 0.000000 0.000000 1.000000
vn 0.000000 0.000000 1.000000
vn 0.000000 0.000000 1.000000
vn 0.000000 0.000000 1.000000
vn 0.000000 0.000000 1.000000
vn 0.000000 0.000000 1.000000
vn 0.000000 0.000000 1.000000
vn 0.000000 0.000000 1.000000
vn 0.000000 0.000000 1.000000
vn 0.000000 0.000000 1.000000
vn 0.000000 0.000000 1.000000
vn 0.000000 0.000000 1.000000
vn 0.000000 0.000000 1.000000
vn 0.000000 0.000000 1.000000
vn 0.000000 0.000000 1.000000
vn 0.000000 0.000000 1.000000
vn 0.000000 0.000000 1.000000
vn 0.000000 0.000000 1.000000
vn 0.000000 0.000000 1.000000
vn 0.000000 0.000000 1.000000
vn 0.000000 0.000000 1.000000
vn 0.000000 0.000000 1.000000
vn 0.000000 0.000000 1.000000
vn 0.000000 0.000000 1.000000
vn 0.000000 0.000000 1.000000
vn 0.000000 0.000000 1.000000
vn 0.000000 0.000000 1.000000
vn 0.000000 0.000000 1.000000
vn 0.000000 0.000000 1.000000
vn 0.000000 0.000000 1.000000
vn 0.000000 0.000000 1.000000
vn 0.000000 0.000000 1.000000
vn 0.000000 0.000000 1.000000
vn 0.000000 0.000000 1.000000
vn 0.000000 0.000000 1.000000
vn 0.000000 0.000000 1.000000
vn 0.000000 0.000000 1.000000
vn 0.000000 0.000000 1.000000
vn 0.000000 0.000000 1.000000
vn 0.000000 0.000000 1.000000
vn 0.000000 0.000000 1.000000
vn 0.000000 0.000000 1.000000
vn 0.000000 0.000000 1.000000
vn 0.000000 0.000000 1.000000
vn 0.000000 0.000000 1.000000
vn 0.000000 0.000000 1.000000
vn 0.000000 0.000000 1.000000
vn 0.000000 0.000000 1.000000
vn 0.000000 0.000000 1.000000
vn 0.000000 0.000000 1.000000
vn 0.000000 0.000000 1.000000
vn 0.000000 0.000000 1.000000
vn 0.000000 0.000000 1.000000
vn 0.000000 0.000000 1.000000
vn 0.000000 0.000000 1.000000
vn 0.000000 0.000000 1.000000
vn 0.000000 0.000000 1.000000
vn 0.000000 0.000000 1.000000
vn 0.000000 0.000000 1.000000
vn 0.000000 0.000000 1.000000
vn 0.000000 0.000000 1.000000
vn 0.000000 0.000000 1.000000
vn 0.000000 0.000000 1.000000
vn 0.000000 0.000000 1.000000
vn 0.000000 0.000000 1.000000
vn 0.000000 0.000000 1.000000
vn 0.000000 0.000000 1.000000
vn 0.000000 0.000000 1.000000
vn 0.000000 0.000000 1.000000
vn 0.000000 0.000000 1.000000
vn 0.000000 0.000000 1.000000
vn 0.000000 0.000000 1.000000
vn 0.000000 0.000000 1.000000
vn 0.000000 0.000000 1.000000
vn 0.000000 0.000000 1.000000
vn 0.000000 0.000000 1.000000
vn 0.000000 0.000000 1.000000
vn 0.000000 0.000000 1.000000
vn 0.000000 0.000000 1.000000
vn 0.000000 0.000000 1.000000
vn 0.000000 0.000000 1.000000
vn 0.000000 0.000000 1.000000
vn 0.000000 -0.707107 0.707107
vn 0.000000 -0.707107 0.707107
vn 0.000000 -0.707107 0.707107
vn 0.000000 -0.707107 0.707107
vn 0.000000 -0.707107 0.707107
vn 0.000000 0.000000 1.000000
vn 0.000000 0.000000 1.000000
vn 0.000000 0.000000 1.000000
vn 0.000000 0.000000 1.000000
vn 0.000000 0.000000 1.000000
vn 0.000000 0.000000 1.000000
vn 0.000000 -0.707107 0.707107
vn 0.000000 -0.707107 0.707107
vn 0.000000 -0.707107 0.707107
vn 0.000000 -0.707107 0.707107
vn 0.000000 -0.707107 0.707107
vn 0.000000 0.000000 1.000000
vn 0.000000 0.000000 1.000000
vn 0.000000 0.000000 1.000000
vn 0.000000 0.000000 1.000000
vn 0.000000 0.000000 1.000000
vn 0.000000 0.000000 1.000000
vn 0.000000 0.000000 1.000000
vn 0.000000 0.000000 1.000000
vn 0.000000 0.000000 1.000000
vn 0.000000 0.000000 1.000000
vn 0.000000 0.000000 1.000000
vn 0.000000 0.000000 1.000000
vn 0.000000 0.000000 1.000000
vn 0.000000 0.000000 1.000000
vn 0.000000 0.000000 1.000000
vn 0.000000 0.000000 1.000000
vn 0.000000 0.000000 1.000000
vn 0.000000 0.000000 1.000000
vn 0.000000 0.000000 1.000000
vn 0.000000 0.000000 1.000000
vn 0.000000 0.000000 1.000000
vn 0.000000 0.000000 1.000000
vn 0.000000 0.000000 1.000000
vn 0.000000 0.000000 1.000000
vn 0.000000 0.000000 1.000000
vn 0.000000 0.000000 1.000000
vn 0.000000 0.000000 1.000000
vn 0.000000 0.000000 1.000000
vn 0.000000 0.000000 1.000000
vn 0.000000 0.000000 1.000000
vn 0.000000 0.000000 1.000000
vn 0.000000 -1.000000 0.000000
vn 0.000000 -1.000000 0.000000
vn -0.000000 -1.000000 0.000000
vn 0.000000 -1.000000 0.000000
vn 0.000000 -1.000000 0.000000
vn 0.707103 -0.707110 0.000000
vn 0.707103 -0.707110 0.000000
vn -0.000001 -0.023881 -0.999715
vn 0.000000 -0.023896 -0.999714
vn -0.000000 -0.071554 -0.997437
vn -0.000002 -0.071514 -0.997440
vn 0.000005 -0.119053 -0.992888
vn -0.000003 -0.118883 -0.992908
vn 0.000002 -0.166002 -0.986125
vn 0.000001 -0.165990 -0.986128
vn 0.000004 -0.212604 -0.977139
vn -0.000003 -0.212457 -0.977170
vn 0.000006 -0.258384 -0.966042
vn -0.000002 -0.258218 -0.966087
vn 0.000003 -0.303348 -0.952880
vn -0.000001 -0.303271 -0.952904
vn 0.000004 -0.347432 -0.937705
vn -0.000004 -0.347269 -0.937765
vn 0.000006 -0.390524 -0.920593
vn -0.000003 -0.390344 -0.920669
vn 0.000003 -0.432363 -0.901700
vn -0.000002 -0.432260 -0.901749
vn 0.000005 -0.473073 -0.881023
vn -0.000005 -0.472878 -0.881128
vn 0.000005 -0.512478 -0.858700
vn -0.000003 -0.512317 -0.858797
vn 0.000005 -0.550498 -0.834836
vn -0.000003 -0.550341 -0.834940
vn 0.000007 -0.587070 -0.809536
vn -0.000003 -0.586892 -0.809666
vn 0.000004 -0.622224 -0.782840
vn -0.000001 -0.622128 -0.782915
vn 0.000004 -0.655825 -0.754913
vn -0.000004 -0.655695 -0.755026
vn 0.000004 -0.687909 -0.725797
vn -0.000003 -0.687774 -0.725925
vn 0.000003 -0.718363 -0.695669
vn -0.000003 -0.718274 -0.695761
vn 0.000002 -0.747305 -0.664481
vn -0.000004 -0.747215 -0.664582
vn 0.000004 -0.774661 -0.632377
vn -0.000005 -0.774528 -0.632540
vn 0.000001 -0.800384 -0.599487
vn -0.000002 -0.800329 -0.599560
vn 0.000005 -0.824641 -0.565656
vn -0.000004 -0.824513 -0.565844
vn 0.000002 -0.847173 -0.531317
vn -0.000001 -0.847142 -0.531367
vn 0.000001 -0.868266 -0.496099
vn -0.000003 -0.868209 -0.496199
vn -0.000000 -0.887709 -0.460405
vn -0.000003 -0.887672 -0.460476
vn 0.000004 -0.905612 -0.424107
vn -0.000004 -0.905520 -0.424303
vn 0.000001 -0.921934 -0.387347
vn 0.000000 -0.921928 -0.387360
vn 0.000002 -0.936705 -0.350119
vn -0.000003 -0.936666 -0.350223
vn 0.000003 -0.949913 -0.312513
vn -0.000002 -0.949875 -0.312629
vn 0.000002 -0.961560 -0.274594
vn 0.000001 -0.961549 -0.274632
vn -0.000000 -0.971668 -0.236349
vn 0.000001 -0.971674 -0.236324
vn -0.000001 -0.980221 -0.197904
vn 0.000002 -0.980236 -0.197830
vn -0.000000 -0.987241 -0.159232
vn 0.000002 -0.987249 -0.159184
vn 0.000000 -0.992735 -0.120323
vn 0.000003 -0.992742 -0.120262
vn 0.000002 -0.996688 -0.081321
vn 0.000001 -0.996687 -0.081336
vn 0.000001 -0.998923 -0.046393
vn 0.000000 -0.998923 -0.046404
vn 0.000000 -0.999881 -0.015423
vn 0.000000 -0.999881 -0.015426
vn 0.000000 0.000000 -1.000000
vn 0.000000 0.000000 -1.000000
vn 0.000000 0.000000 -1.000000
vn 0.000000 0.000000 -1.000000
vn 0.000000 0.000000 -1.000000
vn 0.000000 0.000000 -1.000000
vn 0.000000 0.000000 -1.000000
vn 0.000000 0.000000 -1.000000
vn 0.000000 0.000000 -1.000000
vn 0.000000 0.000000 -1.000000
vn 0.000000 0.000000 -1.000000
vn 0.000000 0.000000 -1.000000
vn 0.000000 0.000000 -1.000000
vn 0.000000 0.000000 -1.000000
vn 0.000000 0.000000 -1.000000
vn 0.000000 0.000000 -1.000000
vn 0.000000 0.000000 -1.000000
vn 0.000000 0.000000 -1.000000
vn 0.000000 0.000000 -1.000000
vn 0.000000 0.000000 -1.000000
vn 0.000000 0.000000 -1.000000
vn 0.000000 0.000000 -1.000000
vn 0.000000 0.000000 -1.000000
vn 0.000000 0.000000 -1.000000
vn 0.000000 0.000000 -1.000000
vn 0.000000 0.000000 -1.000000
vn 0.000000 0.000000 -1.000000
vn 0.000000 0.000000 -1.000000
vn 0.999466 0.032662 -0.000000
vn 0.999431 0.033732 0.000001
vn 0.999430 0.033770 0.000002
vn 0.999414 0.034235 0.000007
vn 0.999393 0.034846 0.000021
vn 0.999368 0.035556 0.000049
vn 0.999339 0.036345 0.000095
vn 0.999305 0.037283 0.000176
vn 0.999266 0.038296 0.000299
vn 0.999224 0.039394 0.000480
vn 0.999184 0.040390 0.000695
vn 0.999141 0.041432 0.000977
vn 0.999096 0.042492 0.001334
vn 0.999048 0.043596 0.001795
vn 0.998996 0.044745 0.002386
vn 0.998941 0.045907 0.003122
vn 0.998881 0.047114 0.004060
vn 0.998817 0.048338 0.005230
vn 0.998749 0.049565 0.006673
vn 0.998674 0.050786 0.008444
vn 0.998588 0.052038 0.010698
vn 0.998490 0.053263 0.013449
vn 0.998371 0.054492 0.016919
vn 0.998761 0.049771 -0.000000
vn 0.997847 0.065489 0.003634
vn 0.998384 0.056810 0.001443
vn 0.997546 0.070018 0.000369
vn 0.997341 0.072872 0.000190
vn 0.997125 0.075769 0.000066
vn 0.996896 0.078726 0.000001
vn 0.996656 0.081707 -0.000001
vn 0.996406 0.084708 0.000065
vn 0.996140 0.087778 0.000203
vn 0.995860 0.090899 0.000417
vn 0.995569 0.094029 0.000706
vn 0.995309 0.096736 0.001021
vn 0.995097 0.098891 0.001308
vn 0.992240 0.124317 -0.002218
vn 0.994611 0.103658 0.002020
vn 0.984969 0.172714 -0.002244
vn 0.988642 0.150277 0.002060
vn 0.975340 0.220697 -0.002241
vn 0.980489 0.196564 0.002071
vn 0.963374 0.268153 -0.002209
vn 0.970170 0.242417 0.002054
vn 0.949101 0.314964 -0.002150
vn 0.957708 0.287734 0.002008
vn 0.932555 0.361023 -0.002062
vn 0.943132 0.332413 0.001935
vn 0.913775 0.406215 -0.001946
vn 0.926471 0.376362 0.001833
vn 0.892806 0.450438 -0.001801
vn 0.907764 0.419479 0.001703
vn 0.869700 0.493577 -0.001630
vn 0.887053 0.461665 0.001544
vn 0.844509 0.535539 -0.001428
vn 0.864380 0.502837 0.001358
vn 0.817297 0.576216 -0.001200
vn 0.839800 0.542894 0.001142
vn 0.788128 0.615511 -0.000942
vn 0.813361 0.581758 0.000899
vn 0.757070 0.653334 -0.000657
vn 0.785132 0.619328 0.000627
vn 0.724198 0.689592 -0.000342
vn 0.755162 0.655538 0.000329
vn 0.723529 0.690294 -0.000000
vn 1.000000 0.000000 0.000000
vn 1.000000 0.000000 -0.000000
vn 1.000000 0.000000 0.000000
vn 1.000000 0.000000 -0.000000
vn 1.000000 0.000000 0.000000
vn 0.000000 0.000000 1.000000
vn 0.000000 0.000000 1.000000
vn 0.000000 0.000000 1.000000
vn 0.707107 -0.000000 0.707107
vn 0.707107 0.000000 0.707107
vn -0.707107 0.000000 0.707107
vn -0.707107 0.000000 0.707107
vn 0.999689 0.024930 0.000000
vn 0.997204 0.074731 0.000000
vn 0.999689 0.024930 0.000000
vn 0.997204 0.074731 0.000000
vn 0.992239 0.124344 0.000000
vn 0.992239 0.124344 -0.000000
vn 0.984808 0.173648 0.000000
vn 0.984808 0.173648 -0.000000
vn 0.974928 0.222521 0.000000
vn 0.962624 0.270841 0.000000
vn 0.974928 0.222521 -0.000000
vn 0.962624 0.270841 0.000000
vn 0.947927 0.318487 0.000000
vn 0.930874 0.365340 0.000000
vn 0.947927 0.318487 -0.000000
vn 0.930874 0.365340 0.000000
vn 0.911505 0.411288 0.000000
vn 0.911505 0.411288 -0.000000
vn 0.889873 0.456209 0.000000
vn 0.889873 0.456209 -0.000000
vn 0.866025 0.500001 -0.000000
vn 0.866025 0.500001 0.000000
vn 0.840026 0.542546 0.000000
vn 0.840026 0.542546 0.000000
vn 0.811939 0.583743 -0.000000
vn 0.811939 0.583743 0.000000
vn 0.781829 0.623493 -0.000000
vn 0.781829 0.623493 0.000000
vn 0.749784 0.661682 0.000000
vn 0.749784 0.661682 -0.000000
vn 0.715867 0.698237 0.000000
vn 0.715867 0.698237 -0.000000
vn 0.680170 0.733055 0.000000
vn 0.642792 0.766041 0.000000
vn 0.680170 0.733055 -0.000000
vn 0.603799 0.797137 0.000000
vn 0.642792 0.766041 0.000000
vn 0.603799 0.797137 0.000000
vn 0.563322 0.826237 0.000000
vn 0.521436 0.853290 0.000000
vn 0.563322 0.826237 -0.000000
vn 0.521436 0.853290 0.000000
vn 0.478250 0.878224 0.000000
vn 0.433885 0.900968 0.000000
vn 0.478250 0.878224 -0.000000
vn 0.433885 0.900968 0.000000
vn 0.388440 0.921474 0.000000
vn 0.388440 0.921474 -0.000000
vn 0.342020 0.939693 0.000000
vn 0.342020 0.939693 -0.000000
vn 0.294750 0.955575 0.000000
vn 0.246760 0.969077 0.000000
vn 0.294750 0.955575 -0.000000
vn 0.246760 0.969077 0.000000
vn 0.198151 0.980172 0.000000
vn 0.149034 0.988832 0.000000
vn 0.198151 0.980172 -0.000000
vn 0.149034 0.988832 0.000000
vn 0.099573 0.995030 0.000000
vn 0.049844 0.998757 0.000000
vn 0.099573 0.995030 -0.000000
vn 0.000000 1.000000 0.000000
vn 0.049844 0.998757 0.000000
vn -0.049844 0.998757 0.000000
vn 0.000000 1.000000 0.000000
vn -0.049844 0.998757 0.000000
vn -0.099573 0.995030 0.000000
vn -0.149034 0.988832 0.000000
vn -0.099573 0.995030 0.000000
vn -0.198151 0.980172 0.000000
vn -0.149034 0.988832 0.000000
vn -0.198151 0.980172 0.000000
vn -0.246760 0.969077 0.000000
vn -0.246760 0.969077 0.000000
vn -0.294750 0.955575 0.000000
vn -0.294750 0.955575 0.000000
vn -0.342020 0.939693 0.000000
vn -0.342020 0.939693 0.000000
vn -0.388440 0.921474 0.000000
vn -0.388440 0.921474 0.000000
vn -0.433885 0.900968 0.000000
vn -0.433885 0.900968 0.000000
vn -0.478250 0.878224 0.000000
vn -0.478250 0.878224 0.000000
vn -0.521436 0.853290 0.000000
vn -0.521436 0.853290 0.000000
vn -0.563322 0.826237 0.000000
vn -0.563322 0.826237 0.000000
vn -0.603799 0.797137 0.000000
vn -0.603799 0.797137 0.000000
vn -0.642792 0.766041 0.000000
vn -0.642792 0.766041 0.000000
vn -0.680170 0.733055 0.000000
vn -0.680170 0.733055 0.000000
vn -0.715867 0.698237 0.000000
vn -0.715867 0.698237 0.000000
vn -0.749784 0.661682 0.000000
vn -0.749784 0.661682 0.000000
vn -0.781829 0.623493 0.000000
vn -0.781829 0.623493 0.000000
vn -0.811939 0.583743 0.000000
vn -0.811939 0.583743 0.000000
vn -0.840026 0.542546 0.000000
vn -0.840026 0.542546 0.000000
vn -0.866025 0.500001 0.000000
vn -0.866025 0.500001 0.000000
vn -0.889873 0.456209 0.000000
vn -0.911505 0.411288 0.000000
vn -0.889873 0.456209 0.000000
vn -0.911505 0.411288 0.000000
vn -0.930874 0.365340 0.000000
vn -0.930874 0.365340 0.000000
vn -0.947927 0.318487 0.000000
vn -0.962624 0.270841 0.000000
vn -0.947927 0.318487 0.000000
vn -0.962624 0.270841 0.000000
vn -0.974928 0.222521 0.000000
vn -0.974928 0.222521 0.000000
vn -0.984808 0.173648 0.000000
vn -0.992239 0.124344 0.000000
vn -0.984808 0.173648 0.000000
vn -0.997204 0.074731 0.000000
vn -0.992239 0.124344 0.000000
vn -0.997204 0.074731 0.000000
vn -0.999689 0.024930 0.000000
vn -0.999689 0.024930 0.000000
vn -0.999689 -0.024930 0.000000
vn -0.999689 -0.024930 0.000000
vn -0.997204 -0.074731 -0.000000
vn -0.997204 -0.074731 0.000000
vn -0.992239 -0.124344 0.000000
vn -0.992239 -0.124344 0.000000
vn -0.984808 -0.173648 0.000000
vn -0.984808 -0.173648 0.000000
vn -0.974928 -0.222521 0.000000
vn -0.974928 -0.222521 0.000000
vn -0.962624 -0.270841 0.000000
vn -0.962624 -0.270841 0.000000
vn -0.947927 -0.318487 0.000000
vn -0.947927 -0.318487 0.000000
vn -0.930874 -0.365340 0.000000
vn -0.930874 -0.365340 0.000000
vn -0.911505 -0.411288 0.000000
vn -0.911505 -0.411288 0.000000
vn -0.889873 -0.456209 0.000000
vn -0.889873 -0.456209 0.000000
vn -0.866025 -0.500001 -0.000000
vn -0.866025 -0.500001 0.000000
vn -0.840026 -0.542546 0.000000
vn -0.840026 -0.542546 0.000000
vn -0.811937 -0.583745 0.000000
vn -0.811937 -0.583745 0.000000
vn -0.781833 -0.623488 0.000000
vn -0.781833 -0.623488 0.000000
vn -0.749780 -0.661687 -0.000000
vn -0.749780 -0.661687 0.000000
vn -0.715867 -0.698237 0.000000
vn -0.715867 -0.698237 0.000000
vn -0.680172 -0.733052 0.000000
vn -0.680172 -0.733052 0.000000
vn -0.642789 -0.766043 0.000000
vn -0.642789 -0.766043 0.000000
vn -0.603805 -0.797132 -0.000000
vn -0.603805 -0.797132 0.000000
vn -0.563319 -0.826239 0.000000
vn -0.563319 -0.826239 0.000000
vn -0.521436 -0.853290 0.000000
vn -0.521436 -0.853290 0.000000
vn -0.478254 -0.878222 0.000000
vn -0.478254 -0.878222 0.000000
vn -0.433885 -0.900968 0.000000
vn -0.433885 -0.900968 0.000000
vn -0.388436 -0.921476 0.000000
vn -0.388436 -0.921476 0.000000
vn -0.342020 -0.939693 0.000000
vn -0.342020 -0.939693 0.000000
vn -0.294754 -0.955573 0.000000
vn -0.294754 -0.955573 0.000000
vn -0.246756 -0.969078 0.000000
vn -0.246756 -0.969078 0.000000
vn -0.198146 -0.980173 0.000000
vn -0.198146 -0.980173 0.000000
vn -0.149043 -0.988831 0.000000
vn -0.149043 -0.988831 0.000000
vn -0.099568 -0.995031 0.000000
vn -0.099568 -0.995031 0.000000
vn -0.049844 -0.998757 0.000000
vn -0.049844 -0.998757 0.000000
vn 0.000000 -1.000000 0.000000
vn 0.000000 -1.000000 0.000000
vn 0.049844 -0.998757 0.000000
vn 0.049844 -0.998757 0.000000
vn 0.099568 -0.995031 0.000000
vn 0.099568 -0.995031 0.000000
vn 0.149043 -0.988831 0.000000
vn 0.149043 -0.988831 0.000000
vn 0.246756 -0.969078 0.000000
vn 0.198146 -0.980173 0.000000
vn 0.198146 -0.980173 0.000000
vn 0.246756 -0.969078 0.000000
vn 0.294754 -0.955573 0.000000
vn 0.294754 -0.955573 0.000000
vn 0.342020 -0.939693 0.000000
vn 0.342020 -0.939693 0.000000
vn 0.388436 -0.921476 0.000000
vn 0.388436 -0.921476 0.000000
vn 0.433885 -0.900968 0.000000
vn 0.433885 -0.900968 0.000000
vn 0.478254 -0.878222 0.000000
vn 0.478254 -0.878222 0.000000
vn 0.521436 -0.853290 0.000000
vn 0.521436 -0.853290 0.000000
vn 0.563319 -0.826239 0.000000
vn 0.563319 -0.826239 0.000000
vn 0.603805 -0.797132 0.000000
vn 0.603805 -0.797132 0.000000
vn 0.642789 -0.766043 0.000000
vn 0.642789 -0.766043 0.000000
vn 0.680172 -0.733052 0.000000
vn 0.680172 -0.733052 0.000000
vn 0.715867 -0.698237 0.000000
vn 0.715867 -0.698237 0.000000
vn 0.749780 -0.661687 0.000000
vn 0.749780 -0.661687 0.000000
vn 0.781833 -0.623488 0.000000
vn 0.781833 -0.623488 0.000000
vn 0.811937 -0.583745 0.000000
vn 0.811937 -0.583745 0.000000
vn 0.840026 -0.542546 0.000000
vn 0.840026 -0.542546 0.000000
vn 0.866025 -0.500001 0.000000
vn 0.866025 -0.500001 0.000000
vn 0.889873 -0.456209 0.000000
vn 0.889873 -0.456209 0.000000
vn 0.911505 -0.411288 0.000000
vn 0.930874 -0.365340 0.000000
vn 0.911505 -0.411288 0.000000
vn 0.930874 -0.365340 0.000000
vn 0.947927 -0.318487 0.000000
vn 0.962624 -0.270841 0.000000
vn 0.947927 -0.318487 0.000000
vn 0.962624 -0.270841 0.000000
vn 0.974928 -0.222521 0.000000
vn 0.974928 -0.222521 0.000000
vn 0.984808 -0.173648 0.000000
vn 0.984808 -0.173648 0.000000
vn 0.992239 -0.124344 0.000000
vn 0.992239 -0.124344 0.000000
vn 0.997204 -0.074731 0.000000
vn 0.999689 -0.024930 0.000000
vn 0.997204 -0.074731 0.000000
vn 0.999689 -0.024930 0.000000
vn -1.000000 0.000000 0.000000
vn -1.000000 0.000000 0.000000
vn -1.000000 0.000000 0.000000
vn -1.000000 0.000000 0.000000
vn -1.000000 0.000000 -0.000000
vn -0.999689 -0.024930 0.000000
vn -0.999689 -0.024930 0.000000
vn -0.997204 -0.074729 0.000000
vn -0.997204 -0.074729 0.000000
vn -0.992239 -0.124343 0.000000
vn -0.992239 -0.124343 0.000000
vn -0.984807 -0.173650 0.000000
vn -0.984807 -0.173650 0.000000
vn -0.974929 -0.222518 0.000000
vn -0.974929 -0.222518 0.000000
vn -0.962624 -0.270843 0.000000
vn -0.947928 -0.318486 0.000000
vn -0.962624 -0.270843 0.000000
vn -0.947928 -0.318486 0.000000
vn -0.930873 -0.365343 0.000000
vn -0.930873 -0.365343 0.000000
vn -0.911506 -0.411288 0.000000
vn -0.911506 -0.411288 0.000000
vn -0.889872 -0.456210 0.000000
vn -0.866026 -0.499999 0.000000
vn -0.889872 -0.456210 0.000000
vn -0.866026 -0.499999 0.000000
vn -0.840029 -0.542541 0.000000
vn -0.840029 -0.542541 0.000000
vn -0.811932 -0.583752 0.000000
vn -0.811932 -0.583752 0.000000
vn -0.781830 -0.623491 0.000000
vn -0.781830 -0.623491 0.000000
vn -0.749790 -0.661676 0.000000
vn -0.749790 -0.661676 0.000000
vn -0.715865 -0.698239 0.000000
vn -0.715865 -0.698239 0.000000
vn -0.680166 -0.733058 0.000000
vn -0.642794 -0.766039 0.000000
vn -0.680166 -0.733058 0.000000
vn -0.642794 -0.766039 0.000000
vn -0.603803 -0.797134 0.000000
vn -0.603803 -0.797134 0.000000
vn -0.563319 -0.826239 0.000000
vn -0.521432 -0.853293 0.000000
vn -0.563319 -0.826239 0.000000
vn -0.478249 -0.878224 0.000000
vn -0.521432 -0.853293 0.000000
vn -0.478249 -0.878224 0.000000
vn -0.433893 -0.900964 0.000000
vn -0.433893 -0.900964 0.000000
vn -0.388438 -0.921475 0.000000
vn -0.388438 -0.921475 0.000000
vn -0.342005 -0.939698 0.000000
vn -0.342005 -0.939698 0.000000
vn -0.294760 -0.955571 0.000000
vn -0.294760 -0.955571 0.000000
vn -0.246753 -0.969078 0.000000
vn -0.246753 -0.969078 0.000000
vn -0.198151 -0.980172 0.000000
vn -0.198151 -0.980172 0.000000
vn -0.149038 -0.988831 0.000000
vn -0.149038 -0.988831 0.000000
vn -0.099585 -0.995029 0.000000
vn -0.099585 -0.995029 0.000000
vn -0.049835 -0.998757 0.000000
vn -0.049835 -0.998757 0.000000
vn 0.000000 -1.000000 0.000000
vn 0.049835 -0.998757 0.000000
vn 0.000000 -1.000000 0.000000
vn 0.049835 -0.998757 0.000000
vn 0.099585 -0.995029 0.000000
vn 0.099585 -0.995029 0.000000
vn 0.149038 -0.988831 0.000000
vn 0.149038 -0.988831 0.000000
vn 0.198151 -0.980172 0.000000
vn 0.198151 -0.980172 0.000000
vn 0.246753 -0.969078 0.000000
vn 0.246753 -0.969078 0.000000
vn 0.294760 -0.955571 0.000000
vn 0.294760 -0.955571 0.000000
vn 0.342005 -0.939698 0.000000
vn 0.342005 -0.939698 0.000000
vn 0.388438 -0.921475 0.000000
vn 0.388438 -0.921475 0.000000
vn 0.433893 -0.900964 0.000000
vn 0.433893 -0.900964 0.000000
vn 0.478249 -0.878224 0.000000
vn 0.478249 -0.878224 0.000000
vn 0.521432 -0.853293 0.000000
vn 0.521432 -0.853293 0.000000
vn 0.563319 -0.826239 0.000000
vn 0.563319 -0.826239 0.000000
vn 0.603803 -0.797134 0.000000
vn 0.603803 -0.797134 0.000000
vn 0.642794 -0.766039 0.000000
vn 0.642794 -0.766039 0.000000
vn 0.680166 -0.733058 0.000000
vn 0.680166 -0.733058 0.000000
vn 0.715865 -0.698239 0.000000
vn 0.715865 -0.698239 0.000000
vn 0.749790 -0.661676 0.000000
vn 0.749790 -0.661676 0.000000
vn 0.781830 -0.623491 0.000000
vn 0.781830 -0.623491 0.000000
vn 0.811932 -0.583752 0.000000
vn 0.811932 -0.583752 0.000000
vn 0.840029 -0.542541 0.000000
vn 0.866026 -0.499999 0.000000
vn 0.840029 -0.542541 0.000000
vn 0.866026 -0.499999 0.000000
vn 0.889872 -0.456210 0.000000
vn 0.889872 -0.456210 0.000000
vn 0.911506 -0.411288 0.000000
vn 0.911506 -0.411288 0.000000
vn 0.930873 -0.365343 0.000000
vn 0.930873 -0.365343 0.000000
vn 0.947928 -0.318486 0.000000
vn 0.947928 -0.318486 0.000000
vn 0.962624 -0.270843 0.000000
vn 0.962624 -0.270843 0.000000
vn 0.974929 -0.222518 0.000000
vn 0.974929 -0.222518 0.000000
vn 0.984807 -0.173650 0.000000
vn 0.984807 -0.173650 0.000000
vn 0.992239 -0.124343 0.000000
vn 0.992239 -0.124343 0.000000
vn 0.997204 -0.074729 0.000000
vn 0.997204 -0.074729 0.000000
vn 0.999689 -0.024930 0.000000
vn 0.999689 -0.024930 0.000000
vn 0.999689 0.024930 0.000000
vn 0.999689 0.024930 -0.000000
vn 0.997204 0.074729 0.000000
vn 0.997204 0.074729 -0.000000
vn 0.992239 0.124343 0.000000
vn 0.992239 0.124343 -0.000000
vn 0.984807 0.173650 0.000000
vn 0.984807 0.173650 -0.000000
vn 0.974929 0.222518 0.000000
vn 0.974929 0.222518 -0.000000
vn 0.962624 0.270843 0.000000
vn 0.962624 0.270843 -0.000000
vn 0.947928 0.318486 0.000000
vn 0.947928 0.318486 -0.000000
vn 0.930873 0.365343 0.000000
vn 0.930873 0.365343 -0.000000
vn 0.911506 0.411288 0.000000
vn 0.911506 0.411288 -0.000000
vn 0.889872 0.456210 0.000000
vn 0.889872 0.456210 -0.000000
vn 0.866026 0.499999 0.000000
vn 0.866026 0.499999 -0.000000
vn 0.840029 0.542541 0.000000
vn 0.840029 0.542541 -0.000000
vn 0.811932 0.583752 0.000000
vn 0.811932 0.583752 -0.000000
vn 0.781830 0.623491 0.000000
vn 0.781830 0.623491 -0.000000
vn 0.749790 0.661676 0.000000
vn 0.749790 0.661676 -0.000000
vn 0.715865 0.698239 0.000000
vn 0.715865 0.698239 -0.000000
vn 0.680166 0.733058 0.000000
vn 0.680166 0.733058 -0.000000
vn 0.642794 0.766039 0.000000
vn 0.642794 0.766039 -0.000000
vn 0.603803 0.797134 0.000000
vn 0.603803 0.797134 -0.000000
vn 0.563319 0.826239 -0.000000
vn 0.563319 0.826239 0.000000
vn 0.521432 0.853293 -0.000000
vn 0.521432 0.853293 0.000000
vn 0.478249 0.878224 -0.000000
vn 0.478249 0.878224 0.000000
vn 0.433893 0.900964 -0.000000
vn 0.433893 0.900964 0.000000
vn 0.388438 0.921475 -0.000000
vn 0.388438 0.921475 0.000000
vn 0.342005 0.939698 0.000000
vn 0.342005 0.939698 -0.000000
vn 0.294760 0.955571 0.000000
vn 0.294760 0.955571 -0.000000
vn 0.246753 0.969078 0.000000
vn 0.246753 0.969078 -0.000000
vn 0.198151 0.980172 0.000000
vn 0.198151 0.980172 -0.000000
vn 0.149038 0.988831 0.000000
vn 0.149038 0.988831 -0.000000
vn 0.099585 0.995029 0.000000
vn 0.099585 0.995029 -0.000000
vn 0.049835 0.998757 0.000000
vn 0.049835 0.998757 -0.000000
vn 0.000000 1.000000 0.000000
vn 0.000000 1.000000 -0.000000
vn -0.049835 0.998757 0.000000
vn -0.049835 0.998757 0.000000
vn -0.099585 0.995029 0.000000
vn -0.099585 0.995029 0.000000
vn -0.149038 0.988831 0.000000
vn -0.149038 0.988831 0.000000
vn -0.198151 0.980172 0.000000
vn -0.198151 0.980172 0.000000
vn -0.246753 0.969078 0.000000
vn -0.246753 0.969078 0.000000
vn -0.294760 0.955571 0.000000
vn -0.294760 0.955571 0.000000
vn -0.342005 0.939698 0.000000
vn -0.342005 0.939698 0.000000
vn -0.388438 0.921475 0.000000
vn -0.388438 0.921475 0.000000
vn -0.433893 0.900964 0.000000
vn -0.433893 0.900964 0.000000
vn -0.478249 0.878224 0.000000
vn -0.478249 0.878224 0.000000
vn -0.521432 0.853293 0.000000
vn -0.521432 0.853293 0.000000
vn -0.563319 0.826239 0.000000
vn -0.563319 0.826239 0.000000
vn -0.603803 0.797134 0.000000
vn -0.603803 0.797134 0.000000
vn -0.642794 0.766039 0.000000
vn -0.642794 0.766039 0.000000
vn -0.680166 0.733058 0.000000
vn -0.680166 0.733058 0.000000
vn -0.715865 0.698239 0.000000
vn -0.715865 0.698239 0.000000
vn -0.749790 0.661676 0.000000
vn -0.749790 0.661676 0.000000
vn -0.781830 0.623491 0.000000
vn -0.781830 0.623491 0.000000
vn -0.811932 0.583752 0.000000
vn -0.811932 0.583752 0.000000
vn -0.840029 0.542541 0.000000
vn -0.840029 0.542541 0.000000
vn -0.866026 0.499999 0.000000
vn -0.866026 0.499999 0.000000
vn -0.889872 0.456210 0.000000
vn -0.889872 0.456210 0.000000
vn -0.911506 0.411288 0.000000
vn -0.911506 0.411288 0.000000
vn -0.930873 0.365343 0.000000
vn -0.930873 0.365343 0.000000
vn -0.947928 0.318486 0.000000
vn -0.947928 0.318486 0.000000
vn -0.962624 0.270843 0.000000
vn -0.962624 0.270843 0.000000
vn -0.974929 0.222518 0.000000
vn -0.974929 0.222518 0.000000
vn -0.984807 0.173650 0.000000
vn -0.984807 0.173650 0.000000
vn -0.992239 0.124343 0.000000
vn -0.992239 0.124343 0.000000
vn -0.997204 0.074729 0.000000
vn -0.997204 0.074729 0.000000
vn -0.999689 0.024930 0.000000
vn -0.999689 0.024930 0.000000
vn -0.999689 -0.024930 0.000000
vn -0.999689 -0.024930 0.000000
vn -0.997204 -0.074729 0.000000
vn -0.997204 -0.074729 0.000000
vn -0.992239 -0.124343 0.000000
vn -0.992239 -0.124343 0.000000
vn -0.984807 -0.173650 0.000000
vn -0.984807 -0.173650 0.000000
vn -0.974929 -0.222518 0.000000
vn -0.974929 -0.222518 0.000000
vn -0.962624 -0.270843 0.000000
vn -0.947925 -0.318492 0.000000
vn -0.962624 -0.270843 0.000000
vn -0.947925 -0.318492 0.000000
vn -0.930873 -0.365343 0.000000
vn -0.930873 -0.365343 0.000000
vn -0.911509 -0.411280 0.000000
vn -0.911509 -0.411280 0.000000
vn -0.889868 -0.456219 0.000000
vn -0.866031 -0.499990 0.000000
vn -0.889868 -0.456219 0.000000
vn -0.866031 -0.499990 0.000000
vn -0.840029 -0.542541 0.000000
vn -0.840029 -0.542541 0.000000
vn -0.811939 -0.583742 0.000000
vn -0.811939 -0.583742 0.000000
vn -0.781822 -0.623502 0.000000
vn -0.781822 -0.623502 0.000000
vn -0.749790 -0.661676 0.000000
vn -0.749790 -0.661676 0.000000
vn -0.715854 -0.698250 0.000000
vn -0.715854 -0.698250 0.000000
vn -0.680178 -0.733047 0.000000
vn -0.642782 -0.766049 0.000000
vn -0.680178 -0.733047 0.000000
vn -0.642782 -0.766049 0.000000
vn -0.603803 -0.797134 0.000000
vn -0.603803 -0.797134 0.000000
vn -0.563334 -0.826229 0.000000
vn -0.521432 -0.853293 0.000000
vn -0.563334 -0.826229 0.000000
vn -0.478249 -0.878224 0.000000
vn -0.521432 -0.853293 0.000000
vn -0.478249 -0.878224 0.000000
vn -0.433876 -0.900973 0.000000
vn -0.433876 -0.900973 0.000000
vn -0.388438 -0.921475 0.000000
vn -0.388438 -0.921475 0.000000
vn -0.342024 -0.939691 0.000000
vn -0.342024 -0.939691 0.000000
vn -0.294760 -0.955571 0.000000
vn -0.294760 -0.955571 0.000000
vn -0.246773 -0.969073 0.000000
vn -0.246773 -0.969073 0.000000
vn -0.198151 -0.980172 0.000000
vn -0.198151 -0.980172 0.000000
vn -0.149017 -0.988835 0.000000
vn -0.149017 -0.988835 0.000000
vn -0.099585 -0.995029 0.000000
vn -0.099585 -0.995029 0.000000
vn -0.049814 -0.998758 0.000000
vn -0.049814 -0.998758 0.000000
vn 0.000000 -1.000000 0.000000
vn 0.049814 -0.998758 0.000000
vn 0.000000 -1.000000 0.000000
vn 0.049814 -0.998758 0.000000
vn 0.099585 -0.995029 0.000000
vn 0.099585 -0.995029 0.000000
vn 0.149017 -0.988835 0.000000
vn 0.149017 -0.988835 0.000000
vn 0.198151 -0.980172 0.000000
vn 0.198151 -0.980172 0.000000
vn 0.246773 -0.969073 0.000000
vn 0.246773 -0.969073 0.000000
vn 0.294760 -0.955571 0.000000
vn 0.294760 -0.955571 0.000000
vn 0.342024 -0.939691 0.000000
vn 0.342024 -0.939691 0.000000
vn 0.388438 -0.921475 0.000000
vn 0.388438 -0.921475 0.000000
vn 0.433876 -0.900973 0.000000
vn 0.433876 -0.900973 0.000000
vn 0.478249 -0.878224 0.000000
vn 0.478249 -0.878224 0.000000
vn 0.521432 -0.853293 0.000000
vn 0.521432 -0.853293 0.000000
vn 0.563334 -0.826229 0.000000
vn 0.563334 -0.826229 0.000000
vn 0.603803 -0.797134 0.000000
vn 0.603803 -0.797134 0.000000
vn 0.642782 -0.766049 0.000000
vn 0.642782 -0.766049 0.000000
vn 0.680178 -0.733047 0.000000
vn 0.680178 -0.733047 0.000000
vn 0.715854 -0.698250 0.000000
vn 0.715854 -0.698250 0.000000
vn 0.749790 -0.661676 0.000000
vn 0.749790 -0.661676 0.000000
vn 0.781822 -0.623502 0.000000
vn 0.781822 -0.623502 0.000000
vn 0.811939 -0.583742 0.000000
vn 0.811939 -0.583742 0.000000
vn 0.840029 -0.542541 0.000000
vn 0.866031 -0.499990 0.000000
vn 0.840029 -0.542541 0.000000
vn 0.866031 -0.499990 0.000000
vn 0.889868 -0.456219 0.000000
vn 0.889868 -0.456219 0.000000
vn 0.911509 -0.411280 0.000000
vn 0.911509 -0.411280 0.000000
vn 0.930873 -0.365343 0.000000
vn 0.930873 -0.365343 0.000000
vn 0.947925 -0.318492 0.000000
vn 0.947925 -0.318492 0.000000
vn 0.962624 -0.270843 0.000000
vn 0.962624 -0.270843 0.000000
vn 0.974929 -0.222518 0.000000
vn 0.974929 -0.222518 0.000000
vn 0.984807 -0.173650 0.000000
vn 0.984807 -0.173650 0.000000
vn 0.992239 -0.124343 0.000000
vn 0.992239 -0.124343 0.000000
vn 0.997204 -0.074729 0.000000
vn 0.997204 -0.074729 0.000000
vn 0.999689 -0.024930 0.000000
vn 0.999689 -0.024930 0.000000
vn 0.999689 0.024930 0.000000
vn 0.999689 0.024930 -0.000000
vn 0.997204 0.074729 0.000000
vn 0.997204 0.074729 -0.000000
vn 0.992239 0.124343 0.000000
vn 0.992239 0.124343 -0.000000
vn 0.984807 0.173650 0.000000
vn 0.984807 0.173650 -0.000000
vn 0.974929 0.222518 0.000000
vn 0.974929 0.222518 -0.000000
vn 0.962624 0.270843 0.000000
vn 0.962624 0.270843 -0.000000
vn 0.947928 0.318486 0.000000
vn 0.947928 0.318486 -0.000000
vn 0.930873 0.365343 0.000000
vn 0.930873 0.365343 -0.000000
vn 0.911506 0.411288 0.000000
vn 0.911506 0.411288 -0.000000
vn 0.889872 0.456210 0.000000
vn 0.889872 0.456210 -0.000000
vn 0.866026 0.499999 0.000000
vn 0.866026 0.499999 -0.000000
vn 0.840029 0.542541 0.000000
vn 0.840029 0.542541 -0.000000
vn 0.811932 0.583752 0.000000
vn 0.811932 0.583752 -0.000000
vn 0.781830 0.623491 0.000000
vn 0.781830 0.623491 -0.000000
vn 0.749790 0.661676 0.000000
vn 0.749790 0.661676 -0.000000
vn 0.715865 0.698239 0.000000
vn 0.715865 0.698239 -0.000000
vn 0.680166 0.733058 0.000000
vn 0.680166 0.733058 -0.000000
vn 0.642794 0.766039 0.000000
vn 0.642794 0.766039 -0.000000
vn 0.603803 0.797134 0.000000
vn 0.603803 0.797134 -0.000000
vn 0.563319 0.826239 -0.000000
vn 0.563319 0.826239 0.000000
vn 0.521432 0.853293 -0.000000
vn 0.521432 0.853293 0.000000
vn 0.478249 0.878224 -0.000000
vn 0.478249 0.878224 0.000000
vn 0.433893 0.900964 -0.000000
vn 0.433893 0.900964 0.000000
vn 0.388438 0.921475 -0.000000
vn 0.388438 0.921475 0.000000
vn 0.342005 0.939698 0.000000
vn 0.342005 0.939698 -0.000000
vn 0.294760 0.955571 0.000000
vn 0.294760 0.955571 -0.000000
vn 0.246753 0.969078 0.000000
vn 0.246753 0.969078 -0.000000
vn 0.198151 0.980172 0.000000
vn 0.198151 0.980172 -0.000000
vn 0.149038 0.988831 0.000000
vn 0.149038 0.988831 -0.000000
vn 0.099585 0.995029 0.000000
vn 0.099585 0.995029 -0.000000
vn 0.049835 0.998757 0.000000
vn 0.049835 0.998757 -0.000000
vn 0.000000 1.000000 0.000000
vn 0.000000 1.000000 -0.000000
vn -0.049835 0.998757 0.000000
vn -0.049835 0.998757 0.000000
vn -0.099585 0.995029 0.000000
vn -0.099585 0.995029 0.000000
vn -0.149038 0.988831 0.000000
vn -0.149038 0.988831 0.000000
vn -0.198151 0.980172 0.000000
vn -0.198151 0.980172 0.000000
vn -0.246753 0.969078 0.000000
vn -0.246753 0.969078 0.000000
vn -0.294760 0.955571 0.000000
vn -0.294760 0.955571 0.000000
vn -0.342005 0.939698 0.000000
vn -0.342005 0.939698 0.000000
vn -0.388438 0.921475 0.000000
vn -0.388438 0.921475 0.000000
vn -0.433893 0.900964 0.000000
vn -0.433893 0.900964 0.000000
vn -0.478249 0.878224 0.000000
vn -0.478249 0.878224 0.000000
vn -0.521432 0.853293 0.000000
vn -0.521432 0.853293 0.000000
vn -0.563319 0.826239 0.000000
vn -0.563319 0.826239 0.000000
vn -0.603803 0.797134 0.000000
vn -0.603803 0.797134 0.000000
vn -0.642794 0.766039 0.000000
vn -0.642794 0.766039 0.000000
vn -0.680166 0.733058 0.000000
vn -0.680166 0.733058 0.000000
vn -0.715865 0.698239 0.000000
vn -0.715865 0.698239 0.000000
vn -0.749790 0.661676 0.000000
vn -0.749790 0.661676 0.000000
vn -0.781830 0.623491 0.000000
vn -0.781830 0.623491 0.000000
vn -0.811932 0.583752 0.000000
vn -0.811932 0.583752 0.000000
vn -0.840029 0.542541 0.000000
vn -0.840029 0.542541 0.000000
vn -0.866026 0.499999 0.000000
vn -0.866026 0.499999 0.000000
vn -0.889872 0.456210 0.000000
vn -0.889872 0.456210 0.000000
vn -0.911506 0.411288 0.000000
vn -0.911506 0.411288 0.000000
vn -0.930873 0.365343 0.000000
vn -0.930873 0.365343 0.000000
vn -0.947928 0.318486 0.000000
vn -0.947928 0.318486 0.000000
vn -0.962624 0.270843 0.000000
vn -0.962624 0.270843 0.000000
vn -0.974929 0.222518 0.000000
vn -0.974929 0.222518 0.000000
vn -0.984807 0.173650 0.000000
vn -0.984807 0.173650 0.000000
vn -0.992239 0.124343 0.000000
vn -0.992239 0.124343 0.000000
vn -0.997204 0.074729 0.000000
vn -0.997204 0.074729 0.000000
vn -0.999689 0.024930 0.000000
vn -0.999689 0.024930 0.000000
vn 0.000000 0.000000 1.000000
vn 0.000000 -0.000000 1.000000
vn 0.000000 -0.000000 1.000000
vn -0.999209 -0.039752 0.000552
vn -0.999245 -0.038840 0.000383
vn -0.999169 -0.040745 0.000784
vn -0.999279 -0.037954 0.000255
vn -0.999126 -0.041791 0.001090
vn -0.999311 -0.037117 0.000161
vn -0.999079 -0.042877 0.001485
vn -0.999337 -0.036420 0.000102
vn -0.999030 -0.043999 0.001990
vn -0.999365 -0.035641 0.000054
vn -0.998976 -0.045172 0.002639
vn -0.999383 -0.035116 0.000030
vn -0.999399 -0.034667 0.000017
vn -0.998920 -0.046337 0.003432
vn -0.999418 -0.034112 0.000006
vn -0.998860 -0.047537 0.004436
vn -0.999430 -0.033746 0.000002
vn -0.998794 -0.048772 0.005705
vn -0.999438 -0.033512 0.000000
vn -0.998723 -0.049993 0.007252
vn -0.999426 -0.033870 0.000001
vn -0.998645 -0.051231 0.009191
vn -0.998554 -0.052478 0.011618
vn -0.998449 -0.053711 0.014622
vn -0.998322 -0.054926 0.018357
vn -0.998737 -0.050242 -0.000000
vn -0.998384 -0.056810 0.001568
vn -0.997673 -0.068173 0.000513
vn -0.997473 -0.071042 0.000298
vn -0.997263 -0.073935 0.000138
vn -0.997045 -0.076825 0.000035
vn -0.996812 -0.079784 -0.000007
vn -0.996569 -0.082764 0.000015
vn -0.996311 -0.085815 0.000107
vn -0.996042 -0.088885 0.000270
vn -0.995759 -0.091998 0.000510
vn -0.995459 -0.095190 0.000832
vn -0.994611 -0.103658 0.002020
vn -0.995148 -0.098376 0.001231
vn -0.988642 -0.150277 0.002060
vn -0.992240 -0.124317 -0.002218
vn -0.980489 -0.196564 0.002071
vn -0.984969 -0.172714 -0.002244
vn -0.970170 -0.242417 0.002054
vn -0.975340 -0.220697 -0.002241
vn -0.957708 -0.287734 0.002008
vn -0.963374 -0.268153 -0.002209
vn -0.943132 -0.332413 0.001935
vn -0.949101 -0.314964 -0.002150
vn -0.926471 -0.376362 0.001833
vn -0.932555 -0.361023 -0.002062
vn -0.907764 -0.419479 0.001703
vn -0.913775 -0.406215 -0.001946
vn -0.887053 -0.461665 0.001544
vn -0.892806 -0.450438 -0.001801
vn -0.864380 -0.502837 0.001358
vn -0.869700 -0.493577 -0.001630
vn -0.839800 -0.542894 0.001142
vn -0.844509 -0.535539 -0.001428
vn -0.813361 -0.581758 0.000899
vn -0.817297 -0.576216 -0.001200
vn -0.788126 -0.615514 -0.000942
vn -0.785132 -0.619328 0.000626
vn -0.757072 -0.653331 -0.000658
vn -0.755162 -0.655538 0.000329
vn -0.724195 -0.689595 -0.000342
vn -0.723527 -0.690296 0.000000
vn -0.999488 -0.031984 0.000000
vn 0.999689 0.024930 -0.000000
vn 0.999689 0.024930 0.000000
vn 0.997204 0.074731 0.000000
vn 0.997204 0.074731 -0.000000
vn 0.992239 0.124344 0.000000
vn 0.992239 0.124344 -0.000000
vn 0.984808 0.173648 0.000000
vn 0.984808 0.173648 -0.000000
vn 0.974928 0.222521 0.000000
vn 0.974928 0.222521 -0.000000
vn 0.962624 0.270841 0.000000
vn 0.947927 0.318487 0.000000
vn 0.962624 0.270841 -0.000000
vn 0.947927 0.318487 0.000000
vn 0.930874 0.365340 0.000000
vn 0.930874 0.365340 -0.000000
vn 0.911505 0.411288 0.000000
vn 0.911505 0.411288 -0.000000
vn 0.889873 0.456209 0.000000
vn 0.866025 0.500001 0.000000
vn 0.889873 0.456209 -0.000000
vn 0.866025 0.500001 0.000000
vn 0.840026 0.542546 -0.000000
vn 0.840026 0.542546 0.000000
vn 0.811939 0.583743 -0.000000
vn 0.811939 0.583743 0.000000
vn 0.781829 0.623493 -0.000000
vn 0.781829 0.623493 0.000000
vn 0.749784 0.661682 0.000000
vn 0.749784 0.661682 -0.000000
vn 0.715867 0.698237 0.000000
vn 0.715867 0.698237 -0.000000
vn 0.680170 0.733055 0.000000
vn 0.642792 0.766041 0.000000
vn 0.680170 0.733055 -0.000000
vn 0.642792 0.766041 0.000000
vn 0.603799 0.797137 -0.000000
vn 0.603799 0.797137 0.000000
vn 0.563322 0.826237 0.000000
vn 0.521436 0.853290 0.000000
vn 0.563322 0.826237 -0.000000
vn 0.478250 0.878224 0.000000
vn 0.521436 0.853290 0.000000
vn 0.478250 0.878224 0.000000
vn 0.433885 0.900968 0.000000
vn 0.433885 0.900968 -0.000000
vn 0.388440 0.921474 0.000000
vn 0.388440 0.921474 -0.000000
vn 0.342020 0.939693 0.000000
vn 0.342020 0.939693 -0.000000
vn 0.294750 0.955575 0.000000
vn 0.294750 0.955575 -0.000000
vn 0.246760 0.969077 0.000000
vn 0.246760 0.969077 -0.000000
vn 0.198151 0.980172 0.000000
vn 0.198151 0.980172 -0.000000
vn 0.149034 0.988832 0.000000
vn 0.149034 0.988832 -0.000000
vn 0.099573 0.995030 0.000000
vn 0.099573 0.995030 -0.000000
vn 0.049844 0.998757 0.000000
vn 0.049844 0.998757 -0.000000
vn 0.000000 1.000000 0.000000
vn -0.049844 0.998757 0.000000
vn 0.000000 1.000000 -0.000000
vn -0.049844 0.998757 0.000000
vn -0.099573 0.995030 0.000000
vn -0.099573 0.995030 0.000000
vn -0.149034 0.988832 0.000000
vn -0.149034 0.988832 0.000000
vn -0.198151 0.980172 0.000000
vn -0.198151 0.980172 0.000000
vn -0.246760 0.969077 0.000000
vn -0.246760 0.969077 0.000000
vn -0.294750 0.955575 0.000000
vn -0.294750 0.955575 0.000000
vn -0.342020 0.939693 0.000000
vn -0.342020 0.939693 0.000000
vn -0.388440 0.921474 0.000000
vn -0.388440 0.921474 0.000000
vn -0.433885 0.900968 0.000000
vn -0.433885 0.900968 0.000000
vn -0.478250 0.878224 0.000000
vn -0.478250 0.878224 0.000000
vn -0.521436 0.853290 0.000000
vn -0.521436 0.853290 0.000000
vn -0.563322 0.826237 0.000000
vn -0.563322 0.826237 0.000000
vn -0.603799 0.797137 0.000000
vn -0.603799 0.797137 0.000000
vn -0.642792 0.766041 0.000000
vn -0.642792 0.766041 0.000000
vn -0.680170 0.733055 0.000000
vn -0.680170 0.733055 0.000000
vn -0.715867 0.698237 0.000000
vn -0.715867 0.698237 0.000000
vn -0.749784 0.661682 0.000000
vn -0.749784 0.661682 0.000000
vn -0.781829 0.623493 0.000000
vn -0.781829 0.623493 0.000000
vn -0.811939 0.583743 0.000000
vn -0.811939 0.583743 0.000000
vn -0.840026 0.542546 0.000000
vn -0.866025 0.500001 0.000000
vn -0.840026 0.542546 0.000000
vn -0.866025 0.500001 0.000000
vn -0.889873 0.456209 0.000000
vn -0.889873 0.456209 0.000000
vn -0.911505 0.411288 0.000000
vn -0.911505 0.411288 0.000000
vn -0.930874 0.365340 0.000000
vn -0.930874 0.365340 0.000000
vn -0.947927 0.318487 0.000000
vn -0.947927 0.318487 0.000000
vn -0.962624 0.270841 0.000000
vn -0.962624 0.270841 0.000000
vn -0.974928 0.222521 0.000000
vn -0.974928 0.222521 0.000000
vn -0.984808 0.173648 0.000000
vn -0.984808 0.173648 0.000000
vn -0.992239 0.124344 0.000000
vn -0.992239 0.124344 0.000000
vn -0.997204 0.074731 0.000000
vn -0.997204 0.074731 0.000000
vn -0.999689 0.024930 0.000000
vn -0.999689 0.024930 0.000000
vn -0.999689 -0.024930 0.000000
vn -0.999689 -0.024930 0.000000
vn -0.997204 -0.074731 0.000000
vn -0.997204 -0.074731 0.000000
vn -0.992239 -0.124344 0.000000
vn -0.992239 -0.124344 0.000000
vn -0.984808 -0.173648 0.000000
vn -0.984808 -0.173648 0.000000
vn -0.974928 -0.222521 0.000000
vn -0.974928 -0.222521 0.000000
vn -0.962624 -0.270841 0.000000
vn -0.962624 -0.270841 0.000000
vn -0.947927 -0.318487 0.000000
vn -0.947927 -0.318487 0.000000
vn -0.930874 -0.365340 0.000000
vn -0.930874 -0.365340 0.000000
vn -0.911505 -0.411288 0.000000
vn -0.911505 -0.411288 0.000000
vn -0.889873 -0.456209 0.000000
vn -0.889873 -0.456209 0.000000
vn -0.866025 -0.500001 0.000000
vn -0.866025 -0.500001 0.000000
vn -0.840026 -0.542546 0.000000
vn -0.840026 -0.542546 0.000000
vn -0.811937 -0.583745 0.000000
vn -0.811937 -0.583745 0.000000
vn -0.781833 -0.623488 0.000000
vn -0.781833 -0.623488 0.000000
vn -0.749780 -0.661687 0.000000
vn -0.749780 -0.661687 0.000000
vn -0.715867 -0.698237 0.000000
vn -0.715867 -0.698237 0.000000
vn -0.680172 -0.733052 0.000000
vn -0.680172 -0.733052 0.000000
vn -0.642789 -0.766043 0.000000
vn -0.642789 -0.766043 0.000000
vn -0.603805 -0.797132 0.000000
vn -0.603805 -0.797132 0.000000
vn -0.563319 -0.826239 0.000000
vn -0.563319 -0.826239 0.000000
vn -0.521436 -0.853290 0.000000
vn -0.521436 -0.853290 0.000000
vn -0.478254 -0.878222 0.000000
vn -0.478254 -0.878222 0.000000
vn -0.433885 -0.900968 0.000000
vn -0.433885 -0.900968 0.000000
vn -0.388436 -0.921476 0.000000
vn -0.388436 -0.921476 0.000000
vn -0.342020 -0.939693 0.000000
vn -0.342020 -0.939693 0.000000
vn -0.294754 -0.955573 0.000000
vn -0.294754 -0.955573 0.000000
vn -0.246756 -0.969078 0.000000
vn -0.246756 -0.969078 0.000000
vn -0.198146 -0.980173 0.000000
vn -0.198146 -0.980173 0.000000
vn -0.149043 -0.988831 0.000000
vn -0.149043 -0.988831 0.000000
vn -0.099568 -0.995031 0.000000
vn -0.099568 -0.995031 0.000000
vn -0.049844 -0.998757 0.000000
vn -0.049844 -0.998757 0.000000
vn 0.000000 -1.000000 0.000000
vn 0.000000 -1.000000 0.000000
vn 0.049844 -0.998757 0.000000
vn 0.049844 -0.998757 0.000000
vn 0.099568 -0.995031 0.000000
vn 0.099568 -0.995031 0.000000
vn 0.149043 -0.988831 0.000000
vn 0.149043 -0.988831 0.000000
vn 0.198146 -0.980173 0.000000
vn 0.198146 -0.980173 0.000000
vn 0.246756 -0.969078 0.000000
vn 0.246756 -0.969078 0.000000
vn 0.294754 -0.955573 0.000000
vn 0.294754 -0.955573 0.000000
vn 0.342020 -0.939693 0.000000
vn 0.342020 -0.939693 0.000000
vn 0.388436 -0.921476 0.000000
vn 0.388436 -0.921476 0.000000
vn 0.433885 -0.900968 0.000000
vn 0.433885 -0.900968 0.000000
vn 0.478254 -0.878222 0.000000
vn 0.478254 -0.878222 0.000000
vn 0.521436 -0.853290 0.000000
vn 0.521436 -0.853290 0.000000
vn 0.563319 -0.826239 0.000000
vn 0.563319 -0.826239 0.000000
vn 0.603805 -0.797132 0.000000
vn 0.603805 -0.797132 0.000000
vn 0.642789 -0.766043 0.000000
vn 0.642789 -0.766043 0.000000
vn 0.680172 -0.733052 0.000000
vn 0.680172 -0.733052 0.000000
vn 0.715867 -0.698237 0.000000
vn 0.715867 -0.698237 0.000000
vn 0.749780 -0.661687 0.000000
vn 0.749780 -0.661687 0.000000
vn 0.781833 -0.623488 0.000000
vn 0.781833 -0.623488 0.000000
vn 0.811937 -0.583745 0.000000
vn 0.811937 -0.583745 0.000000
vn 0.840026 -0.542546 0.000000
vn 0.840026 -0.542546 0.000000
vn 0.866025 -0.500001 0.000000
vn 0.866025 -0.500001 0.000000
vn 0.889873 -0.456209 0.000000
vn 0.889873 -0.456209 0.000000
vn 0.911505 -0.411288 0.000000
vn 0.911505 -0.411288 0.000000
vn 0.930874 -0.365340 0.000000
vn 0.930874 -0.365340 0.000000
vn 0.947927 -0.318487 0.000000
vn 0.947927 -0.318487 0.000000
vn 0.962624 -0.270841 0.000000
vn 0.962624 -0.270841 0.000000
vn 0.974928 -0.222521 0.000000
vn 0.974928 -0.222521 0.000000
vn 0.984808 -0.173648 0.000000
vn 0.984808 -0.173648 0.000000
vn 0.992239 -0.124344 0.000000
vn 0.992239 -0.124344 0.000000
vn 0.997204 -0.074731 0.000000
vn 0.997204 -0.074731 0.000000
vn 0.999689 -0.024930 0.000000
vn 0.999689 -0.024930 0.000000
vn 0.000000 0.000000 -1.000000
vn 0.000000 0.000000 -1.000000
vn 0.000000 0.000000 -1.000000
vn 0.000000 -0.000000 -1.000000
vn 0.000000 0.000000 -1.000000
vn 0.000000 0.000000 -1.000000
vn 0.000000 -0.000000 -1.000000
vn 0.000000 0.000000 -1.000000
vn 0.000000 0.000000 -1.000000
vn 0.000000 0.000000 -1.000000
vn 0.000000 -0.000000 -1.000000
vn 0.000000 0.000000 -1.000000
vn 0.000000 0.000000 -1.000000
vn 0.000000 0.000000 -1.000000
vn 0.000000 -0.000000 -1.000000
vn 0.000000 0.000000 -1.000000
vn 0.000000 0.000000 -1.000000
vn 0.000000 0.000000 -1.000000
vn 0.000000 -0.000000 -1.000000
vn 0.000000 0.000000 -1.000000
vn 0.000000 0.000000 -1.000000
vn 0.000000 0.000000 -1.000000
vn 0.000000 -0.000000 -1.000000
vn 0.000000 0.000000 -1.000000
vn 0.000000 0.000000 -1.000000
vn 0.000000 -0.000000 -1.000000
vn 0.000000 0.000000 -1.000000
vn 0.000000 0.000000 -1.000000
vn 0.000000 0.000000 -1.000000
vn 0.000000 -0.000000 -1.000000
vn 0.000000 0.000000 -1.000000
vn 0.000000 0.000000 -1.000000
vn 0.000000 0.000000 -1.000000
vn 0.000000 -0.000000 -1.000000
vn 0.000000 0.000000 -1.000000
vn 0.000000 0.000000 -1.000000
vn 0.000000 0.000000 -1.000000
vn 0.000000 -0.000000 -1.000000
vn 0.000000 0.000000 -1.000000
vn 0.000000 0.000000 -1.000000
vn 0.000000 -0.000000 -1.000000
vn 0.000000 0.000000 -1.000000
vn 0.000000 0.000000 -1.000000
vn 0.000000 0.000000 -1.000000
vn 0.000000 -0.000000 -1.000000
vn 0.000000 0.000000 -1.000000
vn 0.000000 0.000000 -1.000000
vn 0.000000 0.000000 -1.000000
vn 0.000000 -0.000000 -1.000000
vn 0.000000 0.000000 -1.000000
vn 0.000000 0.000000 -1.000000
vn 0.000000 -0.000000 -1.000000
vn 0.000000 0.000000 -1.000000
vn 0.000000 0.000000 -1.000000
vn 0.000000 0.000000 -1.000000
vn 0.000000 -0.000000 -1.000000
vn 0.000000 0.000000 -1.000000
vn 0.000000 0.000000 -1.000000
vn 0.000000 -0.000000 -1.000000
vn 0.000000 0.000000 -1.000000
vn 0.000000 0.000000 -1.000000
vn 0.000000 0.000000 -1.000000
vn 0.000000 0.000000 -1.000000
vn 0.000000 0.000000 -1.000000
vn 0.000000 0.000000 -1.000000
vn 0.000000 0.000000 -1.000000
vn 0.000000 0.000000 -1.000000
vn 0.000000 0.000000 -1.000000
vn 0.000000 0.000000 -1.000000
vn 0.000000 0.000000 -1.000000
vn 0.000000 0.000000 -1.000000
vn 0.000000 0.000000 -1.000000
vn 0.000000 0.000000 -1.000000
vn 0.000000 0.000000 -1.000000
vn 0.000000 0.000000 -1.000000
vn 0.000000 0.000000 -1.000000
vn 0.000000 -0.000000 -1.000000
vn 0.000000 0.000000 -1.000000
vn 0.000000 0.000000 -1.000000
vn 0.000000 -0.000000 -1.000000
vn 0.000000 -0.000000 -1.000000
vn 0.000000 0.000000 -1.000000
vn 0.000000 0.000000 -1.000000
vn 0.000000 0.000000 -1.000000
vn 0.000000 0.000000 -1.000000
vn 0.000000 -0.000000 -1.000000
vn 0.000000 0.000000 -1.000000
vn 0.000000 0.000000 -1.000000
vn 0.000000 -0.000000 -1.000000
vn 0.000000 0.000000 -1.000000
vn 0.000000 0.000000 -1.000000
vn 0.000000 0.000000 -1.000000
vn 0.000000 -0.000000 -1.000000
vn 0.000000 0.000000 -1.000000
vn 0.000000 0.000000 -1.000000
vn 0.000000 0.000000 -1.000000
vn 0.000000 -0.000000 -1.000000
vn 0.000000 0.000000 -1.000000
vn 0.000000 0.000000 -1.000000
vn 0.000000 0.000000 -1.000000
vn 0.000000 -0.000000 -1.000000
vn 0.000000 0.000000 -1.000000
vn 0.000000 0.000000 -1.000000
vn 0.000000 0.000000 -1.000000
vn 0.000000 0.000000 -1.000000
vn 0.000000 0.000000 -1.000000
vn 0.000000 0.000000 -1.000000
vn 0.000000 0.000000 -1.000000
vn 0.000000 0.000000 -1.000000
vn 0.000000 0.000000 -1.000000
vn 0.000000 0.000000 -1.000000
vn 0.000000 0.000000 -1.000000
vn 0.000000 0.000000 -1.000000
vn 0.000000 -0.000000 -1.000000
vn 0.000000 0.000000 -1.000000
vn 0.000000 0.000000 -1.000000
vn 0.000000 -0.000000 -1.000000
vn 0.000000 0.000000 -1.000000
vn 0.000000 -0.000000 -1.000000
vn 0.000000 0.000000 -1.000000
vn 0.000000 -0.000000 -1.000000
vn 0.000000 -0.000000 -1.000000
vn 0.000000 0.000000 -1.000000
vn 0.000000 0.000000 -1.000000
vn 0.000000 0.000000 -1.000000
vn 0.000000 0.000000 -1.000000
vn 0.000000 0.000000 -1.000000
vn 0.000000 0.000000 -1.000000
vn 0.000000 0.000000 -1.000000
vn 0.000000 0.000000 -1.000000
vn 0.000000 0.000000 -1.000000
vn 0.000000 0.000000 -1.000000
vn 0.000000 0.000000 -1.000000
vn 0.000000 0.000000 -1.000000
vn 0.000000 0.000000 -1.000000
vn 0.000000 0.000000 -1.000000
vn 0.000000 0.000000 -1.000000
vn 0.000000 0.000000 -1.000000
vn 0.000000 0.000000 -1.000000
vn 0.000000 0.000000 -1.000000
vn 0.000000 0.000000 -1.000000
vn 0.000000 0.000000 -1.000000
vn 0.000000 -0.000000 -1.000000
vn 0.000000 0.000000 -1.000000
vn 0.000000 0.000000 -1.000000
vn 0.000000 -0.000000 -1.000000
vn 0.000000 0.000000 -1.000000
vn 0.000000 0.000000 -1.000000
vn 0.000000 0.000000 -1.000000
vn 0.000000 -0.000000 -1.000000
vn 0.000000 0.000000 -1.000000
vn 0.000000 0.000000 -1.000000
vn 0.000000 -0.000000 -1.000000
vn 0.000000 0.000000 -1.000000
vn 0.000000 0.000000 -1.000000
vn 0.000000 -0.000000 -1.000000
vn 0.000000 0.000000 -1.000000
vn 0.000000 0.000000 -1.000000
vn 0.000000 0.000000 -1.000000
vn 0.000000 0.000000 -1.000000
vn 0.000000 0.000000 -1.000000
vn 0.000000 0.000000 -1.000000
vn 0.000000 -0.000000 -1.000000
vn 0.000000 0.000000 -1.000000
vn 0.000000 0.000000 -1.000000
vn 0.000000 0.000000 -1.000000
vn 0.000000 0.000000 -1.000000
vn 0.000000 0.000000 -1.000000
vn 0.000000 -0.000000 -1.000000
vn 0.000000 0.000000 -1.000000
vn 0.000000 0.000000 -1.000000
vn 0.000000 -0.000000 -1.000000
vn 0.000000 0.000000 -1.000000
vn 0.000000 0.000000 -1.000000
vn 0.000000 0.000000 -1.000000
vn 0.000000 -0.000000 -1.000000
vn 0.000000 0.000000 -1.000000
vn 0.000000 0.000000 -1.000000
vn 0.000000 0.000000 -1.000000
vn 0.000000 0.000000 -1.000000
vn 0.000000 0.000000 -1.000000
vn 0.000000 0.000000 -1.000000
vn 0.000000 -0.000000 -1.000000
vn 0.000000 0.000000 -1.000000
vn 0.000000 -0.000000 -1.000000
vn 0.000000 0.000000 -1.000000
vn 0.000000 0.000000 -1.000000
vn 0.000000 0.000000 -1.000000
vn 0.000000 0.000000 -1.000000
vn 0.000000 -0.000000 -1.000000
vn 0.000000 0.000000 -1.000000
vn 0.000000 0.000000 -1.000000
vn 0.000000 0.000000 -1.000000
vn 0.000000 0.000000 -1.000000
vn 0.000000 0.000000 -1.000000
vn 0.000000 0.000000 -1.000000
vn 0.000000 -0.000000 -1.000000
vn 0.000000 0.000000 -1.000000
vn 0.000000 0.000000 -1.000000
vn 0.000000 0.000000 -1.000000
vn 0.000000 0.000000 -1.000000
vn 0.000000 0.000000 -1.000000
vn 0.000000 -0.000000 -1.000000
vn 0.000000 0.000000 -1.000000
vn 0.000000 0.000000 -1.000000
vn 0.000000 -0.000000 -1.000000
vn 0.000000 0.000000 -1.000000
vn 0.000000 -0.000000 -1.000000
vn 0.000000 0.000000 -1.000000
vn 0.000000 0.000000 -1.000000
vn 0.000000 0.000000 -1.000000
vn 0.000000 0.000000 -1.000000
vn 0.000000 0.000000 -1.000000
vn 0.000000 0.000000 -1.000000
vn 0.000000 0.000000 -1.000000
vn 0.000000 0.000000 -1.000000
vn 0.000000 0.000000 -1.000000
vn 0.000000 0.000000 -1.000000
vn 0.000000 0.000000 -1.000000
vn 0.000000 0.000000 -1.000000
vn 0.000000 0.000000 -1.000000
vn 0.000000 0.000000 -1.000000
vn 0.000000 0.000000 -1.000000
vn 0.000000 0.000000 -1.000000
vn 0.000000 0.000000 -1.000000
vn 0.000000 -0.000000 -1.000000
vn 0.000000 0.000000 -1.000000
vn 0.000000 0.000000 -1.000000
vn 0.000000 0.000000 -1.000000
vn 0.000000 0.000000 -1.000000
vn 0.000000 0.000000 -1.000000
vn 0.000000 0.000000 -1.000000
vn 0.000000 0.000000 -1.000000
vn 0.000000 0.000000 -1.000000
vn 0.000000 0.000000 -1.000000
vn 0.000000 0.000000 -1.000000
vn 0.000000 0.000000 -1.000000
vn 0.000000 0.000000 -1.000000
vn 0.000000 0.000000 -1.000000
vn 0.000000 -0.000000 -1.000000
vn 0.000000 0.000000 -1.000000
vn 0.000000 0.000000 -1.000000
vn 0.000000 0.000000 -1.000000
vn 0.000000 0.000000 -1.000000
vn 0.000000 0.000000 -1.000000
vn 0.000000 0.000000 -1.000000
vn 0.000000 0.000000 -1.000000
vn 0.000000 0.000000 -1.000000
vn 0.000000 0.000000 -1.000000
vn 0.000000 0.000000 -1.000000
vn 0.000000 0.000000 -1.000000
vn 0.000000 0.000000 -1.000000
vn 0.000000 -0.000000 -1.000000
vn 0.000000 0.000000 -1.000000
vn 0.000000 0.000000 -1.000000
vn 0.000000 0.000000 -1.000000
vn 0.000000 0.000000 -1.000000
vn 0.000000 0.000000 -1.000000
vn 0.000000 0.000000 -1.000000
vn 0.000000 0.000000 -1.000000
vn 0.000000 0.000000 -1.000000
vn 0.000000 0.000000 -1.000000
vn 0.000000 0.000000 -1.000000
vn 0.000000 -0.000000 -1.000000
vn 0.000000 -0.000000 -1.000000
vn 0.000000 0.000000 -1.000000
vn 0.000000 0.000000 -1.000000
vn 0.000000 0.000000 -1.000000
vn 0.000000 0.000000 -1.000000
vn 0.000000 -0.000000 -1.000000
vn 0.000000 0.000000 -1.000000
vn 0.000000 0.000000 -1.000000
vn 0.000000 0.000000 -1.000000
vn 0.000000 0.000000 -1.000000
vn 0.000000 0.000000 -1.000000
vn 0.000000 0.000000 -1.000000
vn 0.000000 0.000000 -1.000000
vn 0.000000 0.000000 -1.000000
vn 0.000000 0.000000 -1.000000
vn 0.000000 0.000000 -1.000000
vn 0.000000 0.000000 -1.000000
vn 0.000000 0.000000 -1.000000
vn 0.000000 0.000000 -1.000000
vn 0.000000 0.000000 -1.000000
vn 0.000000 0.000000 -1.000000
vn 0.000000 0.000000 -1.000000
vn 0.000000 0.000000 -1.000000
vn 0.000000 0.000000 -1.000000
vn 0.000000 0.000000 -1.000000
vn 0.000000 0.000000 -1.000000
vn 0.000000 0.000000 -1.000000
vn 0.000000 0.000000 -1.000000
vn 0.000000 0.000000 -1.000000
vn 0.000000 0.000000 -1.000000
vn 0.000000 0.000000 -1.000000
vn 0.000000 0.000000 -1.000000
vn 0.000000 0.000000 -1.000000
vn 0.000000 0.000000 -1.000000
vn 0.000000 0.000000 -1.000000
vn 0.000000 0.000000 -1.000000
vn 0.000000 0.000000 -1.000000
vn 0.000000 0.000000 -1.000000
vn 0.000000 0.000000 -1.000000
vn 0.000000 0.000000 -1.000000
vn 0.000000 0.000000 -1.000000
vn 0.000000 0.000000 -1.000000
vn 0.000000 0.000000 -1.000000
vn 0.000000 0.000000 -1.000000
vn 0.000000 0.000000 -1.000000
vn 0.000000 -0.000000 -1.000000
vn 0.000000 0.000000 -1.000000
vn 0.000000 0.000000 -1.000000
vn 0.000000 0.000000 -1.000000
vn 0.000000 0.000000 -1.000000
vn 0.000000 0.000000 -1.000000
vn 0.000000 0.000000 -1.000000
vn 0.000000 0.000000 -1.000000
vn 0.000000 -0.000000 -1.000000
vn 0.000000 0.000000 -1.000000
vn 0.000000 0.000000 -1.000000
vn 0.000000 0.000000 -1.000000
vn 0.000000 -0.000000 -1.000000
vn 0.000000 0.000000 -1.000000
vn 0.000000 0.000000 -1.000000
vn 0.000000 0.000000 -1.000000
vn 0.000000 0.000000 -1.000000
vn 0.000000 0.000000 -1.000000
vn 0.000000 0.000000 -1.000000
vn 0.000000 -0.000000 -1.000000
vn 0.000000 0.000000 -1.000000
vn 0.000000 0.000000 -1.000000
vn 0.000000 0.000000 -1.000000
vn 0.000000 0.000000 -1.000000
vn 0.000000 -0.000000 -1.000000
vn 0.000000 0.000000 -1.000000
vn 0.000000 0.000000 -1.000000
vn 0.000000 0.000000 -1.000000
vn 0.000000 0.000000 -1.000000
vn 0.000000 0.000000 -1.000000
vn 0.000000 -0.000000 -1.000000
vn 0.000000 0.000000 -1.000000
vn 0.000000 0.000000 -1.000000
vn 0.000000 -0.000000 -1.000000
vn 0.000000 0.000000 -1.000000
vn 0.000000 0.000000 -1.000000
vn 0.000000 0.000000 -1.000000
vn 0.000000 -0.000000 -1.000000
vn 0.000000 0.000000 -1.000000
vn 0.000000 0.000000 -1.000000
vn 0.000000 -0.000000 -1.000000
vn 0.000000 0.000000 -1.000000
vn 0.000000 -0.000000 -1.000000
vn 0.000000 -0.000000 -1.000000
vn 0.000000 0.000000 -1.000000
vn 0.000000 0.000000 -1.000000
vn 0.000000 -0.000000 -1.000000
vn 0.000000 0.000000 -1.000000
vn 0.000000 -0.000000 -1.000000
vn 0.000000 0.000000 -1.000000
vn 0.000000 -0.000000 -1.000000
vn 0.000000 -0.000000 -1.000000
vn 0.000000 0.000000 -1.000000
vn 0.000000 -0.000000 -1.000000
vn 0.000000 0.000000 -1.000000
vn 0.000000 0.000000 -1.000000
vn 0.000000 -0.000000 -1.000000
vn 0.000000 0.000000 -1.000000
vn 0.000000 -0.000000 -1.000000
vn 0.000000 0.000000 -1.000000
vn 0.000000 0.000000 -1.000000
vn 0.000000 -0.000000 -1.000000
vn 0.000000 0.000000 -1.000000
vn 0.000000 -0.000000 -1.000000
vn 0.000000 -0.000000 -1.000000
vn 0.000000 0.000000 -1.000000
vn 0.000000 -0.000000 -1.000000
vn 0.000000 -0.000000 -1.000000
vn 0.000000 0.000000 -1.000000
vn 0.000000 -0.000000 -1.000000
vn 0.000000 -0.000000 -1.000000
f 1//1 2//1 3//1
f 4//2 1//2 3//2
f 5//3 4//3 3//3
f 6//4 5//4 3//4
f 7//5 6//5 3//5
f 7//6 3//6 8//6
f 9//7 7//7 8//7
f 10//8 9//8 8//8
f 11//9 10//9 8//9
f 11//10 8//10 12//10
f 13//11 11//11 12//11
f 14//12 13//12 12//12
f 15//13 14//13 12//13
f 16//14 15//14 12//14
f 17//15 16//15 12//15
f 18//16 17//16 12//16
f 19//17 18//17 12//17
f 19//18 12//18 20//18
f 21//19 19//19 20//19
f 22//20 21//20 20//20
f 23//21 22//21 20//21
f 24//22 23//22 20//22
f 24//23 20//23 25//23
f 26//24 24//24 25//24
f 27//25 26//25 25//25
f 28//26 27//26 25//26
f 29//27 25//27 30//27
f 29//28 28//28 25//28
f 31//29 29//29 30//29
f 32//30 31//30 30//30
f 33//31 32//31 30//31
f 34//32 33//32 30//32
f 35//33 34//33 30//33
f 36//34 35//34 30//34
f 37//35 38//35 39//35
f 37//36 40//36 38//36
f 41//37 36//37 30//37
f 42//38 41//38 30//38
f 43//39 42//39 30//39
f 44//40 43//40 30//40
f 45//41 44//41 30//41
f 45//42 46//42 47//42
f 45//43 47//43 44//43
f 48//44 46//44 45//44
f 49//45 39//45 50//45
f 49//46 37//46 39//46
f 51//47 45//47 52//47
f 53//48 49//48 54//48
f 55//49 56//49 52//49
f 57//50 53//50 58//50
f 59//51 60//51 55//51
f 61//52 57//52 62//52
f 63//53 64//53 59//53
f 65//54 61//54 66//54
f 67//55 68//55 63//55
f 69//56 65//56 70//56
f 71//57 72//57 67//57
f 73//58 69//58 74//58
f 75//59 76//59 71//59
f 77//60 73//60 78//60
f 79//61 80//61 75//61
f 81//62 77//62 82//62
f 83//63 84//63 79//63
f 85//64 81//64 86//64
f 87//65 88//65 83//65
f 89//66 85//66 90//66
f 91//67 92//67 87//67
f 93//68 89//68 94//68
f 95//69 96//69 91//69
f 97//70 98//70 99//70
f 97//71 93//71 98//71
f 100//72 101//72 95//72
f 102//73 99//73 103//73
f 102//74 97//74 99//74
f 104//75 105//75 106//75
f 104//76 106//76 100//76
f 107//77 103//77 105//77
f 107//78 102//78 103//78
f 108//79 107//79 105//79
f 109//80 105//80 104//80
f 109//81 108//81 105//81
f 109//82 104//82 110//82
f 111//83 109//83 110//83
f 111//84 110//84 112//84
f 113//85 111//85 112//85
f 113//86 112//86 114//86
f 115//87 113//87 114//87
f 115//88 114//88 116//88
f 117//89 115//89 116//89
f 117//90 116//90 118//90
f 119//91 117//91 118//91
f 119//92 118//92 120//92
f 121//93 119//93 120//93
f 121//94 120//94 122//94
f 123//95 121//95 122//95
f 123//96 122//96 124//96
f 125//97 123//97 124//97
f 125//98 124//98 126//98
f 127//99 125//99 126//99
f 127//100 126//100 128//100
f 129//101 127//101 128//101
f 129//102 128//102 130//102
f 131//103 130//103 132//103
f 131//104 129//104 130//104
f 133//105 132//105 134//105
f 133//106 131//106 132//106
f 135//107 133//107 134//107
f 135//108 134//108 136//108
f 137//109 136//109 138//109
f 137//110 135//110 136//110
f 139//111 138//111 140//111
f 139//112 137//112 138//112
f 141//113 140//113 142//113
f 141//114 139//114 140//114
f 143//115 142//115 144//115
f 143//116 141//116 142//116
f 145//117 144//117 146//117
f 145//118 143//118 144//118
f 147//119 146//119 148//119
f 147//120 145//120 146//120
f 149//121 148//121 150//121
f 149//122 147//122 148//122
f 151//123 150//123 152//123
f 151//124 149//124 150//124
f 153//125 152//125 154//125
f 153//126 151//126 152//126
f 155//127 154//127 156//127
f 155//128 153//128 154//128
f 157//129 156//129 158//129
f 157//130 155//130 156//130
f 159//131 158//131 160//131
f 159//132 157//132 158//132
f 161//133 160//133 162//133
f 161//134 159//134 160//134
f 163//135 162//135 164//135
f 163//136 161//136 162//136
f 165//137 164//137 166//137
f 165//138 163//138 164//138
f 167//139 166//139 168//139
f 167//140 165//140 166//140
f 169//141 168//141 170//141
f 169//142 167//142 168//142
f 171//143 170//143 172//143
f 171//144 169//144 170//144
f 173//145 172//145 174//145
f 173//146 171//146 172//146
f 175//147 174//147 176//147
f 175//148 173//148 174//148
f 177//149 176//149 178//149
f 177//150 175//150 176//150
f 179//151 178//151 180//151
f 179//152 177//152 178//152
f 181//153 180//153 182//153
f 181//154 179//154 180//154
f 183//155 182//155 184//155
f 183//156 181//156 182//156
f 185//157 183//157 184//157
f 185//158 184//158 186//158
f 187//159 185//159 186//159
f 187//160 186//160 188//160
f 189//161 187//161 188//161
f 189//162 188//162 190//162
f 191//163 189//163 190//163
f 191//164 190//164 192//164
f 193//165 191//165 192//165
f 193//166 192//166 194//166
f 195//167 193//167 194//167
f 195//168 194//168 196//168
f 197//169 198//169 199//169
f 197//170 199//170 200//170
f 197//171 200//171 201//171
f 197//172 201//172 202//172
f 203//173 195//173 196//173
f 203//174 198//174 197//174
f 203//175 196//175 198//175
f 204//176 203//176 197//176
f 204//177 197//177 205//177
f 206//178 207//178 208//178
f 209//179 206//179 208//179
f 210//180 208//180 211//180
f 210//181 209//181 208//181
f 212//182 210//182 211//182
f 213//183 212//183 211//183
f 214//184 211//184 215//184
f 214//185 213//185 211//185
f 216//186 214//186 215//186
f 217//187 216//187 215//187
f 218//188 217//188 215//188
f 219//189 218//189 215//189
f 220//190 219//190 215//190
f 221//191 215//191 222//191
f 221//192 220//192 215//192
f 223//193 221//193 222//193
f 224//194 223//194 222//194
f 225//195 224//195 222//195
f 226//196 225//196 222//196
f 227//197 222//197 228//197
f 227//198 226//198 222//198
f 229//199 227//199 228//199
f 230//200 229//200 228//200
f 231//201 230//201 228//201
f 232//202 228//202 233//202
f 232//203 231//203 228//203
f 234//204 232//204 233//204
f 235//205 234//205 233//205
f 236//206 235//206 233//206
f 237//207 236//207 233//207
f 238//208 237//208 233//208
f 239//209 240//209 241//209
f 239//210 205//210 240//210
f 239//211 204//211 205//211
f 239//212 242//212 243//212
f 239//213 241//213 242//213
f 244//214 238//214 233//214
f 245//215 244//215 233//215
f 246//216 245//216 233//216
f 247//217 246//217 233//217
f 248//218 249//218 247//218
f 248//219 250//219 249//219
f 248//220 251//220 250//220
f 248//221 247//221 233//221
f 252//222 251//222 248//222
f 253//223 239//223 243//223
f 253//224 243//224 254//224
f 255//225 248//225 256//225
f 257//226 253//226 258//226
f 259//227 260//227 256//227
f 261//228 257//228 262//228
f 263//229 264//229 259//229
f 265//230 261//230 266//230
f 267//231 268//231 263//231
f 269//232 265//232 270//232
f 271//233 272//233 267//233
f 273//234 269//234 274//234
f 275//235 276//235 271//235
f 277//236 273//236 278//236
f 279//237 280//237 275//237
f 281//238 277//238 282//238
f 283//239 284//239 279//239
f 285//240 281//240 286//240
f 287//241 288//241 283//241
f 289//242 285//242 290//242
f 291//243 292//243 287//243
f 293//244 289//244 294//244
f 295//245 296//245 291//245
f 297//246 293//246 298//246
f 299//247 300//247 295//247
f 301//248 302//248 303//248
f 301//249 297//249 302//249
f 304//250 305//250 299//250
f 306//251 303//251 307//251
f 306//252 301//252 303//252
f 308//253 309//253 310//253
f 308//254 310//254 304//254
f 311//255 307//255 309//255
f 311//256 306//256 307//256
f 312//257 311//257 309//257
f 313//258 308//258 314//258
f 313//259 309//259 308//259
f 313//260 312//260 309//260
f 315//261 314//261 316//261
f 315//262 313//262 314//262
f 317//263 316//263 318//263
f 317//264 315//264 316//264
f 319//265 318//265 320//265
f 319//266 317//266 318//266
f 321//267 320//267 322//267
f 321//268 319//268 320//268
f 323//269 321//269 322//269
f 323//270 322//270 324//270
f 325//271 323//271 324//271
f 325//272 324//272 326//272
f 327//273 325//273 326//273
f 327//274 326//274 328//274
f 329//275 327//275 328//275
f 329//276 328//276 330//276
f 331//277 329//277 330//277
f 331//278 330//278 332//278
f 333//279 331//279 332//279
f 333//280 332//280 334//280
f 335//281 333//281 334//281
f 335//282 334//282 336//282
f 337//283 335//283 336//283
f 337//284 336//284 338//284
f 339//285 338//285 340//285
f 339//286 337//286 338//286
f 341//287 340//287 342//287
f 341//288 339//288 340//288
f 343//289 342//289 344//289
f 343//290 341//290 342//290
f 345//291 344//291 346//291
f 345//292 343//292 344//292
f 347//293 346//293 348//293
f 347//294 345//294 346//294
f 349//295 348//295 350//295
f 349//296 347//296 348//296
f 351//297 350//297 352//297
f 351//298 349//298 350//298
f 353//299 352//299 354//299
f 353//300 351//300 352//300
f 355//301 354//301 356//301
f 355//302 353//302 354//302
f 357//303 356//303 358//303
f 357//304 355//304 356//304
f 359//305 358//305 360//305
f 359//306 357//306 358//306
f 361//307 360//307 362//307
f 361//308 359//308 360//308
f 363//309 362//309 364//309
f 363//310 361//310 362//310
f 365//311 364//311 366//311
f 365//312 363//312 364//312
f 367//313 366//313 368//313
f 367//314 365//314 366//314
f 369//315 368//315 370//315
f 369//316 367//316 368//316
f 371//317 370//317 372//317
f 371//318 369//318 370//318
f 373//319 371//319 372//319
f 373//320 372//320 374//320
f 375//321 373//321 374//321
f 375//322 374//322 376//322
f 377//323 375//323 376//323
f 377//324 376//324 378//324
f 379//325 377//325 378//325
f 379//326 378//326 380//326
f 381//327 379//327 380//327
f 381//328 380//328 382//328
f 383//329 381//329 382//329
f 383//330 382//330 384//330
f 385//331 383//331 384//331
f 385//332 384//332 386//332
f 387//333 385//333 386//333
f 387//334 386//334 388//334
f 389//335 387//335 388//335
f 389//336 388//336 390//336
f 391//337 389//337 390//337
f 391//338 390//338 392//338
f 393//339 391//339 392//339
f 393//340 392//340 394//340
f 395//341 393//341 394//341
f 395//342 394//342 396//342
f 397//343 395//343 396//343
f 397//344 396//344 398//344
f 399//345 397//345 398//345
f 399//346 398//346 400//346
f 401//347 402//347 403//347
f 401//348 403//348 404//348
f 401//349 404//349 405//349
f 401//350 405//350 406//350
f 407//351 399//351 400//351
f 407//352 402//352 401//352
f 407//353 400//353 402//353
f 408//354 407//354 401//354
f 408//355 401//355 409//355
f 37//356 410//356 40//356
f 37//357 409//357 410//357
f 37//358 408//358 409//358
f 94//359 98//359 93//359
f 90//360 94//360 89//360
f 86//361 90//361 85//361
f 82//362 86//362 81//362
f 78//363 82//363 77//363
f 74//364 78//364 73//364
f 70//365 74//365 69//365
f 66//366 70//366 65//366
f 62//367 66//367 61//367
f 58//368 62//368 57//368
f 54//369 58//369 53//369
f 50//370 54//370 49//370
f 106//371 101//371 100//371
f 101//372 96//372 95//372
f 96//373 92//373 91//373
f 92//374 88//374 87//374
f 88//375 84//375 83//375
f 84//376 80//376 79//376
f 80//377 76//377 75//377
f 76//378 72//378 71//378
f 72//379 68//379 67//379
f 68//380 64//380 63//380
f 64//381 60//381 59//381
f 60//382 56//382 55//382
f 56//383 51//383 52//383
f 51//384 48//384 45//384
f 298//385 302//385 297//385
f 294//386 298//386 293//386
f 290//387 294//387 289//387
f 286//388 290//388 285//388
f 282//389 286//389 281//389
f 278//390 282//390 277//390
f 274//391 278//391 273//391
f 270//392 274//392 269//392
f 266//393 270//393 265//393
f 262//394 266//394 261//394
f 258//395 262//395 257//395
f 254//396 258//396 253//396
f 310//397 305//397 304//397
f 305//398 300//398 299//398
f 300//399 296//399 295//399
f 296//400 292//400 291//400
f 292//401 288//401 287//401
f 288//402 284//402 283//402
f 284//403 280//403 279//403
f 280//404 276//404 275//404
f 276//405 272//405 271//405
f 272//406 268//406 267//406
f 268//407 264//407 263//407
f 264//408 260//408 259//408
f 260//409 255//409 256//409
f 255//410 252//410 248//410
f 411//411 412//411 413//411
f 414//412 211//412 208//412
f 415//413 211//413 414//413
f 411//414 415//414 412//414
f 412//415 415//415 414//415
f 416//416 208//416 207//416
f 416//417 414//417 208//417
f 417//418 207//418 206//418
f 417//419 416//419 207//419
f 418//420 206//420 209//420
f 418//421 417//421 206//421
f 419//422 209//422 210//422
f 419//423 418//423 209//423
f 420//424 210//424 212//424
f 420//425 419//425 210//425
f 421//426 212//426 213//426
f 421//427 420//427 212//427
f 422//428 421//428 213//428
f 422//429 213//429 214//429
f 423//430 422//430 214//430
f 423//431 214//431 216//431
f 424//432 216//432 217//432
f 424//433 423//433 216//433
f 425//434 424//434 217//434
f 425//435 217//435 218//435
f 426//436 218//436 219//436
f 426//437 425//437 218//437
f 427//438 219//438 220//438
f 427//439 426//439 219//439
f 428//440 220//440 221//440
f 428//441 427//441 220//441
f 429//442 221//442 223//442
f 429//443 428//443 221//443
f 430//444 223//444 224//444
f 430//445 429//445 223//445
f 431//446 224//446 225//446
f 431//447 430//447 224//447
f 432//448 225//448 226//448
f 432//449 431//449 225//449
f 433//450 226//450 227//450
f 433//451 432//451 226//451
f 434//452 227//452 229//452
f 434//453 433//453 227//453
f 435//454 229//454 230//454
f 435//455 434//455 229//455
f 436//456 230//456 231//456
f 436//457 435//457 230//457
f 437//458 231//458 232//458
f 437//459 436//459 231//459
f 438//460 232//460 234//460
f 438//461 437//461 232//461
f 439//462 234//462 235//462
f 439//463 438//463 234//463
f 440//464 235//464 236//464
f 440//465 439//465 235//465
f 441//466 236//466 237//466
f 441//467 440//467 236//467
f 442//468 237//468 238//468
f 442//469 441//469 237//469
f 443//470 238//470 244//470
f 443//471 442//471 238//471
f 444//472 244//472 245//472
f 444//473 443//473 244//473
f 445//474 245//474 246//474
f 445//475 444//475 245//475
f 446//476 246//476 247//476
f 446//477 445//477 246//477
f 447//478 446//478 247//478
f 447//479 247//479 249//479
f 448//480 447//480 249//480
f 448//481 249//481 250//481
f 449//482 448//482 250//482
f 449//483 250//483 251//483
f 450//484 449//484 251//484
f 450//485 251//485 252//485
f 233//486 415//486 451//486
f 228//487 415//487 233//487
f 222//488 415//488 228//488
f 215//489 415//489 222//489
f 211//490 415//490 215//490
f 252//491 452//491 450//491
f 255//492 453//492 452//492
f 255//493 452//493 252//493
f 260//494 454//494 453//494
f 260//495 453//495 255//495
f 264//496 454//496 260//496
f 455//497 454//497 264//497
f 268//498 455//498 264//498
f 456//499 455//499 268//499
f 272//500 456//500 268//500
f 457//501 456//501 272//501
f 276//502 457//502 272//502
f 458//503 457//503 276//503
f 280//504 458//504 276//504
f 459//505 458//505 280//505
f 284//506 459//506 280//506
f 460//507 459//507 284//507
f 288//508 460//508 284//508
f 461//509 460//509 288//509
f 292//510 461//510 288//510
f 462//511 461//511 292//511
f 296//512 462//512 292//512
f 463//513 462//513 296//513
f 300//514 463//514 296//514
f 464//515 463//515 300//515
f 305//516 464//516 300//516
f 465//517 305//517 310//517
f 465//518 464//518 305//518
f 304//519 466//519 467//519
f 308//520 304//520 467//520
f 308//521 467//521 468//521
f 299//522 466//522 304//522
f 299//523 469//523 466//523
f 314//524 468//524 470//524
f 314//525 308//525 468//525
f 295//526 469//526 299//526
f 295//527 471//527 469//527
f 316//528 314//528 470//528
f 316//529 470//529 472//529
f 291//530 471//530 295//530
f 291//531 473//531 471//531
f 318//532 316//532 472//532
f 318//533 472//533 474//533
f 287//534 473//534 291//534
f 287//535 475//535 473//535
f 320//536 318//536 474//536
f 320//537 474//537 476//537
f 283//538 475//538 287//538
f 283//539 477//539 475//539
f 322//540 476//540 478//540
f 322//541 320//541 476//541
f 279//542 477//542 283//542
f 279//543 479//543 477//543
f 324//544 322//544 478//544
f 324//545 478//545 480//545
f 275//546 479//546 279//546
f 275//547 481//547 479//547
f 326//548 324//548 480//548
f 326//549 480//549 482//549
f 271//550 481//550 275//550
f 271//551 483//551 481//551
f 328//552 326//552 482//552
f 328//553 482//553 484//553
f 267//554 483//554 271//554
f 267//555 485//555 483//555
f 330//556 328//556 484//556
f 330//557 484//557 486//557
f 263//558 485//558 267//558
f 263//559 487//559 485//559
f 332//560 330//560 486//560
f 332//561 486//561 488//561
f 259//562 487//562 263//562
f 259//563 489//563 487//563
f 334//564 332//564 488//564
f 334//565 488//565 490//565
f 451//566 491//566 492//566
f 256//567 489//567 259//567
f 256//568 493//568 489//568
f 494//569 491//569 451//569
f 336//570 334//570 490//570
f 336//571 490//571 495//571
f 248//572 451//572 492//572
f 248//573 492//573 493//573
f 248//574 493//574 256//574
f 338//575 336//575 495//575
f 338//576 495//576 496//576
f 233//577 451//577 248//577
f 340//578 338//578 496//578
f 340//579 496//579 497//579
f 498//580 499//580 494//580
f 498//581 494//581 451//581
f 500//582 499//582 498//582
f 342//583 340//583 497//583
f 342//584 497//584 501//584
f 344//585 342//585 501//585
f 344//586 501//586 502//586
f 346//587 502//587 503//587
f 346//588 344//588 502//588
f 196//589 498//589 198//589
f 196//590 504//590 500//590
f 196//591 500//591 498//591
f 348//592 346//592 503//592
f 348//593 503//593 505//593
f 194//594 504//594 196//594
f 194//595 506//595 504//595
f 350//596 348//596 505//596
f 350//597 505//597 507//597
f 192//598 506//598 194//598
f 192//599 508//599 506//599
f 352//600 350//600 507//600
f 352//601 507//601 509//601
f 190//602 510//602 508//602
f 190//603 508//603 192//603
f 354//604 509//604 511//604
f 354//605 352//605 509//605
f 188//606 512//606 510//606
f 188//607 510//607 190//607
f 356//608 511//608 513//608
f 356//609 354//609 511//609
f 186//610 512//610 188//610
f 186//611 514//611 512//611
f 358//612 513//612 515//612
f 358//613 356//613 513//613
f 184//614 514//614 186//614
f 184//615 516//615 514//615
f 360//616 515//616 517//616
f 360//617 358//617 515//617
f 182//618 516//618 184//618
f 182//619 518//619 516//619
f 362//620 517//620 519//620
f 362//621 360//621 517//621
f 180//622 520//622 518//622
f 180//623 518//623 182//623
f 364//624 519//624 521//624
f 364//625 362//625 519//625
f 178//626 520//626 180//626
f 522//627 520//627 178//627
f 366//628 364//628 521//628
f 523//629 366//629 521//629
f 176//630 522//630 178//630
f 524//631 522//631 176//631
f 368//632 366//632 523//632
f 525//633 368//633 523//633
f 174//634 524//634 176//634
f 526//635 524//635 174//635
f 370//636 368//636 525//636
f 527//637 370//637 525//637
f 172//638 526//638 174//638
f 528//639 526//639 172//639
f 372//640 370//640 527//640
f 529//641 372//641 527//641
f 170//642 528//642 172//642
f 374//643 372//643 529//643
f 530//644 528//644 170//644
f 168//645 530//645 170//645
f 531//646 374//646 529//646
f 376//647 374//647 531//647
f 532//648 530//648 168//648
f 166//649 532//649 168//649
f 533//650 376//650 531//650
f 378//651 376//651 533//651
f 534//652 532//652 166//652
f 164//653 534//653 166//653
f 535//654 378//654 533//654
f 380//655 378//655 535//655
f 536//656 534//656 164//656
f 162//657 536//657 164//657
f 537//658 380//658 535//658
f 382//659 380//659 537//659
f 538//660 536//660 162//660
f 538//661 162//661 160//661
f 539//662 382//662 537//662
f 539//663 384//663 382//663
f 540//664 538//664 160//664
f 540//665 160//665 158//665
f 541//666 384//666 539//666
f 541//667 386//667 384//667
f 542//668 540//668 158//668
f 542//669 158//669 156//669
f 543//670 386//670 541//670
f 543//671 388//671 386//671
f 544//672 542//672 156//672
f 544//673 156//673 154//673
f 545//674 388//674 543//674
f 545//675 390//675 388//675
f 546//676 544//676 154//676
f 546//677 154//677 152//677
f 547//678 392//678 390//678
f 547//679 390//679 545//679
f 548//680 152//680 150//680
f 548//681 546//681 152//681
f 549//682 394//682 392//682
f 549//683 392//683 547//683
f 550//684 150//684 148//684
f 550//685 548//685 150//685
f 551//686 396//686 394//686
f 551//687 394//687 549//687
f 552//688 148//688 146//688
f 552//689 550//689 148//689
f 553//690 398//690 396//690
f 553//691 396//691 551//691
f 554//692 146//692 144//692
f 554//693 552//693 146//693
f 555//694 400//694 398//694
f 555//695 398//695 553//695
f 556//696 144//696 142//696
f 556//697 554//697 144//697
f 557//698 400//698 555//698
f 558//699 400//699 557//699
f 558//700 402//700 400//700
f 559//701 556//701 142//701
f 559//702 142//702 140//702
f 560//703 558//703 557//703
f 561//704 559//704 140//704
f 561//705 140//705 138//705
f 562//706 558//706 560//706
f 563//707 561//707 138//707
f 563//708 138//708 136//708
f 564//709 45//709 30//709
f 564//710 558//710 562//710
f 565//711 564//711 562//711
f 566//712 563//712 136//712
f 566//713 136//713 134//713
f 567//714 45//714 564//714
f 567//715 564//715 565//715
f 568//716 134//716 132//716
f 568//717 566//717 134//717
f 569//718 52//718 45//718
f 569//719 45//719 567//719
f 570//720 132//720 130//720
f 570//721 568//721 132//721
f 571//722 55//722 52//722
f 571//723 52//723 569//723
f 572//724 130//724 128//724
f 572//725 570//725 130//725
f 573//726 59//726 55//726
f 573//727 55//727 571//727
f 574//728 128//728 126//728
f 574//729 572//729 128//729
f 575//730 63//730 59//730
f 575//731 59//731 573//731
f 576//732 574//732 126//732
f 576//733 126//733 124//733
f 577//734 63//734 575//734
f 577//735 67//735 63//735
f 578//736 576//736 124//736
f 578//737 124//737 122//737
f 579//738 71//738 67//738
f 579//739 67//739 577//739
f 580//740 578//740 122//740
f 580//741 122//741 120//741
f 581//742 71//742 579//742
f 581//743 75//743 71//743
f 582//744 580//744 120//744
f 582//745 120//745 118//745
f 583//746 79//746 75//746
f 583//747 75//747 581//747
f 584//748 582//748 118//748
f 584//749 118//749 116//749
f 585//750 79//750 583//750
f 585//751 83//751 79//751
f 586//752 584//752 116//752
f 586//753 116//753 114//753
f 587//754 83//754 585//754
f 587//755 87//755 83//755
f 588//756 586//756 114//756
f 588//757 114//757 112//757
f 589//758 91//758 87//758
f 589//759 87//759 587//759
f 590//760 588//760 112//760
f 590//761 112//761 110//761
f 591//762 91//762 589//762
f 591//763 95//763 91//763
f 592//764 110//764 104//764
f 592//765 590//765 110//765
f 593//766 100//766 95//766
f 593//767 95//767 591//767
f 594//768 592//768 104//768
f 594//769 104//769 100//769
f 594//770 100//770 593//770
f 465//771 309//771 595//771
f 310//772 309//772 465//772
f 596//773 403//773 402//773
f 596//774 404//774 403//774
f 596//775 405//775 404//775
f 596//776 406//776 405//776
f 596//777 402//777 558//777
f 597//778 254//778 413//778
f 597//779 258//779 254//779
f 598//780 262//780 258//780
f 598//781 258//781 597//781
f 599//782 266//782 262//782
f 599//783 262//783 598//783
f 600//784 270//784 266//784
f 600//785 266//785 599//785
f 601//786 274//786 270//786
f 601//787 270//787 600//787
f 602//788 278//788 274//788
f 602//789 274//789 601//789
f 603//790 282//790 278//790
f 603//791 278//791 602//791
f 604//792 286//792 282//792
f 604//793 282//793 603//793
f 605//794 290//794 286//794
f 605//795 286//795 604//795
f 606//796 294//796 290//796
f 606//797 290//797 605//797
f 607//798 298//798 294//798
f 607//799 294//799 606//799
f 608//800 302//800 298//800
f 608//801 298//801 607//801
f 609//802 303//802 302//802
f 609//803 302//803 608//803
f 610//804 307//804 303//804
f 610//805 303//805 609//805
f 611//806 309//806 307//806
f 611//807 307//807 610//807
f 595//808 309//808 611//808
f 406//809 596//809 401//809
f 401//810 596//810 612//810
f 613//811 241//811 614//811
f 613//812 242//812 241//812
f 615//813 243//813 242//813
f 615//814 242//814 613//814
f 413//815 254//815 243//815
f 413//816 243//816 615//816
f 612//817 410//817 409//817
f 612//818 409//818 401//818
f 616//819 40//819 410//819
f 616//820 410//820 612//820
f 240//821 617//821 614//821
f 240//822 614//822 241//822
f 205//823 617//823 240//823
f 197//824 617//824 205//824
f 202//825 618//825 197//825
f 197//826 618//826 617//826
f 619//827 317//827 620//827
f 619//828 315//828 317//828
f 621//829 620//829 317//829
f 621//830 317//830 319//830
f 622//831 315//831 619//831
f 622//832 313//832 315//832
f 623//833 621//833 319//833
f 623//834 319//834 321//834
f 624//835 312//835 313//835
f 624//836 313//836 622//836
f 625//837 623//837 321//837
f 625//838 321//838 323//838
f 626//839 311//839 312//839
f 626//840 312//840 624//840
f 627//841 323//841 325//841
f 627//842 625//842 323//842
f 628//843 306//843 311//843
f 628//844 311//844 626//844
f 629//845 627//845 325//845
f 630//846 301//846 306//846
f 630//847 306//847 628//847
f 631//848 325//848 327//848
f 631//849 629//849 325//849
f 632//850 297//850 301//850
f 632//851 301//851 630//851
f 633//852 631//852 327//852
f 633//853 327//853 329//853
f 634//854 297//854 632//854
f 635//855 329//855 331//855
f 635//856 633//856 329//856
f 636//857 297//857 634//857
f 636//858 293//858 297//858
f 637//859 331//859 333//859
f 637//860 635//860 331//860
f 638//861 293//861 636//861
f 638//862 289//862 293//862
f 639//863 637//863 333//863
f 639//864 333//864 335//864
f 640//865 289//865 638//865
f 640//866 285//866 289//866
f 641//867 639//867 335//867
f 642//868 285//868 640//868
f 642//869 281//869 285//869
f 643//870 641//870 335//870
f 643//871 335//871 337//871
f 644//872 281//872 642//872
f 644//873 277//873 281//873
f 645//874 643//874 337//874
f 645//875 337//875 339//875
f 646//876 277//876 644//876
f 646//877 273//877 277//877
f 647//878 339//878 341//878
f 647//879 645//879 339//879
f 648//880 273//880 646//880
f 648//881 269//881 273//881
f 649//882 647//882 341//882
f 650//883 269//883 648//883
f 650//884 265//884 269//884
f 651//885 649//885 341//885
f 651//886 341//886 343//886
f 652//887 265//887 650//887
f 652//888 261//888 265//888
f 653//889 651//889 343//889
f 653//890 343//890 345//890
f 654//891 261//891 652//891
f 654//892 257//892 261//892
f 655//893 653//893 345//893
f 655//894 345//894 347//894
f 656//895 257//895 654//895
f 656//896 253//896 257//896
f 657//897 347//897 349//897
f 657//898 655//898 347//898
f 658//899 253//899 656//899
f 658//900 239//900 253//900
f 659//901 657//901 349//901
f 660//902 204//902 239//902
f 660//903 239//903 658//903
f 661//904 659//904 349//904
f 661//905 349//905 351//905
f 662//906 204//906 660//906
f 662//907 203//907 204//907
f 663//908 661//908 351//908
f 663//909 351//909 353//909
f 664//910 195//910 203//910
f 664//911 203//911 662//911
f 665//912 353//912 355//912
f 665//913 663//913 353//913
f 666//914 195//914 664//914
f 666//915 193//915 195//915
f 667//916 355//916 357//916
f 667//917 665//917 355//917
f 668//918 191//918 193//918
f 668//919 193//919 666//919
f 669//920 357//920 359//920
f 669//921 667//921 357//921
f 670//922 189//922 191//922
f 670//923 191//923 668//923
f 671//924 669//924 359//924
f 672//925 187//925 189//925
f 672//926 189//926 670//926
f 673//927 359//927 361//927
f 673//928 671//928 359//928
f 674//929 183//929 185//929
f 674//930 185//930 187//930
f 674//931 187//931 672//931
f 675//932 361//932 363//932
f 675//933 673//933 361//933
f 676//934 183//934 674//934
f 677//935 363//935 365//935
f 677//936 675//936 363//936
f 678//937 365//937 367//937
f 678//938 677//938 365//938
f 679//939 678//939 367//939
f 680//940 367//940 369//940
f 680//941 679//941 367//941
f 681//942 680//942 369//942
f 371//943 682//943 681//943
f 371//944 681//944 369//944
f 373//945 682//945 371//945
f 373//946 683//946 682//946
f 375//947 683//947 373//947
f 375//948 684//948 683//948
f 377//949 685//949 684//949
f 377//950 684//950 375//950
f 379//951 686//951 685//951
f 379//952 685//952 377//952
f 381//953 687//953 686//953
f 381//954 688//954 687//954
f 381//955 686//955 379//955
f 689//956 690//956 691//956
f 689//957 692//957 690//957
f 693//958 691//958 690//958
f 693//959 694//959 695//959
f 693//960 690//960 694//960
f 696//961 692//961 689//961
f 696//962 697//962 692//962
f 698//963 693//963 695//963
f 699//964 183//964 676//964
f 699//965 676//965 697//965
f 699//966 697//966 696//966
f 700//967 701//967 702//967
f 700//968 695//968 701//968
f 700//969 698//969 695//969
f 703//970 181//970 183//970
f 703//971 183//971 699//971
f 704//972 700//972 702//972
f 705//973 179//973 181//973
f 705//974 181//974 703//974
f 706//975 704//975 702//975
f 706//976 702//976 707//976
f 708//977 177//977 179//977
f 708//978 179//978 705//978
f 709//979 710//979 711//979
f 709//980 707//980 710//980
f 709//981 706//981 707//981
f 712//982 175//982 177//982
f 712//983 177//983 708//983
f 713//984 711//984 714//984
f 713//985 709//985 711//985
f 715//986 173//986 175//986
f 715//987 175//987 712//987
f 716//988 713//988 714//988
f 716//989 714//989 717//989
f 718//990 173//990 715//990
f 718//991 171//991 173//991
f 719//992 716//992 717//992
f 720//993 171//993 718//993
f 721//994 719//994 717//994
f 721//995 722//995 723//995
f 721//996 717//996 722//996
f 724//997 171//997 720//997
f 724//998 169//998 171//998
f 383//999 725//999 688//999
f 383//1000 688//1000 381//1000
f 726//1001 721//1001 723//1001
f 726//1002 723//1002 727//1002
f 728//1003 169//1003 724//1003
f 728//1004 167//1004 169//1004
f 729//1005 726//1005 727//1005
f 730//1006 167//1006 728//1006
f 731//1007 729//1007 727//1007
f 731//1008 732//1008 733//1008
f 731//1009 727//1009 732//1009
f 734//1010 167//1010 730//1010
f 734//1011 165//1011 167//1011
f 735//1012 731//1012 733//1012
f 735//1013 733//1013 736//1013
f 737//1014 165//1014 734//1014
f 737//1015 163//1015 165//1015
f 738//1016 735//1016 736//1016
f 739//1017 163//1017 737//1017
f 740//1018 736//1018 741//1018
f 740//1019 738//1019 736//1019
f 742//1020 163//1020 739//1020
f 742//1021 161//1021 163//1021
f 385//1022 725//1022 383//1022
f 385//1023 743//1023 725//1023
f 744//1024 740//1024 741//1024
f 744//1025 745//1025 746//1025
f 744//1026 741//1026 745//1026
f 747//1027 161//1027 742//1027
f 748//1028 744//1028 746//1028
f 749//1029 159//1029 161//1029
f 749//1030 161//1030 747//1030
f 750//1031 746//1031 751//1031
f 750//1032 748//1032 746//1032
f 752//1033 159//1033 749//1033
f 753//1034 754//1034 755//1034
f 753//1035 751//1035 754//1035
f 753//1036 750//1036 751//1036
f 756//1037 157//1037 159//1037
f 756//1038 159//1038 752//1038
f 757//1039 753//1039 755//1039
f 757//1040 755//1040 758//1040
f 387//1041 743//1041 385//1041
f 387//1042 759//1042 743//1042
f 760//1043 157//1043 756//1043
f 761//1044 757//1044 758//1044
f 762//1045 157//1045 760//1045
f 763//1046 764//1046 765//1046
f 763//1047 758//1047 764//1047
f 763//1048 761//1048 758//1048
f 155//1049 157//1049 762//1049
f 766//1050 155//1050 762//1050
f 767//1051 763//1051 765//1051
f 768//1052 155//1052 766//1052
f 769//1053 765//1053 770//1053
f 769//1054 767//1054 765//1054
f 389//1055 771//1055 759//1055
f 389//1056 759//1056 387//1056
f 772//1057 769//1057 770//1057
f 772//1058 770//1058 773//1058
f 153//1059 774//1059 775//1059
f 153//1060 768//1060 774//1060
f 153//1061 155//1061 768//1061
f 776//1062 772//1062 773//1062
f 776//1063 777//1063 778//1063
f 776//1064 773//1064 777//1064
f 779//1065 153//1065 775//1065
f 780//1066 776//1066 778//1066
f 391//1067 771//1067 389//1067
f 391//1068 781//1068 771//1068
f 782//1069 783//1069 784//1069
f 782//1070 778//1070 783//1070
f 782//1071 780//1071 778//1071
f 785//1072 782//1072 784//1072
f 151//1073 779//1073 786//1073
f 151//1074 153//1074 779//1074
f 151//1075 786//1075 787//1075
f 788//1076 784//1076 789//1076
f 788//1077 785//1077 784//1077
f 790//1078 791//1078 792//1078
f 790//1079 789//1079 791//1079
f 790//1080 788//1080 789//1080
f 393//1081 793//1081 781//1081
f 393//1082 781//1082 391//1082
f 794//1083 790//1083 792//1083
f 149//1084 151//1084 787//1084
f 149//1085 795//1085 796//1085
f 149//1086 797//1086 795//1086
f 149//1087 787//1087 797//1087
f 798//1088 794//1088 792//1088
f 798//1089 792//1089 799//1089
f 395//1090 793//1090 393//1090
f 395//1091 800//1091 793//1091
f 147//1092 149//1092 796//1092
f 147//1093 801//1093 802//1093
f 147//1094 803//1094 801//1094
f 147//1095 796//1095 803//1095
f 397//1096 804//1096 800//1096
f 397//1097 800//1097 395//1097
f 145//1098 147//1098 802//1098
f 145//1099 805//1099 806//1099
f 145//1100 802//1100 805//1100
f 399//1101 804//1101 397//1101
f 399//1102 807//1102 804//1102
f 143//1103 145//1103 806//1103
f 143//1104 808//1104 809//1104
f 143//1105 810//1105 808//1105
f 143//1106 806//1106 810//1106
f 407//1107 811//1107 807//1107
f 407//1108 807//1108 399//1108
f 141//1109 143//1109 809//1109
f 141//1110 812//1110 813//1110
f 141//1111 814//1111 812//1111
f 141//1112 809//1112 814//1112
f 408//1113 815//1113 811//1113
f 408//1114 811//1114 407//1114
f 139//1115 141//1115 813//1115
f 139//1116 816//1116 817//1116
f 139//1117 818//1117 816//1117
f 139//1118 813//1118 818//1118
f 37//1119 815//1119 408//1119
f 37//1120 819//1120 815//1120
f 137//1121 139//1121 817//1121
f 137//1122 820//1122 821//1122
f 137//1123 822//1123 820//1123
f 137//1124 823//1124 822//1124
f 137//1125 817//1125 823//1125
f 49//1126 824//1126 819//1126
f 49//1127 819//1127 37//1127
f 135//1128 137//1128 821//1128
f 135//1129 825//1129 826//1129
f 135//1130 827//1130 825//1130
f 135//1131 821//1131 827//1131
f 53//1132 828//1132 824//1132
f 53//1133 824//1133 49//1133
f 133//1134 135//1134 826//1134
f 133//1135 829//1135 830//1135
f 133//1136 831//1136 829//1136
f 133//1137 826//1137 831//1137
f 57//1138 832//1138 828//1138
f 57//1139 828//1139 53//1139
f 131//1140 133//1140 830//1140
f 131//1141 833//1141 834//1141
f 131//1142 830//1142 833//1142
f 61//1143 832//1143 57//1143
f 61//1144 835//1144 832//1144
f 129//1145 131//1145 834//1145
f 129//1146 836//1146 837//1146
f 129//1147 838//1147 836//1147
f 129//1148 834//1148 838//1148
f 65//1149 839//1149 835//1149
f 65//1150 835//1150 61//1150
f 127//1151 129//1151 837//1151
f 127//1152 840//1152 841//1152
f 127//1153 842//1153 840//1153
f 127//1154 837//1154 842//1154
f 69//1155 839//1155 65//1155
f 69//1156 843//1156 839//1156
f 125//1157 844//1157 845//1157
f 125//1158 841//1158 844//1158
f 125//1159 127//1159 841//1159
f 73//1160 846//1160 843//1160
f 73//1161 843//1161 69//1161
f 123//1162 125//1162 845//1162
f 123//1163 847//1163 848//1163
f 123//1164 849//1164 847//1164
f 123//1165 845//1165 849//1165
f 77//1166 846//1166 73//1166
f 121//1167 123//1167 848//1167
f 121//1168 850//1168 851//1168
f 121//1169 848//1169 850//1169
f 81//1170 798//1170 799//1170
f 81//1171 799//1171 846//1171
f 81//1172 852//1172 798//1172
f 81//1173 846//1173 77//1173
f 119//1174 121//1174 851//1174
f 119//1175 853//1175 854//1175
f 119//1176 851//1176 853//1176
f 85//1177 852//1177 81//1177
f 85//1178 855//1178 852//1178
f 117//1179 856//1179 857//1179
f 117//1180 854//1180 856//1180
f 117//1181 119//1181 854//1181
f 89//1182 855//1182 85//1182
f 89//1183 858//1183 855//1183
f 115//1184 117//1184 857//1184
f 115//1185 859//1185 860//1185
f 115//1186 857//1186 859//1186
f 93//1187 858//1187 89//1187
f 93//1188 861//1188 858//1188
f 113//1189 115//1189 860//1189
f 113//1190 860//1190 862//1190
f 113//1191 862//1191 863//1191
f 97//1192 864//1192 861//1192
f 97//1193 861//1193 93//1193
f 111//1194 113//1194 863//1194
f 111//1195 863//1195 865//1195
f 102//1196 866//1196 864//1196
f 102//1197 864//1197 97//1197
f 109//1198 111//1198 865//1198
f 109//1199 867//1199 868//1199
f 109//1200 865//1200 867//1200
f 107//1201 866//1201 102//1201
f 107//1202 869//1202 866//1202
f 107//1203 870//1203 869//1203
f 108//1204 109//1204 868//1204
f 108//1205 870//1205 107//1205
f 108//1206 868//1206 870//1206
f 618//1207 199//1207 198//1207
f 618//1208 200//1208 199//1208
f 618//1209 201//1209 200//1209
f 618//1210 202//1210 201//1210
f 618//1211 198//1211 498//1211
f 871//1212 40//1212 616//1212
f 872//1213 38//1213 871//1213
f 871//1214 38//1214 40//1214
f 873//1215 39//1215 872//1215
f 872//1216 39//1216 38//1216
f 873//1217 50//1217 39//1217
f 30//1218 874//1218 564//1218
f 25//1219 874//1219 30//1219
f 20//1220 874//1220 25//1220
f 12//1221 874//1221 20//1221
f 8//1222 874//1222 12//1222
f 875//1223 50//1223 873//1223
f 876//1224 54//1224 875//1224
f 875//1225 54//1225 50//1225
f 877//1226 58//1226 876//1226
f 876//1227 58//1227 54//1227
f 878//1228 62//1228 877//1228
f 877//1229 62//1229 58//1229
f 879//1230 66//1230 878//1230
f 878//1231 66//1231 62//1231
f 880//1232 70//1232 879//1232
f 879//1233 70//1233 66//1233
f 881//1234 74//1234 880//1234
f 880//1235 74//1235 70//1235
f 882//1236 78//1236 881//1236
f 881//1237 78//1237 74//1237
f 883//1238 82//1238 882//1238
f 882//1239 82//1239 78//1239
f 884//1240 86//1240 883//1240
f 883//1241 86//1241 82//1241
f 885//1242 90//1242 884//1242
f 884//1243 90//1243 86//1243
f 886//1244 94//1244 885//1244
f 885//1245 94//1245 90//1245
f 887//1246 98//1246 886//1246
f 886//1247 98//1247 94//1247
f 888//1248 99//1248 887//1248
f 887//1249 99//1249 98//1249
f 889//1250 103//1250 888//1250
f 888//1251 103//1251 99//1251
f 890//1252 105//1252 889//1252
f 889//1253 105//1253 103//1253
f 891//1254 892//1254 873//1254
f 893//1255 8//1255 3//1255
f 874//1256 8//1256 893//1256
f 891//1257 874//1257 893//1257
f 891//1258 893//1258 892//1258
f 105//1259 894//1259 106//1259
f 890//1260 894//1260 105//1260
f 46//1261 895//1261 896//1261
f 46//1262 48//1262 895//1262
f 47//1263 896//1263 897//1263
f 47//1264 46//1264 896//1264
f 44//1265 897//1265 898//1265
f 44//1266 47//1266 897//1266
f 43//1267 898//1267 899//1267
f 43//1268 44//1268 898//1268
f 42//1269 899//1269 900//1269
f 42//1270 43//1270 899//1270
f 41//1271 900//1271 901//1271
f 41//1272 42//1272 900//1272
f 36//1273 901//1273 902//1273
f 36//1274 41//1274 901//1274
f 35//1275 902//1275 903//1275
f 35//1276 36//1276 902//1276
f 34//1277 903//1277 904//1277
f 34//1278 35//1278 903//1278
f 33//1279 904//1279 905//1279
f 33//1280 34//1280 904//1280
f 32//1281 905//1281 906//1281
f 32//1282 33//1282 905//1282
f 31//1283 906//1283 907//1283
f 31//1284 32//1284 906//1284
f 29//1285 907//1285 908//1285
f 29//1286 31//1286 907//1286
f 28//1287 908//1287 909//1287
f 28//1288 29//1288 908//1288
f 27//1289 909//1289 910//1289
f 27//1290 28//1290 909//1290
f 26//1291 910//1291 911//1291
f 26//1292 27//1292 910//1292
f 24//1293 911//1293 912//1293
f 24//1294 26//1294 911//1294
f 23//1295 912//1295 913//1295
f 23//1296 24//1296 912//1296
f 22//1297 913//1297 914//1297
f 22//1298 23//1298 913//1298
f 21//1299 914//1299 915//1299
f 21//1300 22//1300 914//1300
f 19//1301 915//1301 916//1301
f 19//1302 21//1302 915//1302
f 18//1303 916//1303 917//1303
f 18//1304 19//1304 916//1304
f 17//1305 917//1305 918//1305
f 17//1306 18//1306 917//1306
f 16//1307 918//1307 919//1307
f 16//1308 17//1308 918//1308
f 15//1309 919//1309 920//1309
f 15//1310 16//1310 919//1310
f 14//1311 920//1311 921//1311
f 14//1312 15//1312 920//1312
f 13//1313 921//1313 922//1313
f 13//1314 14//1314 921//1314
f 11//1315 922//1315 923//1315
f 11//1316 13//1316 922//1316
f 10//1317 923//1317 924//1317
f 10//1318 11//1318 923//1318
f 9//1319 924//1319 925//1319
f 9//1320 10//1320 924//1320
f 7//1321 9//1321 925//1321
f 7//1322 925//1322 926//1322
f 6//1323 7//1323 926//1323
f 6//1324 926//1324 927//1324
f 5//1325 6//1325 927//1325
f 5//1326 927//1326 928//1326
f 4//1327 5//1327 928//1327
f 4//1328 928//1328 929//1328
f 1//1329 4//1329 929//1329
f 1//1330 929//1330 930//1330
f 2//1331 1//1331 930//1331
f 2//1332 930//1332 931//1332
f 3//1333 2//1333 931//1333
f 3//1334 931//1334 893//1334
f 51//1335 932//1335 48//1335
f 48//1336 932//1336 895//1336
f 56//1337 933//1337 51//1337
f 51//1338 933//1338 932//1338
f 60//1339 934//1339 56//1339
f 56//1340 934//1340 933//1340
f 64//1341 935//1341 60//1341
f 60//1342 935//1342 934//1342
f 68//1343 936//1343 64//1343
f 64//1344 936//1344 935//1344
f 72//1345 937//1345 68//1345
f 68//1346 937//1346 936//1346
f 76//1347 938//1347 72//1347
f 72//1348 938//1348 937//1348
f 80//1349 939//1349 76//1349
f 76//1350 939//1350 938//1350
f 84//1351 940//1351 80//1351
f 80//1352 940//1352 939//1352
f 88//1353 941//1353 84//1353
f 84//1354 941//1354 940//1354
f 92//1355 942//1355 88//1355
f 88//1356 942//1356 941//1356
f 96//1357 943//1357 92//1357
f 92//1358 943//1358 942//1358
f 101//1359 944//1359 96//1359
f 96//1360 944//1360 943//1360
f 106//1361 894//1361 101//1361
f 101//1362 894//1362 944//1362
f 412//1363 414//1363 416//1363
f 412//1364 416//1364 417//1364
f 412//1365 417//1365 418//1365
f 412//1366 418//1366 419//1366
f 412//1367 419//1367 420//1367
f 412//1368 420//1368 421//1368
f 412//1369 421//1369 422//1369
f 412//1370 422//1370 423//1370
f 412//1371 423//1371 424//1371
f 412//1372 424//1372 425//1372
f 412//1373 425//1373 426//1373
f 412//1374 426//1374 427//1374
f 412//1375 427//1375 428//1375
f 429//1376 412//1376 428//1376
f 430//1377 412//1377 429//1377
f 431//1378 412//1378 430//1378
f 432//1379 412//1379 431//1379
f 433//1380 412//1380 432//1380
f 434//1381 412//1381 433//1381
f 435//1382 412//1382 434//1382
f 436//1383 412//1383 435//1383
f 437//1384 412//1384 436//1384
f 438//1385 412//1385 437//1385
f 413//1386 412//1386 438//1386
f 413//1387 438//1387 439//1387
f 597//1388 413//1388 439//1388
f 597//1389 439//1389 440//1389
f 597//1390 440//1390 441//1390
f 597//1391 441//1391 442//1391
f 597//1392 442//1392 443//1392
f 597//1393 443//1393 444//1393
f 597//1394 444//1394 445//1394
f 597//1395 445//1395 446//1395
f 597//1396 446//1396 447//1396
f 597//1397 447//1397 448//1397
f 597//1398 448//1398 449//1398
f 597//1399 449//1399 450//1399
f 598//1400 450//1400 452//1400
f 598//1401 597//1401 450//1401
f 599//1402 452//1402 453//1402
f 599//1403 598//1403 452//1403
f 600//1404 453//1404 454//1404
f 600//1405 599//1405 453//1405
f 601//1406 454//1406 455//1406
f 601//1407 600//1407 454//1407
f 602//1408 455//1408 456//1408
f 602//1409 601//1409 455//1409
f 603//1410 456//1410 457//1410
f 603//1411 602//1411 456//1411
f 604//1412 457//1412 458//1412
f 604//1413 603//1413 457//1413
f 605//1414 458//1414 459//1414
f 605//1415 604//1415 458//1415
f 606//1416 459//1416 460//1416
f 606//1417 605//1417 459//1417
f 607//1418 460//1418 461//1418
f 607//1419 606//1419 460//1419
f 608//1420 461//1420 462//1420
f 608//1421 607//1421 461//1421
f 609//1422 462//1422 463//1422
f 609//1423 608//1423 462//1423
f 610//1424 463//1424 464//1424
f 610//1425 609//1425 463//1425
f 611//1426 464//1426 465//1426
f 611//1427 610//1427 464//1427
f 595//1428 611//1428 465//1428
f 617//1429 945//1429 614//1429
f 614//1430 945//1430 411//1430
f 618//1431 415//1431 945//1431
f 617//1432 618//1432 945//1432
f 415//1433 411//1433 945//1433
f 615//1434 411//1434 413//1434
f 614//1435 411//1435 613//1435
f 613//1436 411//1436 615//1436
f 415//1437 618//1437 498//1437
f 415//1438 498//1438 451//1438
f 874//1439 596//1439 558//1439
f 874//1440 558//1440 564//1440
f 562//1441 946//1441 565//1441
f 565//1442 947//1442 567//1442
f 946//1443 947//1443 565//1443
f 947//1444 948//1444 567//1444
f 567//1445 949//1445 569//1445
f 948//1446 949//1446 567//1446
f 569//1447 950//1447 571//1447
f 949//1448 950//1448 569//1448
f 571//1449 951//1449 573//1449
f 573//1450 951//1450 575//1450
f 950//1451 951//1451 571//1451
f 951//1452 952//1452 575//1452
f 575//1453 953//1453 577//1453
f 577//1454 953//1454 579//1454
f 952//1455 953//1455 575//1455
f 953//1456 954//1456 579//1456
f 579//1457 955//1457 581//1457
f 954//1458 955//1458 579//1458
f 581//1459 956//1459 583//1459
f 955//1460 956//1460 581//1460
f 956//1461 957//1461 583//1461
f 583//1462 957//1462 585//1462
f 585//1463 957//1463 587//1463
f 957//1464 958//1464 587//1464
f 958//1465 959//1465 587//1465
f 587//1466 959//1466 589//1466
f 959//1467 960//1467 589//1467
f 589//1468 960//1468 591//1468
f 591//1469 961//1469 593//1469
f 960//1470 961//1470 591//1470
f 593//1471 962//1471 594//1471
f 961//1472 962//1472 593//1472
f 594//1473 963//1473 592//1473
f 592//1474 963//1474 590//1474
f 962//1475 963//1475 594//1475
f 590//1476 964//1476 588//1476
f 963//1477 964//1477 590//1477
f 964//1478 965//1478 588//1478
f 588//1479 966//1479 586//1479
f 586//1480 966//1480 584//1480
f 965//1481 966//1481 588//1481
f 966//1482 967//1482 584//1482
f 584//1483 968//1483 582//1483
f 582//1484 968//1484 580//1484
f 967//1485 968//1485 584//1485
f 968//1486 969//1486 580//1486
f 580//1487 970//1487 578//1487
f 969//1488 970//1488 580//1488
f 578//1489 971//1489 576//1489
f 970//1490 971//1490 578//1490
f 576//1491 972//1491 574//1491
f 574//1492 972//1492 572//1492
f 971//1493 972//1493 576//1493
f 972//1494 973//1494 572//1494
f 572//1495 974//1495 570//1495
f 570//1496 974//1496 568//1496
f 973//1497 974//1497 572//1497
f 974//1498 975//1498 568//1498
f 568//1499 976//1499 566//1499
f 566//1500 976//1500 563//1500
f 975//1501 976//1501 568//1501
f 563//1502 977//1502 561//1502
f 976//1503 977//1503 563//1503
f 561//1504 978//1504 559//1504
f 977//1505 978//1505 561//1505
f 978//1506 979//1506 559//1506
f 559//1507 980//1507 556//1507
f 556//1508 980//1508 554//1508
f 979//1509 980//1509 559//1509
f 554//1510 981//1510 552//1510
f 980//1511 981//1511 554//1511
f 981//1512 982//1512 552//1512
f 982//1513 983//1513 552//1513
f 552//1514 983//1514 550//1514
f 550//1515 983//1515 548//1515
f 983//1516 984//1516 548//1516
f 984//1517 985//1517 548//1517
f 548//1518 985//1518 546//1518
f 985//1519 986//1519 546//1519
f 546//1520 986//1520 544//1520
f 986//1521 987//1521 544//1521
f 544//1522 987//1522 542//1522
f 542//1523 987//1523 540//1523
f 987//1524 988//1524 540//1524
f 988//1525 989//1525 540//1525
f 540//1526 989//1526 538//1526
f 989//1527 990//1527 538//1527
f 538//1528 990//1528 536//1528
f 990//1529 991//1529 536//1529
f 536//1530 991//1530 534//1530
f 991//1531 992//1531 534//1531
f 534//1532 992//1532 532//1532
f 532//1533 992//1533 530//1533
f 992//1534 993//1534 530//1534
f 530//1535 993//1535 528//1535
f 993//1536 994//1536 528//1536
f 528//1537 995//1537 526//1537
f 994//1538 995//1538 528//1538
f 526//1539 996//1539 524//1539
f 995//1540 996//1540 526//1540
f 524//1541 997//1541 522//1541
f 996//1542 997//1542 524//1542
f 522//1543 998//1543 520//1543
f 997//1544 998//1544 522//1544
f 520//1545 999//1545 518//1545
f 998//1546 999//1546 520//1546
f 518//1547 1000//1547 516//1547
f 516//1548 1000//1548 514//1548
f 999//1549 1000//1549 518//1549
f 1000//1550 1001//1550 514//1550
f 514//1551 1002//1551 512//1551
f 1001//1552 1002//1552 514//1552
f 512//1553 1003//1553 510//1553
f 510//1554 1003//1554 508//1554
f 1002//1555 1003//1555 512//1555
f 1003//1556 1004//1556 508//1556
f 508//1557 1005//1557 506//1557
f 1004//1558 1005//1558 508//1558
f 506//1559 1006//1559 504//1559
f 504//1560 1006//1560 500//1560
f 1005//1561 1006//1561 506//1561
f 500//1562 1007//1562 499//1562
f 1006//1563 1007//1563 500//1563
f 1007//1564 1008//1564 499//1564
f 499//1565 1008//1565 494//1565
f 1008//1566 1009//1566 494//1566
f 1009//1567 1010//1567 494//1567
f 494//1568 1010//1568 491//1568
f 491//1569 1010//1569 492//1569
f 1010//1570 1011//1570 492//1570
f 1011//1571 1012//1571 492//1571
f 492//1572 1012//1572 493//1572
f 1012//1573 1013//1573 493//1573
f 493//1574 1013//1574 489//1574
f 1013//1575 1014//1575 489//1575
f 489//1576 1014//1576 487//1576
f 1014//1577 1015//1577 487//1577
f 487//1578 1015//1578 485//1578
f 1015//1579 1016//1579 485//1579
f 485//1580 1016//1580 483//1580
f 1016//1581 1017//1581 483//1581
f 483//1582 1017//1582 481//1582
f 1017//1583 1018//1583 481//1583
f 481//1584 1018//1584 479//1584
f 1018//1585 1019//1585 479//1585
f 479//1586 1019//1586 477//1586
f 477//1587 1019//1587 475//1587
f 1019//1588 1020//1588 475//1588
f 1020//1589 1021//1589 475//1589
f 475//1590 1021//1590 473//1590
f 1021//1591 1022//1591 473//1591
f 473//1592 1022//1592 471//1592
f 1022//1593 1023//1593 471//1593
f 471//1594 1023//1594 469//1594
f 469//1595 1023//1595 466//1595
f 1023//1596 1024//1596 466//1596
f 1024//1597 1025//1597 466//1597
f 466//1598 1025//1598 467//1598
f 1025//1599 1026//1599 467//1599
f 467//1600 1026//1600 468//1600
f 1026//1601 1027//1601 468//1601
f 468//1602 1027//1602 470//1602
f 470//1603 1027//1603 472//1603
f 1027//1604 1028//1604 472//1604
f 472//1605 1029//1605 474//1605
f 1028//1606 1029//1606 472//1606
f 474//1607 1030//1607 476//1607
f 1029//1608 1030//1608 474//1608
f 476//1609 1031//1609 478//1609
f 1030//1610 1031//1610 476//1610
f 478//1611 1032//1611 480//1611
f 1031//1612 1032//1612 478//1612
f 480//1613 1033//1613 482//1613
f 1032//1614 1033//1614 480//1614
f 1033//1615 1034//1615 482//1615
f 482//1616 1034//1616 484//1616
f 1034//1617 1035//1617 484//1617
f 484//1618 1035//1618 486//1618
f 1035//1619 1036//1619 486//1619
f 486//1620 1036//1620 488//1620
f 1036//1621 1037//1621 488//1621
f 488//1622 1037//1622 490//1622
f 1037//1623 1038//1623 490//1623
f 490//1624 1038//1624 495//1624
f 1038//1625 1039//1625 495//1625
f 495//1626 1039//1626 496//1626
f 1039//1627 1040//1627 496//1627
f 496//1628 1040//1628 497//1628
f 1040//1629 1041//1629 497//1629
f 497//1630 1041//1630 501//1630
f 1041//1631 1042//1631 501//1631
f 501//1632 1042//1632 502//1632
f 1042//1633 1043//1633 502//1633
f 502//1634 1043//1634 503//1634
f 1043//1635 1044//1635 503//1635
f 503//1636 1044//1636 505//1636
f 507//1637 1045//1637 509//1637
f 1044//1638 1045//1638 505//1638
f 505//1639 1045//1639 507//1639
f 1045//1640 1046//1640 509//1640
f 509//1641 1047//1641 511//1641
f 1046//1642 1047//1642 509//1642
f 511//1643 1048//1643 513//1643
f 1047//1644 1048//1644 511//1644
f 513//1645 1049//1645 515//1645
f 1048//1646 1049//1646 513//1646
f 515//1647 1050//1647 517//1647
f 1049//1648 1050//1648 515//1648
f 517//1649 1051//1649 519//1649
f 1050//1650 1051//1650 517//1650
f 519//1651 1052//1651 521//1651
f 1051//1652 1052//1652 519//1652
f 521//1653 1053//1653 523//1653
f 1052//1654 1053//1654 521//1654
f 523//1655 1054//1655 525//1655
f 1053//1656 1054//1656 523//1656
f 525//1657 1055//1657 527//1657
f 1054//1658 1055//1658 525//1658
f 527//1659 1056//1659 529//1659
f 1055//1660 1056//1660 527//1660
f 529//1661 1057//1661 531//1661
f 1056//1662 1057//1662 529//1662
f 531//1663 1058//1663 533//1663
f 1057//1664 1058//1664 531//1664
f 1058//1665 1059//1665 533//1665
f 533//1666 1059//1666 535//1666
f 1059//1667 1060//1667 535//1667
f 535//1668 1060//1668 537//1668
f 1060//1669 1061//1669 537//1669
f 537//1670 1061//1670 539//1670
f 1061//1671 1062//1671 539//1671
f 539//1672 1062//1672 541//1672
f 541//1673 1063//1673 543//1673
f 1062//1674 1063//1674 541//1674
f 543//1675 1064//1675 545//1675
f 545//1676 1064//1676 547//1676
f 1063//1677 1064//1677 543//1677
f 1064//1678 1065//1678 547//1678
f 547//1679 1066//1679 549//1679
f 549//1680 1066//1680 551//1680
f 1065//1681 1066//1681 547//1681
f 1066//1682 1067//1682 551//1682
f 551//1683 1068//1683 553//1683
f 1067//1684 1068//1684 551//1684
f 553//1685 1069//1685 555//1685
f 1068//1686 1069//1686 553//1686
f 555//1687 1070//1687 557//1687
f 1069//1688 1070//1688 555//1688
f 557//1689 1071//1689 560//1689
f 560//1690 1071//1690 562//1690
f 1070//1691 1071//1691 557//1691
f 1071//1692 946//1692 562//1692
f 612//1693 1072//1693 616//1693
f 616//1694 1072//1694 891//1694
f 596//1695 874//1695 1072//1695
f 612//1696 596//1696 1072//1696
f 874//1697 891//1697 1072//1697
f 1073//1698 1074//1698 800//1698
f 1073//1699 800//1699 804//1699
f 1075//1700 804//1700 807//1700
f 1075//1701 1073//1701 804//1701
f 1076//1702 807//1702 811//1702
f 1076//1703 1075//1703 807//1703
f 1077//1704 811//1704 815//1704
f 1077//1705 1076//1705 811//1705
f 1078//1706 815//1706 819//1706
f 1078//1707 1077//1707 815//1707
f 1079//1708 819//1708 824//1708
f 1079//1709 824//1709 828//1709
f 1079//1710 1078//1710 819//1710
f 1080//1711 1079//1711 828//1711
f 1081//1712 828//1712 832//1712
f 1081//1713 1080//1713 828//1713
f 1082//1714 832//1714 835//1714
f 1082//1715 1081//1715 832//1715
f 1083//1716 835//1716 839//1716
f 1083//1717 839//1717 843//1717
f 1083//1718 1082//1718 835//1718
f 1084//1719 1083//1719 843//1719
f 1085//1720 1084//1720 843//1720
f 1085//1721 843//1721 846//1721
f 1086//1722 1085//1722 846//1722
f 1086//1723 846//1723 799//1723
f 1087//1724 1086//1724 799//1724
f 1087//1725 799//1725 792//1725
f 1088//1726 792//1726 791//1726
f 1088//1727 1087//1727 792//1727
f 1089//1728 791//1728 789//1728
f 1089//1729 1088//1729 791//1729
f 1090//1730 789//1730 784//1730
f 1090//1731 784//1731 783//1731
f 1090//1732 1089//1732 789//1732
f 1091//1733 1090//1733 783//1733
f 1092//1734 1091//1734 783//1734
f 1092//1735 783//1735 778//1735
f 1093//1736 778//1736 777//1736
f 1093//1737 777//1737 773//1737
f 1093//1738 1092//1738 778//1738
f 1094//1739 773//1739 770//1739
f 1094//1740 1093//1740 773//1740
f 1095//1741 1094//1741 770//1741
f 1096//1742 770//1742 765//1742
f 1096//1743 1095//1743 770//1743
f 1097//1744 765//1744 764//1744
f 1097//1745 1096//1745 765//1745
f 1098//1746 764//1746 758//1746
f 1098//1747 1097//1747 764//1747
f 1099//1748 758//1748 755//1748
f 1099//1749 1098//1749 758//1749
f 1100//1750 755//1750 754//1750
f 1100//1751 1099//1751 755//1751
f 1101//1752 754//1752 751//1752
f 1101//1753 1100//1753 754//1753
f 1102//1754 751//1754 746//1754
f 1102//1755 1101//1755 751//1755
f 1103//1756 746//1756 745//1756
f 1103//1757 1102//1757 746//1757
f 1104//1758 745//1758 741//1758
f 1104//1759 1103//1759 745//1759
f 1105//1760 741//1760 736//1760
f 1105//1761 736//1761 733//1761
f 1105//1762 1104//1762 741//1762
f 1106//1763 1105//1763 733//1763
f 1107//1764 733//1764 732//1764
f 1107//1765 1106//1765 733//1765
f 1108//1766 732//1766 727//1766
f 1108//1767 1107//1767 732//1767
f 1109//1768 727//1768 723//1768
f 1109//1769 1108//1769 727//1769
f 1110//1770 723//1770 722//1770
f 1110//1771 1109//1771 723//1771
f 1111//1772 1110//1772 722//1772
f 1111//1773 722//1773 717//1773
f 1112//1774 1111//1774 717//1774
f 1112//1775 717//1775 714//1775
f 1113//1776 1112//1776 714//1776
f 1113//1777 714//1777 711//1777
f 1114//1778 1113//1778 711//1778
f 1114//1779 711//1779 710//1779
f 1115//1780 1114//1780 710//1780
f 1115//1781 710//1781 707//1781
f 1116//1782 1115//1782 707//1782
f 1116//1783 707//1783 702//1783
f 1117//1784 1116//1784 702//1784
f 1117//1785 702//1785 701//1785
f 1118//1786 1117//1786 701//1786
f 1118//1787 701//1787 695//1787
f 1119//1788 1118//1788 695//1788
f 1119//1789 695//1789 694//1789
f 1120//1790 1119//1790 694//1790
f 1120//1791 694//1791 690//1791
f 1121//1792 690//1792 692//1792
f 1121//1793 1120//1793 690//1793
f 1122//1794 692//1794 697//1794
f 1122//1795 1121//1795 692//1795
f 1123//1796 697//1796 676//1796
f 1123//1797 1122//1797 697//1797
f 1124//1798 676//1798 674//1798
f 1124//1799 1123//1799 676//1799
f 1125//1800 674//1800 672//1800
f 1125//1801 672//1801 670//1801
f 1125//1802 1124//1802 674//1802
f 1126//1803 1125//1803 670//1803
f 1127//1804 670//1804 668//1804
f 1127//1805 1126//1805 670//1805
f 1128//1806 668//1806 666//1806
f 1128//1807 1127//1807 668//1807
f 1129//1808 666//1808 664//1808
f 1129//1809 1128//1809 666//1809
f 1130//1810 664//1810 662//1810
f 1130//1811 1129//1811 664//1811
f 1131//1812 662//1812 660//1812
f 1131//1813 1130//1813 662//1813
f 1132//1814 660//1814 658//1814
f 1132//1815 1131//1815 660//1815
f 1133//1816 658//1816 656//1816
f 1133//1817 1132//1817 658//1817
f 1134//1818 656//1818 654//1818
f 1134//1819 1133//1819 656//1819
f 1135//1820 1134//1820 654//1820
f 1135//1821 654//1821 652//1821
f 1136//1822 1135//1822 652//1822
f 1136//1823 652//1823 650//1823
f 1137//1824 1136//1824 650//1824
f 1137//1825 650//1825 648//1825
f 1138//1826 1137//1826 648//1826
f 1138//1827 648//1827 646//1827
f 1139//1828 1138//1828 646//1828
f 1139//1829 646//1829 644//1829
f 1140//1830 1139//1830 644//1830
f 1140//1831 644//1831 642//1831
f 1141//1832 1140//1832 642//1832
f 1141//1833 642//1833 640//1833
f 1142//1834 1141//1834 640//1834
f 1142//1835 640//1835 638//1835
f 1143//1836 1142//1836 638//1836
f 1143//1837 638//1837 636//1837
f 1144//1838 1143//1838 636//1838
f 1144//1839 636//1839 634//1839
f 1145//1840 1144//1840 634//1840
f 1145//1841 634//1841 632//1841
f 1146//1842 1145//1842 632//1842
f 1146//1843 632//1843 630//1843
f 1147//1844 1146//1844 630//1844
f 1147//1845 630//1845 628//1845
f 1148//1846 1147//1846 628//1846
f 1148//1847 628//1847 626//1847
f 1149//1848 1148//1848 626//1848
f 1149//1849 626//1849 624//1849
f 1150//1850 1149//1850 624//1850
f 1150//1851 624//1851 622//1851
f 1151//1852 1150//1852 622//1852
f 1151//1853 622//1853 619//1853
f 1152//1854 1151//1854 619//1854
f 1152//1855 619//1855 620//1855
f 1153//1856 1152//1856 620//1856
f 1153//1857 620//1857 621//1857
f 1154//1858 1153//1858 621//1858
f 1154//1859 621//1859 623//1859
f 1155//1860 1154//1860 623//1860
f 1155//1861 623//1861 625//1861
f 1156//1862 625//1862 627//1862
f 1156//1863 1155//1863 625//1863
f 1157//1864 627//1864 629//1864
f 1157//1865 1156//1865 627//1865
f 1158//1866 629//1866 631//1866
f 1158//1867 1157//1867 629//1867
f 1159//1868 631//1868 633//1868
f 1159//1869 1158//1869 631//1869
f 1160//1870 633//1870 635//1870
f 1160//1871 1159//1871 633//1871
f 1161//1872 1160//1872 635//1872
f 1161//1873 635//1873 637//1873
f 1162//1874 1161//1874 637//1874
f 1162//1875 637//1875 639//1875
f 1163//1876 1162//1876 639//1876
f 1163//1877 639//1877 641//1877
f 1164//1878 1163//1878 641//1878
f 1164//1879 641//1879 643//1879
f 1165//1880 1164//1880 643//1880
f 1165//1881 643//1881 645//1881
f 1166//1882 1165//1882 645//1882
f 1166//1883 645//1883 647//1883
f 1167//1884 1166//1884 647//1884
f 1167//1885 647//1885 649//1885
f 1168//1886 1167//1886 649//1886
f 1168//1887 649//1887 651//1887
f 1169//1888 1168//1888 651//1888
f 1169//1889 651//1889 653//1889
f 1170//1890 1169//1890 653//1890
f 1170//1891 653//1891 655//1891
f 1171//1892 1170//1892 655//1892
f 1171//1893 655//1893 657//1893
f 1172//1894 1171//1894 657//1894
f 1172//1895 657//1895 659//1895
f 1173//1896 659//1896 661//1896
f 1173//1897 1172//1897 659//1897
f 1174//1898 661//1898 663//1898
f 1174//1899 1173//1899 661//1899
f 1175//1900 663//1900 665//1900
f 1175//1901 1174//1901 663//1901
f 1176//1902 665//1902 667//1902
f 1176//1903 1175//1903 665//1903
f 1177//1904 667//1904 669//1904
f 1177//1905 1176//1905 667//1905
f 1178//1906 669//1906 671//1906
f 1178//1907 1177//1907 669//1907
f 1179//1908 671//1908 673//1908
f 1179//1909 1178//1909 671//1909
f 1180//1910 673//1910 675//1910
f 1180//1911 1179//1911 673//1911
f 1181//1912 675//1912 677//1912
f 1181//1913 1180//1913 675//1913
f 1182//1914 677//1914 678//1914
f 1182//1915 1181//1915 677//1915
f 1183//1916 678//1916 679//1916
f 1183//1917 1182//1917 678//1917
f 1184//1918 679//1918 680//1918
f 1184//1919 1183//1919 679//1919
f 1185//1920 680//1920 681//1920
f 1185//1921 1184//1921 680//1921
f 1186//1922 1185//1922 681//1922
f 1186//1923 681//1923 682//1923
f 1187//1924 1186//1924 682//1924
f 1187//1925 682//1925 683//1925
f 1188//1926 1187//1926 683//1926
f 1188//1927 683//1927 684//1927
f 1189//1928 1188//1928 684//1928
f 1189//1929 684//1929 685//1929
f 1190//1930 685//1930 686//1930
f 1190//1931 1189//1931 685//1931
f 1191//1932 686//1932 687//1932
f 1191//1933 1190//1933 686//1933
f 1192//1934 687//1934 688//1934
f 1192//1935 1191//1935 687//1935
f 1193//1936 688//1936 725//1936
f 1193//1937 1192//1937 688//1937
f 1194//1938 725//1938 743//1938
f 1194//1939 1193//1939 725//1939
f 1195//1940 743//1940 759//1940
f 1195//1941 1194//1941 743//1941
f 1196//1942 759//1942 771//1942
f 1196//1943 1195//1943 759//1943
f 1197//1944 771//1944 781//1944
f 1197//1945 1196//1945 771//1945
f 1198//1946 781//1946 793//1946
f 1198//1947 1197//1947 781//1947
f 1074//1948 793//1948 800//1948
f 1074//1949 1198//1949 793//1949
f 1199//1950 1200//1950 862//1950
f 1199//1951 862//1951 860//1951
f 1201//1952 860//1952 859//1952
f 1201//1953 1199//1953 860//1953
f 1202//1954 859//1954 857//1954
f 1202//1955 1201//1955 859//1955
f 1203//1956 857//1956 856//1956
f 1203//1957 1202//1957 857//1957
f 1204//1958 856//1958 854//1958
f 1204//1959 1203//1959 856//1959
f 1205//1960 854//1960 853//1960
f 1205//1961 853//1961 851//1961
f 1205//1962 1204//1962 854//1962
f 1206//1963 1205//1963 851//1963
f 1207//1964 851//1964 850//1964
f 1207//1965 1206//1965 851//1965
f 1208//1966 850//1966 848//1966
f 1208//1967 1207//1967 850//1967
f 1209//1968 848//1968 847//1968
f 1209//1969 847//1969 849//1969
f 1209//1970 1208//1970 848//1970
f 1210//1971 1209//1971 849//1971
f 1211//1972 1210//1972 849//1972
f 1211//1973 849//1973 845//1973
f 1212//1974 1211//1974 845//1974
f 1212//1975 845//1975 844//1975
f 1213//1976 1212//1976 844//1976
f 1213//1977 844//1977 841//1977
f 1214//1978 841//1978 840//1978
f 1214//1979 1213//1979 841//1979
f 1215//1980 840//1980 842//1980
f 1215//1981 1214//1981 840//1981
f 1216//1982 842//1982 837//1982
f 1216//1983 837//1983 836//1983
f 1216//1984 1215//1984 842//1984
f 1217//1985 1216//1985 836//1985
f 1218//1986 1217//1986 836//1986
f 1218//1987 836//1987 838//1987
f 1219//1988 838//1988 834//1988
f 1219//1989 834//1989 833//1989
f 1219//1990 1218//1990 838//1990
f 1220//1991 833//1991 830//1991
f 1220//1992 1219//1992 833//1992
f 1221//1993 1220//1993 830//1993
f 1222//1994 830//1994 829//1994
f 1222//1995 1221//1995 830//1995
f 1223//1996 829//1996 831//1996
f 1223//1997 1222//1997 829//1997
f 1224//1998 831//1998 826//1998
f 1224//1999 1223//1999 831//1999
f 1225//2000 826//2000 825//2000
f 1225//2001 1224//2001 826//2001
f 1226//2002 825//2002 827//2002
f 1226//2003 1225//2003 825//2003
f 1227//2004 827//2004 821//2004
f 1227//2005 1226//2005 827//2005
f 1228//2006 821//2006 820//2006
f 1228//2007 1227//2007 821//2007
f 1229//2008 820//2008 822//2008
f 1229//2009 1228//2009 820//2009
f 1230//2010 822//2010 823//2010
f 1230//2011 1229//2011 822//2011
f 1231//2012 823//2012 817//2012
f 1231//2013 817//2013 816//2013
f 1231//2014 1230//2014 823//2014
f 1232//2015 1231//2015 816//2015
f 1233//2016 816//2016 818//2016
f 1233//2017 1232//2017 816//2017
f 1234//2018 818//2018 813//2018
f 1234//2019 1233//2019 818//2019
f 1235//2020 813//2020 812//2020
f 1235//2021 1234//2021 813//2021
f 1236//2022 812//2022 814//2022
f 1236//2023 1235//2023 812//2023
f 1237//2024 1236//2024 814//2024
f 1237//2025 814//2025 809//2025
f 1238//2026 1237//2026 809//2026
f 1238//2027 809//2027 808//2027
f 1239//2028 1238//2028 808//2028
f 1239//2029 808//2029 810//2029
f 1240//2030 1239//2030 810//2030
f 1240//2031 810//2031 806//2031
f 1241//2032 1240//2032 806//2032
f 1241//2033 806//2033 805//2033
f 1242//2034 1241//2034 805//2034
f 1242//2035 805//2035 802//2035
f 1243//2036 1242//2036 802//2036
f 1243//2037 802//2037 801//2037
f 1244//2038 1243//2038 801//2038
f 1244//2039 801//2039 803//2039
f 1245//2040 1244//2040 803//2040
f 1245//2041 803//2041 796//2041
f 1246//2042 1245//2042 796//2042
f 1246//2043 796//2043 795//2043
f 1247//2044 795//2044 797//2044
f 1247//2045 1246//2045 795//2045
f 1248//2046 797//2046 787//2046
f 1248//2047 1247//2047 797//2047
f 1249//2048 787//2048 786//2048
f 1249//2049 1248//2049 787//2049
f 1250//2050 786//2050 779//2050
f 1250//2051 1249//2051 786//2051
f 1251//2052 779//2052 775//2052
f 1251//2053 775//2053 774//2053
f 1251//2054 1250//2054 779//2054
f 1252//2055 1251//2055 774//2055
f 1253//2056 774//2056 768//2056
f 1253//2057 1252//2057 774//2057
f 1254//2058 768//2058 766//2058
f 1254//2059 1253//2059 768//2059
f 1255//2060 766//2060 762//2060
f 1255//2061 1254//2061 766//2061
f 1256//2062 762//2062 760//2062
f 1256//2063 1255//2063 762//2063
f 1257//2064 760//2064 756//2064
f 1257//2065 1256//2065 760//2065
f 1258//2066 756//2066 752//2066
f 1258//2067 1257//2067 756//2067
f 1259//2068 752//2068 749//2068
f 1259//2069 1258//2069 752//2069
f 1260//2070 749//2070 747//2070
f 1260//2071 1259//2071 749//2071
f 1261//2072 1260//2072 747//2072
f 1261//2073 747//2073 742//2073
f 1262//2074 1261//2074 742//2074
f 1262//2075 742//2075 739//2075
f 1263//2076 1262//2076 739//2076
f 1263//2077 739//2077 737//2077
f 1264//2078 1263//2078 737//2078
f 1264//2079 737//2079 734//2079
f 1265//2080 1264//2080 734//2080
f 1265//2081 734//2081 730//2081
f 1266//2082 1265//2082 730//2082
f 1266//2083 730//2083 728//2083
f 1267//2084 1266//2084 728//2084
f 1267//2085 728//2085 724//2085
f 1268//2086 1267//2086 724//2086
f 1268//2087 724//2087 720//2087
f 1269//2088 1268//2088 720//2088
f 1269//2089 720//2089 718//2089
f 1270//2090 1269//2090 718//2090
f 1270//2091 718//2091 715//2091
f 1271//2092 1270//2092 715//2092
f 1271//2093 715//2093 712//2093
f 1272//2094 1271//2094 712//2094
f 1272//2095 712//2095 708//2095
f 1273//2096 1272//2096 708//2096
f 1273//2097 708//2097 705//2097
f 1274//2098 1273//2098 705//2098
f 1274//2099 705//2099 703//2099
f 1275//2100 1274//2100 703//2100
f 1275//2101 703//2101 699//2101
f 1276//2102 1275//2102 699//2102
f 1276//2103 699//2103 696//2103
f 1277//2104 1276//2104 696//2104
f 1277//2105 696//2105 689//2105
f 1278//2106 1277//2106 689//2106
f 1278//2107 689//2107 691//2107
f 1279//2108 1278//2108 691//2108
f 1279//2109 691//2109 693//2109
f 1280//2110 1279//2110 693//2110
f 1280//2111 693//2111 698//2111
f 1281//2112 1280//2112 698//2112
f 1281//2113 698//2113 700//2113
f 1282//2114 700//2114 704//2114
f 1282//2115 1281//2115 700//2115
f 1283//2116 704//2116 706//2116
f 1283//2117 1282//2117 704//2117
f 1284//2118 706//2118 709//2118
f 1284//2119 1283//2119 706//2119
f 1285//2120 709//2120 713//2120
f 1285//2121 1284//2121 709//2121
f 1286//2122 713//2122 716//2122
f 1286//2123 1285//2123 713//2123
f 1287//2124 1286//2124 716//2124
f 1287//2125 716//2125 719//2125
f 1288//2126 1287//2126 719//2126
f 1288//2127 719//2127 721//2127
f 1289//2128 1288//2128 721//2128
f 1289//2129 721//2129 726//2129
f 1290//2130 1289//2130 726//2130
f 1290//2131 726//2131 729//2131
f 1291//2132 1290//2132 729//2132
f 1291//2133 729//2133 731//2133
f 1292//2134 1291//2134 731//2134
f 1292//2135 731//2135 735//2135
f 1293//2136 1292//2136 735//2136
f 1293//2137 735//2137 738//2137
f 1294//2138 1293//2138 738//2138
f 1294//2139 738//2139 740//2139
f 1295//2140 1294//2140 740//2140
f 1295//2141 740//2141 744//2141
f 1296//2142 1295//2142 744//2142
f 1296//2143 744//2143 748//2143
f 1297//2144 1296//2144 748//2144
f 1297//2145 748//2145 750//2145
f 1298//2146 1297//2146 750//2146
f 1298//2147 750//2147 753//2147
f 1299//2148 753//2148 757//2148
f 1299//2149 1298//2149 753//2149
f 1300//2150 757//2150 761//2150
f 1300//2151 1299//2151 757//2151
f 1301//2152 761//2152 763//2152
f 1301//2153 1300//2153 761//2153
f 1302//2154 763//2154 767//2154
f 1302//2155 1301//2155 763//2155
f 1303//2156 767//2156 769//2156
f 1303//2157 1302//2157 767//2157
f 1304//2158 769//2158 772//2158
f 1304//2159 1303//2159 769//2159
f 1305//2160 772//2160 776//2160
f 1305//2161 1304//2161 772//2161
f 1306//2162 776//2162 780//2162
f 1306//2163 1305//2163 776//2163
f 1307//2164 780//2164 782//2164
f 1307//2165 1306//2165 780//2165
f 1308//2166 782//2166 785//2166
f 1308//2167 1307//2167 782//2167
f 1309//2168 785//2168 788//2168
f 1309//2169 1308//2169 785//2169
f 1310//2170 788//2170 790//2170
f 1310//2171 1309//2171 788//2171
f 1311//2172 790//2172 794//2172
f 1311//2173 1310//2173 790//2173
f 1312//2174 1311//2174 794//2174
f 1312//2175 794//2175 798//2175
f 1313//2176 1312//2176 798//2176
f 1313//2177 798//2177 852//2177
f 1314//2178 1313//2178 852//2178
f 1314//2179 852//2179 855//2179
f 1315//2180 1314//2180 855//2180
f 1315//2181 855//2181 858//2181
f 1316//2182 858//2182 861//2182
f 1316//2183 1315//2183 858//2183
f 1317//2184 861//2184 864//2184
f 1317//2185 1316//2185 861//2185
f 1318//2186 864//2186 866//2186
f 1318//2187 1317//2187 864//2187
f 1319//2188 866//2188 869//2188
f 1319//2189 1318//2189 866//2189
f 1320//2190 869//2190 870//2190
f 1320//2191 1319//2191 869//2191
f 1321//2192 870//2192 868//2192
f 1321//2193 1320//2193 870//2193
f 1322//2194 868//2194 867//2194
f 1322//2195 1321//2195 868//2195
f 1323//2196 867//2196 865//2196
f 1323//2197 1322//2197 867//2197
f 1324//2198 865//2198 863//2198
f 1324//2199 1323//2199 865//2199
f 1200//2200 863//2200 862//2200
f 1200//2201 1324//2201 863//2201
f 891//2202 873//2202 872//2202
f 616//2203 891//2203 871//2203
f 871//2204 891//2204 872//2204
f 920//2205 919//2205 892//2205
f 892//2206 921//2206 920//2206
f 919//2207 918//2207 892//2207
f 892//2208 922//2208 921//2208
f 918//2209 917//2209 892//2209
f 892//2210 923//2210 922//2210
f 917//2211 916//2211 892//2211
f 892//2212 924//2212 923//2212
f 916//2213 915//2213 892//2213
f 892//2214 925//2214 924//2214
f 915//2215 914//2215 892//2215
f 892//2216 926//2216 925//2216
f 892//2217 927//2217 926//2217
f 914//2218 913//2218 892//2218
f 892//2219 928//2219 927//2219
f 913//2220 912//2220 892//2220
f 892//2221 929//2221 928//2221
f 912//2222 911//2222 892//2222
f 892//2223 930//2223 929//2223
f 911//2224 910//2224 892//2224
f 892//2225 931//2225 930//2225
f 910//2226 909//2226 892//2226
f 909//2227 908//2227 892//2227
f 908//2228 907//2228 892//2228
f 907//2229 906//2229 892//2229
f 892//2230 906//2230 873//2230
f 873//2231 906//2231 875//2231
f 906//2232 905//2232 875//2232
f 905//2233 904//2233 875//2233
f 904//2234 903//2234 875//2234
f 903//2235 902//2235 875//2235
f 902//2236 901//2236 875//2236
f 901//2237 900//2237 875//2237
f 900//2238 899//2238 875//2238
f 899//2239 898//2239 875//2239
f 898//2240 897//2240 875//2240
f 897//2241 896//2241 875//2241
f 875//2242 895//2242 876//2242
f 896//2243 895//2243 875//2243
f 876//2244 932//2244 877//2244
f 895//2245 932//2245 876//2245
f 877//2246 933//2246 878//2246
f 932//2247 933//2247 877//2247
f 878//2248 934//2248 879//2248
f 933//2249 934//2249 878//2249
f 879//2250 935//2250 880//2250
f 934//2251 935//2251 879//2251
f 880//2252 936//2252 881//2252
f 935//2253 936//2253 880//2253
f 881//2254 937//2254 882//2254
f 936//2255 937//2255 881//2255
f 882//2256 938//2256 883//2256
f 937//2257 938//2257 882//2257
f 883//2258 939//2258 884//2258
f 938//2259 939//2259 883//2259
f 884//2260 940//2260 885//2260
f 939//2261 940//2261 884//2261
f 885//2262 941//2262 886//2262
f 940//2263 941//2263 885//2263
f 886//2264 942//2264 887//2264
f 941//2265 942//2265 886//2265
f 942//2266 943//2266 887//2266
f 887//2267 943//2267 888//2267
f 943//2268 944//2268 888//2268
f 888//2269 944//2269 889//2269
f 944//2270 894//2270 889//2270
f 889//2271 894//2271 890//2271
f 892//2272 893//2272 931//2272
f 1325//2273 1326//2273 946//2273
f 946//2274 1326//2274 947//2274
f 947//2275 1327//2275 948//2275
f 1326//2276 1327//2276 947//2276
f 948//2277 1328//2277 949//2277
f 1327//2278 1328//2278 948//2278
f 949//2279 1329//2279 950//2279
f 1328//2280 1329//2280 949//2280
f 950//2281 1330//2281 951//2281
f 1329//2282 1330//2282 950//2282
f 951//2283 1331//2283 952//2283
f 952//2284 1331//2284 953//2284
f 1330//2285 1331//2285 951//2285
f 1331//2286 1332//2286 953//2286
f 953//2287 1333//2287 954//2287
f 1332//2288 1333//2288 953//2288
f 954//2289 1334//2289 955//2289
f 1333//2290 1334//2290 954//2290
f 955//2291 1335//2291 956//2291
f 956//2292 1335//2292 957//2292
f 1334//2293 1335//2293 955//2293
f 1335//2294 1336//2294 957//2294
f 1336//2295 1337//2295 957//2295
f 957//2296 1337//2296 958//2296
f 1337//2297 1338//2297 958//2297
f 958//2298 1338//2298 959//2298
f 1338//2299 1339//2299 959//2299
f 959//2300 1339//2300 960//2300
f 960//2301 1340//2301 961//2301
f 1339//2302 1340//2302 960//2302
f 961//2303 1341//2303 962//2303
f 1340//2304 1341//2304 961//2304
f 962//2305 1342//2305 963//2305
f 963//2306 1342//2306 964//2306
f 1341//2307 1342//2307 962//2307
f 1342//2308 1343//2308 964//2308
f 1343//2309 1344//2309 964//2309
f 964//2310 1344//2310 965//2310
f 965//2311 1345//2311 966//2311
f 966//2312 1345//2312 967//2312
f 1344//2313 1345//2313 965//2313
f 967//2314 1346//2314 968//2314
f 1345//2315 1346//2315 967//2315
f 1346//2316 1347//2316 968//2316
f 968//2317 1348//2317 969//2317
f 1347//2318 1348//2318 968//2318
f 969//2319 1349//2319 970//2319
f 1348//2320 1349//2320 969//2320
f 970//2321 1350//2321 971//2321
f 1349//2322 1350//2322 970//2322
f 971//2323 1351//2323 972//2323
f 1350//2324 1351//2324 971//2324
f 972//2325 1352//2325 973//2325
f 1351//2326 1352//2326 972//2326
f 973//2327 1353//2327 974//2327
f 1352//2328 1353//2328 973//2328
f 974//2329 1354//2329 975//2329
f 1353//2330 1354//2330 974//2330
f 975//2331 1355//2331 976//2331
f 1354//2332 1355//2332 975//2332
f 976//2333 1356//2333 977//2333
f 1355//2334 1356//2334 976//2334
f 977//2335 1357//2335 978//2335
f 978//2336 1357//2336 979//2336
f 1356//2337 1357//2337 977//2337
f 1357//2338 1358//2338 979//2338
f 979//2339 1359//2339 980//2339
f 1358//2340 1359//2340 979//2340
f 980//2341 1360//2341 981//2341
f 1359//2342 1360//2342 980//2342
f 981//2343 1361//2343 982//2343
f 1360//2344 1361//2344 981//2344
f 982//2345 1362//2345 983//2345
f 1361//2346 1362//2346 982//2346
f 1362//2347 1363//2347 983//2347
f 983//2348 1363//2348 984//2348
f 1363//2349 1364//2349 984//2349
f 984//2350 1364//2350 985//2350
f 1364//2351 1365//2351 985//2351
f 985//2352 1365//2352 986//2352
f 1365//2353 1366//2353 986//2353
f 986//2354 1366//2354 987//2354
f 1366//2355 1367//2355 987//2355
f 987//2356 1367//2356 988//2356
f 1367//2357 1368//2357 988//2357
f 988//2358 1368//2358 989//2358
f 1368//2359 1369//2359 989//2359
f 989//2360 1369//2360 990//2360
f 1369//2361 1370//2361 990//2361
f 990//2362 1370//2362 991//2362
f 1370//2363 1371//2363 991//2363
f 991//2364 1371//2364 992//2364
f 1371//2365 1372//2365 992//2365
f 992//2366 1372//2366 993//2366
f 993//2367 1373//2367 994//2367
f 1372//2368 1373//2368 993//2368
f 994//2369 1374//2369 995//2369
f 1373//2370 1374//2370 994//2370
f 995//2371 1375//2371 996//2371
f 1374//2372 1375//2372 995//2372
f 996//2373 1376//2373 997//2373
f 1375//2374 1376//2374 996//2374
f 997//2375 1377//2375 998//2375
f 998//2376 1377//2376 999//2376
f 1376//2377 1377//2377 997//2377
f 1377//2378 1378//2378 999//2378
f 999//2379 1379//2379 1000//2379
f 1378//2380 1379//2380 999//2380
f 1000//2381 1380//2381 1001//2381
f 1379//2382 1380//2382 1000//2382
f 1001//2383 1381//2383 1002//2383
f 1380//2384 1381//2384 1001//2384
f 1002//2385 1382//2385 1003//2385
f 1381//2386 1382//2386 1002//2386
f 1003//2387 1383//2387 1004//2387
f 1382//2388 1383//2388 1003//2388
f 1004//2389 1384//2389 1005//2389
f 1383//2390 1384//2390 1004//2390
f 1005//2391 1385//2391 1006//2391
f 1384//2392 1385//2392 1005//2392
f 1006//2393 1386//2393 1007//2393
f 1385//2394 1386//2394 1006//2394
f 1386//2395 1387//2395 1007//2395
f 1007//2396 1387//2396 1008//2396
f 1387//2397 1388//2397 1008//2397
f 1008//2398 1388//2398 1009//2398
f 1388//2399 1389//2399 1009//2399
f 1009//2400 1389//2400 1010//2400
f 1389//2401 1390//2401 1010//2401
f 1010//2402 1390//2402 1011//2402
f 1390//2403 1391//2403 1011//2403
f 1011//2404 1391//2404 1012//2404
f 1391//2405 1392//2405 1012//2405
f 1012//2406 1392//2406 1013//2406
f 1392//2407 1393//2407 1013//2407
f 1013//2408 1393//2408 1014//2408
f 1393//2409 1394//2409 1014//2409
f 1014//2410 1394//2410 1015//2410
f 1394//2411 1395//2411 1015//2411
f 1015//2412 1395//2412 1016//2412
f 1395//2413 1396//2413 1016//2413
f 1016//2414 1396//2414 1017//2414
f 1396//2415 1397//2415 1017//2415
f 1017//2416 1397//2416 1018//2416
f 1397//2417 1398//2417 1018//2417
f 1018//2418 1398//2418 1019//2418
f 1398//2419 1399//2419 1019//2419
f 1019//2420 1399//2420 1020//2420
f 1399//2421 1400//2421 1020//2421
f 1020//2422 1400//2422 1021//2422
f 1400//2423 1401//2423 1021//2423
f 1021//2424 1401//2424 1022//2424
f 1401//2425 1402//2425 1022//2425
f 1022//2426 1402//2426 1023//2426
f 1402//2427 1403//2427 1023//2427
f 1023//2428 1403//2428 1024//2428
f 1403//2429 1404//2429 1024//2429
f 1024//2430 1404//2430 1025//2430
f 1404//2431 1405//2431 1025//2431
f 1025//2432 1405//2432 1026//2432
f 1405//2433 1406//2433 1026//2433
f 1026//2434 1406//2434 1027//2434
f 1406//2435 1407//2435 1027//2435
f 1027//2436 1407//2436 1028//2436
f 1028//2437 1408//2437 1029//2437
f 1407//2438 1408//2438 1028//2438
f 1029//2439 1409//2439 1030//2439
f 1408//2440 1409//2440 1029//2440
f 1030//2441 1410//2441 1031//2441
f 1409//2442 1410//2442 1030//2442
f 1031//2443 1411//2443 1032//2443
f 1410//2444 1411//2444 1031//2444
f 1032//2445 1412//2445 1033//2445
f 1411//2446 1412//2446 1032//2446
f 1412//2447 1413//2447 1033//2447
f 1033//2448 1413//2448 1034//2448
f 1413//2449 1414//2449 1034//2449
f 1034//2450 1414//2450 1035//2450
f 1414//2451 1415//2451 1035//2451
f 1035//2452 1415//2452 1036//2452
f 1415//2453 1416//2453 1036//2453
f 1036//2454 1416//2454 1037//2454
f 1416//2455 1417//2455 1037//2455
f 1037//2456 1417//2456 1038//2456
f 1417//2457 1418//2457 1038//2457
f 1038//2458 1418//2458 1039//2458
f 1418//2459 1419//2459 1039//2459
f 1039//2460 1419//2460 1040//2460
f 1419//2461 1420//2461 1040//2461
f 1040//2462 1420//2462 1041//2462
f 1420//2463 1421//2463 1041//2463
f 1041//2464 1421//2464 1042//2464
f 1421//2465 1422//2465 1042//2465
f 1042//2466 1422//2466 1043//2466
f 1422//2467 1423//2467 1043//2467
f 1043//2468 1423//2468 1044//2468
f 1423//2469 1424//2469 1044//2469
f 1044//2470 1424//2470 1045//2470
f 1045//2471 1425//2471 1046//2471
f 1424//2472 1425//2472 1045//2472
f 1046//2473 1426//2473 1047//2473
f 1425//2474 1426//2474 1046//2474
f 1047//2475 1427//2475 1048//2475
f 1426//2476 1427//2476 1047//2476
f 1048//2477 1428//2477 1049//2477
f 1427//2478 1428//2478 1048//2478
f 1049//2479 1429//2479 1050//2479
f 1428//2480 1429//2480 1049//2480
f 1050//2481 1430//2481 1051//2481
f 1429//2482 1430//2482 1050//2482
f 1051//2483 1431//2483 1052//2483
f 1430//2484 1431//2484 1051//2484
f 1052//2485 1432//2485 1053//2485
f 1431//2486 1432//2486 1052//2486
f 1053//2487 1433//2487 1054//2487
f 1432//2488 1433//2488 1053//2488
f 1054//2489 1434//2489 1055//2489
f 1433//2490 1434//2490 1054//2490
f 1055//2491 1435//2491 1056//2491
f 1434//2492 1435//2492 1055//2492
f 1056//2493 1436//2493 1057//2493
f 1435//2494 1436//2494 1056//2494
f 1057//2495 1437//2495 1058//2495
f 1436//2496 1437//2496 1057//2496
f 1437//2497 1438//2497 1058//2497
f 1058//2498 1438//2498 1059//2498
f 1438//2499 1439//2499 1059//2499
f 1059//2500 1439//2500 1060//2500
f 1439//2501 1440//2501 1060//2501
f 1060//2502 1440//2502 1061//2502
f 1440//2503 1441//2503 1061//2503
f 1061//2504 1441//2504 1062//2504
f 1062//2505 1442//2505 1063//2505
f 1441//2506 1442//2506 1062//2506
f 1063//2507 1443//2507 1064//2507
f 1442//2508 1443//2508 1063//2508
f 1064//2509 1444//2509 1065//2509
f 1443//2510 1444//2510 1064//2510
f 1065//2511 1445//2511 1066//2511
f 1444//2512 1445//2512 1065//2512
f 1066//2513 1446//2513 1067//2513
f 1445//2514 1446//2514 1066//2514
f 1067//2515 1447//2515 1068//2515
f 1446//2516 1447//2516 1067//2516
f 1068//2517 1448//2517 1069//2517
f 1447//2518 1448//2518 1068//2518
f 1069//2519 1449//2519 1070//2519
f 1448//2520 1449//2520 1069//2520
f 1070//2521 1450//2521 1071//2521
f 1449//2522 1450//2522 1070//2522
f 1071//2523 1325//2523 946//2523
f 1450//2524 1325//2524 1071//2524
f 1406//2525 1152//2525 1407//2525
f 1406//2526 1151//2526 1152//2526
f 1405//2527 1151//2527 1406//2527
f 1152//2528 1153//2528 1407//2528
f 1407//2529 1153//2529 1408//2529
f 1405//2530 1150//2530 1151//2530
f 1153//2531 1154//2531 1408//2531
f 1408//2532 1154//2532 1409//2532
f 1404//2533 1149//2533 1405//2533
f 1405//2534 1149//2534 1150//2534
f 1154//2535 1155//2535 1409//2535
f 1409//2536 1155//2536 1410//2536
f 1403//2537 1148//2537 1404//2537
f 1404//2538 1148//2538 1149//2538
f 1155//2539 1156//2539 1410//2539
f 1402//2540 1147//2540 1403//2540
f 1403//2541 1147//2541 1148//2541
f 1410//2542 1157//2542 1411//2542
f 1156//2543 1157//2543 1410//2543
f 1402//2544 1146//2544 1147//2544
f 1401//2545 1146//2545 1402//2545
f 1411//2546 1158//2546 1412//2546
f 1157//2547 1158//2547 1411//2547
f 1401//2548 1145//2548 1146//2548
f 1400//2549 1145//2549 1401//2549
f 1158//2550 1159//2550 1412//2550
f 1412//2551 1159//2551 1413//2551
f 1400//2552 1144//2552 1145//2552
f 1399//2553 1144//2553 1400//2553
f 1159//2554 1160//2554 1413//2554
f 1413//2555 1160//2555 1414//2555
f 1399//2556 1143//2556 1144//2556
f 1398//2557 1143//2557 1399//2557
f 1160//2558 1161//2558 1414//2558
f 1414//2559 1161//2559 1415//2559
f 1398//2560 1142//2560 1143//2560
f 1397//2561 1142//2561 1398//2561
f 1161//2562 1162//2562 1415//2562
f 1397//2563 1141//2563 1142//2563
f 1396//2564 1141//2564 1397//2564
f 1162//2565 1163//2565 1415//2565
f 1415//2566 1163//2566 1416//2566
f 1396//2567 1140//2567 1141//2567
f 1395//2568 1140//2568 1396//2568
f 1163//2569 1164//2569 1416//2569
f 1416//2570 1164//2570 1417//2570
f 1395//2571 1139//2571 1140//2571
f 1394//2572 1139//2572 1395//2572
f 1164//2573 1165//2573 1417//2573
f 1417//2574 1165//2574 1418//2574
f 1394//2575 1138//2575 1139//2575
f 1165//2576 1166//2576 1418//2576
f 1418//2577 1166//2577 1419//2577
f 1394//2578 1137//2578 1138//2578
f 1393//2579 1137//2579 1394//2579
f 1166//2580 1167//2580 1419//2580
f 1393//2581 1136//2581 1137//2581
f 1392//2582 1136//2582 1393//2582
f 1167//2583 1168//2583 1419//2583
f 1419//2584 1168//2584 1420//2584
f 1392//2585 1135//2585 1136//2585
f 1391//2586 1135//2586 1392//2586
f 1168//2587 1169//2587 1420//2587
f 1420//2588 1169//2588 1421//2588
f 1391//2589 1134//2589 1135//2589
f 1390//2590 1134//2590 1391//2590
f 1169//2591 1170//2591 1421//2591
f 1421//2592 1170//2592 1422//2592
f 1390//2593 1133//2593 1134//2593
f 1389//2594 1133//2594 1390//2594
f 1170//2595 1171//2595 1422//2595
f 1422//2596 1171//2596 1423//2596
f 1389//2597 1132//2597 1133//2597
f 1388//2598 1132//2598 1389//2598
f 1171//2599 1172//2599 1423//2599
f 1423//2600 1172//2600 1424//2600
f 1387//2601 1131//2601 1388//2601
f 1388//2602 1131//2602 1132//2602
f 1172//2603 1173//2603 1424//2603
f 1385//2604 1130//2604 1386//2604
f 1386//2605 1130//2605 1387//2605
f 1387//2606 1130//2606 1131//2606
f 1173//2607 1174//2607 1424//2607
f 1424//2608 1174//2608 1425//2608
f 1385//2609 1129//2609 1130//2609
f 1384//2610 1129//2610 1385//2610
f 1425//2611 1175//2611 1426//2611
f 1174//2612 1175//2612 1425//2612
f 1383//2613 1128//2613 1384//2613
f 1384//2614 1128//2614 1129//2614
f 1426//2615 1176//2615 1427//2615
f 1175//2616 1176//2616 1426//2616
f 1382//2617 1127//2617 1383//2617
f 1383//2618 1127//2618 1128//2618
f 1427//2619 1177//2619 1428//2619
f 1176//2620 1177//2620 1427//2620
f 1381//2621 1126//2621 1382//2621
f 1382//2622 1126//2622 1127//2622
f 1428//2623 1178//2623 1429//2623
f 1177//2624 1178//2624 1428//2624
f 1380//2625 1125//2625 1381//2625
f 1381//2626 1125//2626 1126//2626
f 1178//2627 1179//2627 1429//2627
f 1429//2628 1180//2628 1430//2628
f 1179//2629 1180//2629 1429//2629
f 1430//2630 1181//2630 1431//2630
f 1180//2631 1181//2631 1430//2631
f 1431//2632 1182//2632 1432//2632
f 1181//2633 1182//2633 1431//2633
f 1432//2634 1183//2634 1433//2634
f 1182//2635 1183//2635 1432//2635
f 1183//2636 1184//2636 1433//2636
f 1184//2637 1434//2637 1433//2637
f 1185//2638 1434//2638 1184//2638
f 1185//2639 1186//2639 1434//2639
f 1186//2640 1435//2640 1434//2640
f 1187//2641 1435//2641 1186//2641
f 1187//2642 1436//2642 1435//2642
f 1188//2643 1436//2643 1187//2643
f 1188//2644 1437//2644 1436//2644
f 1189//2645 1437//2645 1188//2645
f 1190//2646 1438//2646 1189//2646
f 1189//2647 1438//2647 1437//2647
f 1120//2648 1278//2648 1119//2648
f 1121//2649 1278//2649 1120//2649
f 1121//2650 1277//2650 1278//2650
f 1122//2651 1277//2651 1121//2651
f 1278//2652 1279//2652 1119//2652
f 1122//2653 1276//2653 1277//2653
f 1279//2654 1280//2654 1119//2654
f 1119//2655 1280//2655 1118//2655
f 1122//2656 1275//2656 1276//2656
f 1123//2657 1275//2657 1122//2657
f 1280//2658 1281//2658 1118//2658
f 1118//2659 1281//2659 1117//2659
f 1124//2660 1274//2660 1123//2660
f 1125//2661 1274//2661 1124//2661
f 1123//2662 1274//2662 1275//2662
f 1281//2663 1282//2663 1117//2663
f 1116//2664 1282//2664 1115//2664
f 1117//2665 1282//2665 1116//2665
f 1125//2666 1273//2666 1274//2666
f 1379//2667 1273//2667 1380//2667
f 1380//2668 1273//2668 1125//2668
f 1282//2669 1283//2669 1115//2669
f 1378//2670 1272//2670 1379//2670
f 1379//2671 1272//2671 1273//2671
f 1283//2672 1284//2672 1115//2672
f 1115//2673 1284//2673 1114//2673
f 1377//2674 1271//2674 1378//2674
f 1378//2675 1271//2675 1272//2675
f 1190//2676 1439//2676 1438//2676
f 1191//2677 1439//2677 1190//2677
f 1114//2678 1285//2678 1113//2678
f 1284//2679 1285//2679 1114//2679
f 1376//2680 1270//2680 1377//2680
f 1377//2681 1270//2681 1271//2681
f 1112//2682 1286//2682 1111//2682
f 1113//2683 1286//2683 1112//2683
f 1285//2684 1286//2684 1113//2684
f 1376//2685 1269//2685 1270//2685
f 1286//2686 1287//2686 1111//2686
f 1375//2687 1268//2687 1376//2687
f 1376//2688 1268//2688 1269//2688
f 1287//2689 1288//2689 1111//2689
f 1110//2690 1288//2690 1109//2690
f 1111//2691 1288//2691 1110//2691
f 1375//2692 1267//2692 1268//2692
f 1374//2693 1267//2693 1375//2693
f 1288//2694 1289//2694 1109//2694
f 1374//2695 1266//2695 1267//2695
f 1373//2696 1266//2696 1374//2696
f 1289//2697 1290//2697 1109//2697
f 1109//2698 1290//2698 1108//2698
f 1373//2699 1265//2699 1266//2699
f 1372//2700 1265//2700 1373//2700
f 1290//2701 1291//2701 1108//2701
f 1108//2702 1291//2702 1107//2702
f 1372//2703 1264//2703 1265//2703
f 1291//2704 1292//2704 1107//2704
f 1107//2705 1292//2705 1106//2705
f 1372//2706 1263//2706 1264//2706
f 1371//2707 1263//2707 1372//2707
f 1191//2708 1440//2708 1439//2708
f 1192//2709 1440//2709 1191//2709
f 1105//2710 1293//2710 1104//2710
f 1106//2711 1293//2711 1105//2711
f 1292//2712 1293//2712 1106//2712
f 1371//2713 1262//2713 1263//2713
f 1370//2714 1262//2714 1371//2714
f 1293//2715 1294//2715 1104//2715
f 1370//2716 1261//2716 1262//2716
f 1294//2717 1295//2717 1104//2717
f 1103//2718 1295//2718 1102//2718
f 1104//2719 1295//2719 1103//2719
f 1370//2720 1260//2720 1261//2720
f 1369//2721 1260//2721 1370//2721
f 1295//2722 1296//2722 1102//2722
f 1369//2723 1259//2723 1260//2723
f 1296//2724 1297//2724 1102//2724
f 1102//2725 1297//2725 1101//2725
f 1369//2726 1258//2726 1259//2726
f 1368//2727 1258//2727 1369//2727
f 1297//2728 1298//2728 1101//2728
f 1101//2729 1298//2729 1100//2729
f 1193//2730 1441//2730 1192//2730
f 1192//2731 1441//2731 1440//2731
f 1367//2732 1257//2732 1368//2732
f 1368//2733 1257//2733 1258//2733
f 1298//2734 1299//2734 1100//2734
f 1099//2735 1299//2735 1098//2735
f 1100//2736 1299//2736 1099//2736
f 1367//2737 1256//2737 1257//2737
f 1299//2738 1300//2738 1098//2738
f 1367//2739 1255//2739 1256//2739
f 1367//2740 1366//2740 1255//2740
f 1300//2741 1301//2741 1098//2741
f 1098//2742 1301//2742 1097//2742
f 1366//2743 1254//2743 1255//2743
f 1301//2744 1302//2744 1097//2744
f 1096//2745 1302//2745 1095//2745
f 1097//2746 1302//2746 1096//2746
f 1366//2747 1253//2747 1254//2747
f 1302//2748 1303//2748 1095//2748
f 1193//2749 1442//2749 1441//2749
f 1194//2750 1442//2750 1193//2750
f 1095//2751 1304//2751 1094//2751
f 1303//2752 1304//2752 1095//2752
f 1304//2753 1305//2753 1094//2753
f 1093//2754 1305//2754 1092//2754
f 1094//2755 1305//2755 1093//2755
f 1366//2756 1365//2756 1253//2756
f 1252//2757 1365//2757 1251//2757
f 1253//2758 1365//2758 1252//2758
f 1305//2759 1306//2759 1092//2759
f 1092//2760 1306//2760 1091//2760
f 1091//2761 1307//2761 1090//2761
f 1306//2762 1307//2762 1091//2762
f 1194//2763 1443//2763 1442//2763
f 1195//2764 1443//2764 1194//2764
f 1307//2765 1308//2765 1090//2765
f 1090//2766 1309//2766 1089//2766
f 1308//2767 1309//2767 1090//2767
f 1249//2768 1364//2768 1248//2768
f 1250//2769 1364//2769 1249//2769
f 1251//2770 1364//2770 1250//2770
f 1365//2771 1364//2771 1251//2771
f 1309//2772 1310//2772 1089//2772
f 1088//2773 1310//2773 1087//2773
f 1089//2774 1310//2774 1088//2774
f 1310//2775 1311//2775 1087//2775
f 1195//2776 1444//2776 1443//2776
f 1196//2777 1444//2777 1195//2777
f 1086//2778 1312//2778 1085//2778
f 1087//2779 1312//2779 1086//2779
f 1311//2780 1312//2780 1087//2780
f 1312//2781 1313//2781 1085//2781
f 1085//2782 1313//2782 1084//2782
f 1247//2783 1363//2783 1246//2783
f 1248//2784 1363//2784 1247//2784
f 1364//2785 1363//2785 1248//2785
f 1313//2786 1314//2786 1084//2786
f 1196//2787 1445//2787 1444//2787
f 1197//2788 1445//2788 1196//2788
f 1198//2789 1445//2789 1197//2789
f 1363//2790 1362//2790 1246//2790
f 1245//2791 1362//2791 1244//2791
f 1246//2792 1362//2792 1245//2792
f 1198//2793 1446//2793 1445//2793
f 1074//2794 1446//2794 1198//2794
f 1362//2795 1361//2795 1244//2795
f 1242//2796 1361//2796 1241//2796
f 1243//2797 1361//2797 1242//2797
f 1244//2798 1361//2798 1243//2798
f 1074//2799 1447//2799 1446//2799
f 1073//2800 1447//2800 1074//2800
f 1239//2801 1360//2801 1238//2801
f 1240//2802 1360//2802 1239//2802
f 1241//2803 1360//2803 1240//2803
f 1361//2804 1360//2804 1241//2804
f 1073//2805 1448//2805 1447//2805
f 1075//2806 1448//2806 1073//2806
f 1360//2807 1359//2807 1238//2807
f 1237//2808 1359//2808 1236//2808
f 1238//2809 1359//2809 1237//2809
f 1075//2810 1449//2810 1448//2810
f 1076//2811 1449//2811 1075//2811
f 1359//2812 1358//2812 1236//2812
f 1234//2813 1358//2813 1233//2813
f 1235//2814 1358//2814 1234//2814
f 1236//2815 1358//2815 1235//2815
f 1076//2816 1450//2816 1449//2816
f 1077//2817 1450//2817 1076//2817
f 1358//2818 1357//2818 1233//2818
f 1231//2819 1357//2819 1230//2819
f 1232//2820 1357//2820 1231//2820
f 1233//2821 1357//2821 1232//2821
f 1077//2822 1325//2822 1450//2822
f 1078//2823 1325//2823 1077//2823
f 1357//2824 1356//2824 1230//2824
f 1229//2825 1356//2825 1228//2825
f 1230//2826 1356//2826 1229//2826
f 1079//2827 1326//2827 1078//2827
f 1078//2828 1326//2828 1325//2828
f 1226//2829 1355//2829 1225//2829
f 1227//2830 1355//2830 1226//2830
f 1228//2831 1355//2831 1227//2831
f 1356//2832 1355//2832 1228//2832
f 1079//2833 1327//2833 1326//2833
f 1355//2834 1354//2834 1225//2834
f 1224//2835 1354//2835 1223//2835
f 1225//2836 1354//2836 1224//2836
f 1079//2837 1328//2837 1327//2837
f 1080//2838 1328//2838 1079//2838
f 1221//2839 1353//2839 1220//2839
f 1222//2840 1353//2840 1221//2840
f 1223//2841 1353//2841 1222//2841
f 1354//2842 1353//2842 1223//2842
f 1080//2843 1329//2843 1328//2843
f 1081//2844 1329//2844 1080//2844
f 1218//2845 1352//2845 1217//2845
f 1353//2846 1352//2846 1220//2846
f 1219//2847 1352//2847 1218//2847
f 1220//2848 1352//2848 1219//2848
f 1082//2849 1330//2849 1081//2849
f 1081//2850 1330//2850 1329//2850
f 1216//2851 1351//2851 1215//2851
f 1217//2852 1351//2852 1216//2852
f 1352//2853 1351//2853 1217//2853
f 1083//2854 1331//2854 1082//2854
f 1082//2855 1331//2855 1330//2855
f 1214//2856 1350//2856 1213//2856
f 1215//2857 1350//2857 1214//2857
f 1351//2858 1350//2858 1215//2858
f 1083//2859 1332//2859 1331//2859
f 1084//2860 1332//2860 1083//2860
f 1211//2861 1349//2861 1210//2861
f 1212//2862 1349//2862 1211//2862
f 1213//2863 1349//2863 1212//2863
f 1350//2864 1349//2864 1213//2864
f 1314//2865 1333//2865 1084//2865
f 1084//2866 1333//2866 1332//2866
f 1349//2867 1348//2867 1210//2867
f 1209//2868 1348//2868 1208//2868
f 1210//2869 1348//2869 1209//2869
f 1314//2870 1334//2870 1333//2870
f 1315//2871 1334//2871 1314//2871
f 1207//2872 1347//2872 1206//2872
f 1208//2873 1347//2873 1207//2873
f 1348//2874 1347//2874 1208//2874
f 1315//2875 1335//2875 1334//2875
f 1316//2876 1335//2876 1315//2876
f 1347//2877 1346//2877 1206//2877
f 1205//2878 1346//2878 1204//2878
f 1206//2879 1346//2879 1205//2879
f 1317//2880 1336//2880 1316//2880
f 1316//2881 1336//2881 1335//2881
f 1346//2882 1345//2882 1204//2882
f 1204//2883 1345//2883 1203//2883
f 1318//2884 1337//2884 1317//2884
f 1319//2885 1337//2885 1318//2885
f 1317//2886 1337//2886 1336//2886
f 1345//2887 1344//2887 1203//2887
f 1202//2888 1344//2888 1201//2888
f 1203//2889 1344//2889 1202//2889
f 1320//2890 1338//2890 1319//2890
f 1319//2891 1338//2891 1337//2891
f 1344//2892 1343//2892 1201//2892
f 1199//2893 1343//2893 1200//2893
f 1201//2894 1343//2894 1199//2894
f 1321//2895 1339//2895 1320//2895
f 1320//2896 1339//2896 1338//2896
f 1343//2897 1342//2897 1200//2897
f 1200//2898 1342//2898 1324//2898
f 1321//2899 1340//2899 1339//2899
f 1322//2900 1340//2900 1321//2900
f 1342//2901 1341//2901 1324//2901
f 1322//2902 1341//2902 1340//2902
f 1323//2903 1341//2903 1322//2903
f 1324//2904 1341//2904 1323//2904
