# Created by FreeCAD <https://www.freecad.org>
v 13.991000 0.501911 39.938202
v 13.991052 0.500478 39.969086
v 13.991069 0.500000 40.000000
v 13.990886 0.505097 39.899162
v 13.990714 0.509816 39.860229
v 13.990485 0.516070 39.821442
v 13.990195 0.523864 39.782841
v 13.989842 0.533200 39.744465
v 13.991069 0.500000 48.500000
v 13.989424 0.544083 39.706360
v 13.988935 0.556518 39.668575
v 13.986038 0.625085 48.625084
v 13.988371 0.570510 39.631153
v 13.987728 0.586061 39.594147
v 13.987000 0.603178 39.557610
v 13.986182 0.621863 39.521591
v 13.985267 0.642120 39.486149
v 13.984247 0.663951 39.451344
v 13.983116 0.687358 39.417236
v 13.979890 0.750120 48.750118
v 13.981866 0.712341 39.383888
v 13.980487 0.738901 39.351364
v 13.978971 0.767036 39.319733
v 13.977310 0.796745 39.289062
v 13.975492 0.828031 39.259422
v 13.972624 0.875095 48.875095
v 13.973507 0.860882 39.230892
v 13.971346 0.895265 39.203571
v 13.969001 0.931143 39.177563
v 13.964240 1.000000 49.000000
v 13.966462 0.968468 39.152962
v 13.963723 1.007186 39.129864
v 13.960777 1.047232 39.108372
v 13.957618 1.088536 39.088573
v 14.000000 0.000000 1.000000
v 13.999007 0.166698 37.000000
v 13.996030 0.333373 37.000000
v 14.000000 0.000000 37.000000
v 13.954240 1.131013 39.070564
v 13.950641 1.174574 39.054432
v 13.946818 1.219117 39.040257
v 13.942775 1.264530 39.028118
v 13.938511 1.310691 39.018082
v 13.934033 1.357467 39.010208
v 13.896849 1.696350 49.000000
v 13.929349 1.404716 39.004551
v 13.924471 1.452282 39.001141
v 13.919411 1.500000 39.000000
v 13.982597 0.697842 1.000000
v 13.991069 0.500000 37.000000
v 13.830469 2.172124 39.000000
v 13.794754 2.388464 49.000000
v 13.930430 1.393950 1.000000
v 13.948620 1.198336 37.000000
v 13.709092 2.839153 39.000000
v 13.658212 3.074614 49.000000
v 13.843632 2.086592 1.000000
v 13.871337 1.893679 37.000000
v 13.555565 3.499525 39.000000
v 13.487562 3.753086 49.000000
v 13.722415 2.774046 1.000000
v 13.759412 2.584294 37.000000
v 13.370246 4.151689 39.000000
v 13.283233 4.422186 49.000000
v 13.567082 3.454604 1.000000
v 13.613126 3.268454 37.000000
v 13.045732 5.080243 49.000000
v 13.153572 4.794116 39.000000
v 13.378019 4.126573 1.000000
v 13.432844 3.944453 37.000000
v 12.775655 5.725614 49.000000
v 12.906050 5.425301 39.000000
v 13.155697 4.788282 1.000000
v 13.219015 4.610600 37.000000
v 12.473674 6.356687 49.000000
v 12.628260 6.043761 39.000000
v 12.900667 5.438087 1.000000
v 12.972175 5.265234 37.000000
v 12.140544 6.971886 49.000000
v 12.320854 6.648048 39.000000
v 12.613564 6.074372 1.000000
v 12.692939 5.906718 37.000000
v 11.777098 7.569675 49.000000
v 11.984554 7.236744 39.000000
v 12.295102 6.695556 1.000000
v 12.382004 6.533451 37.000000
v 11.384241 8.148561 49.000000
v 11.620147 7.808469 39.000000
v 11.946073 7.300093 1.000000
v 12.040147 7.143868 37.000000
v 10.962956 8.707100 49.000000
v 11.228489 8.361880 39.000000
v 11.567343 7.886481 1.000000
v 11.668222 7.736445 37.000000
v 11.267159 8.309702 37.000000
v 10.514296 9.243895 49.000000
v 10.810497 8.895681 39.000000
v 11.159855 8.453261 1.000000
v 10.837956 8.862206 37.000000
v 10.039379 9.757606 49.000000
v 10.367152 9.408621 39.000000
v 10.724622 8.999026 1.000000
v 10.381689 9.392579 37.000000
v 9.899495 9.899495 39.000000
v 9.539392 10.246951 49.000000
v 9.899495 9.899495 37.000000
v 10.262726 9.522418 1.000000
v 9.775315 10.022136 1.000000
v 9.263601 10.496937 1.000000
v 9.015584 10.710708 49.000000
v 8.728857 10.945641 1.000000
v 8.469262 11.147717 49.000000
v 8.172411 11.367132 1.000000
v 7.901791 11.556890 49.000000
v 7.595648 11.760363 1.000000
v 7.314588 11.937202 49.000000
v 7.000000 12.124355 1.000000
v 6.709119 12.287706 49.000000
v 6.386949 12.458205 1.000000
v 6.086896 12.607526 49.000000
v 5.758019 12.761082 1.000000
v 5.449473 12.895862 49.000000
v 5.114774 13.032232 1.000000
v 4.798442 13.151994 49.000000
v 4.458813 13.270983 1.000000
v 4.135429 13.375284 49.000000
v 3.791767 13.476740 1.000000
v 3.462088 13.565174 49.000000
v 3.115293 13.648991 1.000000
v 2.780102 13.721189 49.000000
v 2.431074 13.787309 1.000000
v 2.091174 13.842940 49.000000
v 1.740812 13.891349 1.000000
v 1.397024 13.930123 49.000000
v 1.046221 13.960854 1.000000
v 0.699385 13.982520 49.000000
v 0.349030 13.995648 1.000000
v -0.000000 14.000000 49.000000
v -0.349030 13.995648 1.000000
v -0.699385 13.982520 49.000000
v -1.046221 13.960854 1.000000
v -1.397024 13.930123 49.000000
v -1.740812 13.891349 1.000000
v -2.091174 13.842940 49.000000
v -2.431074 13.787309 1.000000
v -2.780102 13.721189 49.000000
v -3.115293 13.648991 1.000000
v -3.462088 13.565174 49.000000
v -3.791767 13.476740 1.000000
v -4.135429 13.375284 49.000000
v -4.458813 13.270983 1.000000
v -4.798442 13.151994 49.000000
v -5.114774 13.032232 1.000000
v -5.449473 12.895862 49.000000
v -5.758019 12.761082 1.000000
v -6.086896 12.607526 49.000000
v -6.386949 12.458205 1.000000
v -6.709119 12.287706 49.000000
v -7.000000 12.124355 1.000000
v -7.314588 11.937202 49.000000
v -7.595648 11.760363 1.000000
v -7.901791 11.556890 49.000000
v -8.172411 11.367132 1.000000
v -8.469262 11.147717 49.000000
v -8.728857 10.945641 1.000000
v -9.015584 10.710708 49.000000
v -9.263601 10.496937 1.000000
v -9.539392 10.246951 49.000000
v -9.775315 10.022136 1.000000
v -10.039379 9.757606 49.000000
v -10.262726 9.522418 1.000000
v -10.514296 9.243895 49.000000
v -10.724622 8.999026 1.000000
v -10.962956 8.707100 49.000000
v -11.159855 8.453261 1.000000
v -11.384241 8.148561 49.000000
v -11.567343 7.886481 1.000000
v -11.777098 7.569675 49.000000
v -11.946073 7.300093 1.000000
v -12.140544 6.971886 49.000000
v -12.295102 6.695556 1.000000
v -12.473674 6.356687 49.000000
v -12.613564 6.074372 1.000000
v -12.775655 5.725614 49.000000
v -12.900667 5.438087 1.000000
v -13.045732 5.080243 49.000000
v -13.155697 4.788282 1.000000
v -13.283233 4.422186 49.000000
v -13.378019 4.126573 1.000000
v -13.487562 3.753086 49.000000
v -13.567082 3.454604 1.000000
v -13.658212 3.074614 49.000000
v -13.722415 2.774046 1.000000
v -13.794754 2.388464 49.000000
v -13.843632 2.086592 1.000000
v -13.896849 1.696350 49.000000
v -13.991069 0.500000 37.000000
v -13.964240 1.000000 49.000000
v -13.972624 0.875095 48.875095
v -13.979890 0.750120 48.750118
v -13.986038 0.625085 48.625084
v -13.991069 0.500000 48.500000
v -13.930430 1.393950 1.000000
v -13.982597 0.697842 1.000000
v -13.996030 0.333373 37.000000
v -13.990901 -0.504672 39.903450
v -13.991027 -0.501168 39.951679
v -13.991069 -0.500000 40.000000
v -13.990689 -0.510513 39.855381
v -13.990388 -0.518695 39.807541
v -13.989993 -0.529226 39.760002
v -13.991069 -0.500000 48.500000
v -13.989500 -0.542114 39.712849
v -13.988900 -0.557368 39.666168
v -13.986038 -0.625085 48.625084
v -13.988187 -0.574996 39.620041
v -13.987350 -0.595008 39.574570
v -13.986483 -0.615063 39.534290
v -13.985602 -0.634771 39.498623
v -13.984620 -0.656053 39.463573
v -13.983529 -0.678910 39.429199
v -13.979890 -0.750120 48.750118
v -13.982322 -0.703342 39.395569
v -13.980989 -0.729347 39.362743
v -13.979523 -0.756923 39.330795
v -13.977915 -0.786063 39.299789
v -13.976154 -0.816761 39.269806
v -13.972624 -0.875095 48.875095
v -13.974233 -0.849008 39.240913
v -13.972139 -0.882794 39.213200
v -13.969864 -0.918100 39.186741
v -13.967398 -0.954886 39.161640
v -13.964240 -1.000000 49.000000
v -13.964732 -0.993098 39.137997
v -13.961862 -1.032675 39.115913
v -13.958778 -1.073545 39.095490
v -14.000000 -0.000000 1.000000
v -13.999007 0.166698 37.000000
v -14.000000 0.000000 37.000000
v -13.999007 -0.166698 37.000000
v -13.996030 -0.333373 37.000000
v -13.955479 -1.115626 39.076824
v -13.951958 -1.158829 39.059998
v -13.948214 -1.203053 39.045105
v -13.944247 -1.248188 39.032223
v -13.940060 -1.294113 39.021423
v -13.935657 -1.340696 39.012772
v -13.896849 -1.696350 49.000000
v -13.931046 -1.387798 39.006313
v -13.926234 -1.435266 39.002098
v -13.922863 -1.467613 39.000526
v -13.919411 -1.500000 39.000000
v -13.982597 -0.697842 1.000000
v -13.991069 -0.500000 37.000000
v -13.830469 -2.172124 39.000000
v -13.794754 -2.388464 49.000000
v -13.930430 -1.393950 1.000000
v -13.948620 -1.198336 37.000000
v -13.709092 -2.839153 39.000000
v -13.658212 -3.074614 49.000000
v -13.843632 -2.086592 1.000000
v -13.871337 -1.893679 37.000000
v -13.555565 -3.499525 39.000000
v -13.487562 -3.753086 49.000000
v -13.722415 -2.774046 1.000000
v -13.759412 -2.584294 37.000000
v -13.370246 -4.151689 39.000000
v -13.283233 -4.422186 49.000000
v -13.567082 -3.454604 1.000000
v -13.613126 -3.268454 37.000000
v -13.045732 -5.080243 49.000000
v -13.153572 -4.794116 39.000000
v -13.378019 -4.126573 1.000000
v -13.432844 -3.944453 37.000000
v -12.775655 -5.725614 49.000000
v -12.906050 -5.425301 39.000000
v -13.155697 -4.788282 1.000000
v -13.219015 -4.610600 37.000000
v -12.473674 -6.356687 49.000000
v -12.628260 -6.043761 39.000000
v -12.900667 -5.438087 1.000000
v -12.972175 -5.265234 37.000000
v -12.140544 -6.971886 49.000000
v -12.320854 -6.648048 39.000000
v -12.613564 -6.074372 1.000000
v -12.692939 -5.906718 37.000000
v -11.777098 -7.569675 49.000000
v -11.984554 -7.236744 39.000000
v -12.295102 -6.695556 1.000000
v -12.382004 -6.533451 37.000000
v -11.384241 -8.148561 49.000000
v -11.620147 -7.808469 39.000000
v -11.946073 -7.300093 1.000000
v -12.040147 -7.143868 37.000000
v -10.962956 -8.707100 49.000000
v -11.228489 -8.361880 39.000000
v -11.567343 -7.886481 1.000000
v -11.668222 -7.736445 37.000000
v -11.267159 -8.309702 37.000000
v -10.514296 -9.243895 49.000000
v -10.810497 -8.895681 39.000000
v -11.159855 -8.453261 1.000000
v -10.837956 -8.862206 37.000000
v -10.039379 -9.757606 49.000000
v -10.367152 -9.408621 39.000000
v -10.724622 -8.999026 1.000000
v -10.381689 -9.392579 37.000000
v -9.899495 -9.899495 39.000000
v -9.539392 -10.246951 49.000000
v -9.899495 -9.899495 37.000000
v -10.262726 -9.522418 1.000000
v -9.775315 -10.022136 1.000000
v -9.263601 -10.496937 1.000000
v -9.015584 -10.710708 49.000000
v -8.728857 -10.945641 1.000000
v -8.469262 -11.147717 49.000000
v -8.172411 -11.367132 1.000000
v -7.901791 -11.556890 49.000000
v -7.595648 -11.760363 1.000000
v -7.314588 -11.937202 49.000000
v -7.000000 -12.124355 1.000000
v -6.709119 -12.287706 49.000000
v -6.386949 -12.458205 1.000000
v -6.086896 -12.607526 49.000000
v -5.758019 -12.761082 1.000000
v -5.449473 -12.895862 49.000000
v -5.114774 -13.032232 1.000000
v -4.798442 -13.151994 49.000000
v -4.458813 -13.270983 1.000000
v -4.135429 -13.375284 49.000000
v -3.791767 -13.476740 1.000000
v -3.462088 -13.565174 49.000000
v -3.115293 -13.648991 1.000000
v -2.780102 -13.721189 49.000000
v -2.431074 -13.787309 1.000000
v -2.091174 -13.842940 49.000000
v -1.740812 -13.891349 1.000000
v -1.397024 -13.930123 49.000000
v -1.046221 -13.960854 1.000000
v -0.699385 -13.982520 49.000000
v -0.349030 -13.995648 1.000000
v -0.000000 -14.000000 49.000000
v 0.349030 -13.995648 1.000000
v 0.699385 -13.982520 49.000000
v 1.046221 -13.960854 1.000000
v 1.397024 -13.930123 49.000000
v 1.740812 -13.891349 1.000000
v 2.091174 -13.842940 49.000000
v 2.431074 -13.787309 1.000000
v 2.780102 -13.721189 49.000000
v 3.115293 -13.648991 1.000000
v 3.462088 -13.565174 49.000000
v 3.791767 -13.476740 1.000000
v 4.135429 -13.375284 49.000000
v 4.458813 -13.270983 1.000000
v 4.798442 -13.151994 49.000000
v 5.114774 -13.032232 1.000000
v 5.449473 -12.895862 49.000000
v 5.758019 -12.761082 1.000000
v 6.086896 -12.607526 49.000000
v 6.386949 -12.458205 1.000000
v 6.709119 -12.287706 49.000000
v 7.000000 -12.124355 1.000000
v 7.314588 -11.937202 49.000000
v 7.595648 -11.760363 1.000000
v 7.901791 -11.556890 49.000000
v 8.172411 -11.367132 1.000000
v 8.469262 -11.147717 49.000000
v 8.728857 -10.945641 1.000000
v 9.015584 -10.710708 49.000000
v 9.263601 -10.496937 1.000000
v 9.539392 -10.246951 49.000000
v 9.775315 -10.022136 1.000000
v 10.039379 -9.757606 49.000000
v 10.262726 -9.522418 1.000000
v 10.514296 -9.243895 49.000000
v 10.724622 -8.999026 1.000000
v 10.962956 -8.707100 49.000000
v 11.159855 -8.453261 1.000000
v 11.384241 -8.148561 49.000000
v 11.567343 -7.886481 1.000000
v 11.777098 -7.569675 49.000000
v 11.946073 -7.300093 1.000000
v 12.140544 -6.971886 49.000000
v 12.295102 -6.695556 1.000000
v 12.473674 -6.356687 49.000000
v 12.613564 -6.074372 1.000000
v 12.775655 -5.725614 49.000000
v 12.900667 -5.438087 1.000000
v 13.045732 -5.080243 49.000000
v 13.155697 -4.788282 1.000000
v 13.283233 -4.422186 49.000000
v 13.378019 -4.126573 1.000000
v 13.487562 -3.753086 49.000000
v 13.567082 -3.454604 1.000000
v 13.658212 -3.074614 49.000000
v 13.722415 -2.774046 1.000000
v 13.794754 -2.388464 49.000000
v 13.843632 -2.086592 1.000000
v 13.896849 -1.696350 49.000000
v 13.991069 -0.500000 37.000000
v 13.964240 -1.000000 49.000000
v 13.972624 -0.875095 48.875095
v 13.979890 -0.750120 48.750118
v 13.986038 -0.625085 48.625084
v 13.991069 -0.500000 48.500000
v 13.930430 -1.393950 1.000000
v 13.982597 -0.697842 1.000000
v 13.996030 -0.333373 37.000000
v 13.999007 -0.166698 37.000000
v -15.000000 -0.500000 37.000000
v -14.991664 -0.500000 39.000000
v -14.991664 -0.500000 37.000000
v -14.991664 -0.500000 40.000000
v -15.000000 -0.500000 48.500000
v -14.991626 -0.501168 39.951691
v -14.991508 -0.504670 39.903473
v -14.991310 -0.510508 39.855415
v -14.991030 -0.518686 39.807587
v -14.990662 -0.529212 39.760059
v -14.990201 -0.542094 39.712917
v -14.989642 -0.557341 39.666245
v -14.988976 -0.574961 39.620129
v -14.988196 -0.594964 39.574665
v -14.987387 -0.615009 39.534393
v -14.986566 -0.634709 39.498730
v -14.985649 -0.655982 39.463684
v -14.984632 -0.678831 39.429314
v -14.983505 -0.703253 39.395687
v -14.982263 -0.729249 39.362862
v -14.980896 -0.756815 39.330914
v -14.979396 -0.785946 39.299908
v -14.977754 -0.816635 39.269924
v -14.975961 -0.848874 39.241032
v -14.974009 -0.882652 39.213310
v -14.971886 -0.917951 39.186848
v -14.969585 -0.954732 39.161739
v -14.967099 -0.992941 39.138088
v -14.964421 -1.032516 39.115997
v -14.961545 -1.073386 39.095566
v -14.958467 -1.115471 39.076885
v -14.955182 -1.158681 39.060051
v -14.951689 -1.202914 39.045151
v -14.947988 -1.248062 39.032257
v -14.944081 -1.294002 39.021446
v -14.939973 -1.340606 39.012783
v -14.935669 -1.387731 39.006321
v -14.931180 -1.435225 39.002102
v -14.928033 -1.467591 39.000526
v -14.924811 -1.500000 39.000000
v -15.500000 -1.000000 49.000000
v -14.833549 -2.228408 39.000000
v -14.706759 -2.951478 39.000000
v -14.544744 -3.667479 39.000000
v -14.347893 -4.374696 39.000000
v -14.116676 -5.071435 39.000000
v -13.851647 -5.756028 39.000000
v -13.553443 -6.426833 39.000000
v -13.222775 -7.082246 39.000000
v -12.860438 -7.720695 39.000000
v -12.467298 -8.340652 39.000000
v -12.044296 -8.940633 39.000000
v -11.592447 -9.519199 39.000000
v -11.112833 -10.074966 39.000000
v -10.606602 -10.606602 39.000000
v -11.728830 -10.882764 49.000000
v -11.171789 -11.453870 49.000000
v -10.586973 -11.996499 49.000000
v -12.256711 -10.284602 49.000000
v -9.975837 -12.509304 49.000000
v -12.754120 -9.660871 49.000000
v -9.339899 -12.991008 49.000000
v -13.219820 -9.013121 49.000000
v -8.680740 -13.440414 49.000000
v -13.652654 -8.342963 49.000000
v -8.000000 -13.856406 49.000000
v -14.051545 -7.652064 49.000000
v -7.299370 -14.237949 49.000000
v -14.415502 -6.942140 49.000000
v -6.580594 -14.584094 49.000000
v -14.743619 -6.214957 49.000000
v -5.845457 -14.893980 49.000000
v -15.035082 -5.472322 49.000000
v -5.095787 -15.166838 49.000000
v -15.289165 -4.716083 49.000000
v -4.333447 -15.401988 49.000000
v -15.505237 -3.948118 49.000000
v -3.560335 -15.598846 49.000000
v -15.682760 -3.170338 49.000000
v -2.778371 -15.756924 49.000000
v -15.980111 -0.797534 49.000000
v -15.920492 -1.593086 49.000000
v -15.821293 -2.384676 49.000000
v -16.000000 -0.000000 49.000000
v -1.989499 -15.875827 49.000000
v -1.195681 -15.955261 49.000000
v -0.398891 -15.995027 49.000000
v -15.500000 1.000000 49.000000
v -15.980111 0.797534 49.000000
v -15.920492 1.593086 49.000000
v 0.398891 -15.995027 49.000000
v 1.195681 -15.955261 49.000000
v 1.989499 -15.875827 49.000000
v -15.821293 2.384676 49.000000
v 2.778371 -15.756924 49.000000
v -15.682760 3.170338 49.000000
v 3.560335 -15.598846 49.000000
v -15.505237 3.948118 49.000000
v 4.333447 -15.401988 49.000000
v -15.289165 4.716083 49.000000
v 5.095787 -15.166838 49.000000
v -15.035082 5.472322 49.000000
v 5.845457 -14.893980 49.000000
v -14.743619 6.214957 49.000000
v 6.580594 -14.584094 49.000000
v -14.415502 6.942140 49.000000
v 7.299370 -14.237949 49.000000
v -14.051545 7.652064 49.000000
v 8.000000 -13.856406 49.000000
v -13.652654 8.342963 49.000000
v 8.680740 -13.440414 49.000000
v -13.219820 9.013121 49.000000
v 9.339899 -12.991008 49.000000
v -12.754120 9.660871 49.000000
v 9.975837 -12.509304 49.000000
v -12.256711 10.284602 49.000000
v 10.586973 -11.996499 49.000000
v -11.728830 10.882764 49.000000
v 11.171789 -11.453870 49.000000
v -11.171789 11.453870 49.000000
v 11.728830 -10.882764 49.000000
v -10.586973 11.996499 49.000000
v 12.256711 -10.284602 49.000000
v -9.975837 12.509304 49.000000
v 12.754120 -9.660871 49.000000
v -9.339899 12.991008 49.000000
v 13.219820 -9.013121 49.000000
v -8.680740 13.440414 49.000000
v 13.652654 -8.342963 49.000000
v -8.000000 13.856406 49.000000
v 14.051545 -7.652064 49.000000
v -7.299370 14.237949 49.000000
v 14.415502 -6.942140 49.000000
v -6.580594 14.584094 49.000000
v 14.743619 -6.214957 49.000000
v -5.845457 14.893980 49.000000
v 15.035082 -5.472322 49.000000
v -5.095787 15.166838 49.000000
v 15.289165 -4.716083 49.000000
v -4.333447 15.401988 49.000000
v 15.505237 -3.948118 49.000000
v -3.560335 15.598846 49.000000
v 15.682760 -3.170338 49.000000
v -2.778371 15.756924 49.000000
v 15.821293 -2.384676 49.000000
v -1.989499 15.875827 49.000000
v 15.920492 -1.593086 49.000000
v 15.500000 -1.000000 49.000000
v -1.195681 15.955261 49.000000
v 15.980111 -0.797534 49.000000
v -0.398891 15.995027 49.000000
v 16.000000 0.000000 49.000000
v 0.398891 15.995027 49.000000
v 15.500000 1.000000 49.000000
v 15.980111 0.797534 49.000000
v 1.195681 15.955261 49.000000
v 15.920492 1.593086 49.000000
v 1.989499 15.875827 49.000000
v 15.821293 2.384676 49.000000
v 2.778371 15.756924 49.000000
v 15.682760 3.170338 49.000000
v 3.560335 15.598846 49.000000
v 15.505237 3.948118 49.000000
v 4.333447 15.401988 49.000000
v 15.289165 4.716083 49.000000
v 5.095787 15.166838 49.000000
v 15.035082 5.472322 49.000000
v 5.845457 14.893980 49.000000
v 14.743619 6.214957 49.000000
v 6.580594 14.584094 49.000000
v 14.415502 6.942140 49.000000
v 7.299370 14.237949 49.000000
v 14.051545 7.652064 49.000000
v 8.000000 13.856406 49.000000
v 13.652654 8.342963 49.000000
v 8.680740 13.440414 49.000000
v 13.219820 9.013121 49.000000
v 9.339899 12.991008 49.000000
v 12.754120 9.660871 49.000000
v 9.975837 12.509304 49.000000
v 12.256711 10.284602 49.000000
v 10.586973 11.996499 49.000000
v 11.728830 10.882764 49.000000
v 11.171789 11.453870 49.000000
v -10.606602 -10.606602 37.000000
v 15.000000 -0.500000 48.500000
v -14.951613 -1.203851 37.000000
v -14.878535 -1.905044 37.000000
v -14.772592 -2.602028 37.000000
v -14.634015 -3.293264 37.000000
v -14.463114 -3.977226 37.000000
v -14.260264 -4.652402 37.000000
v -14.025915 -5.317302 37.000000
v -13.760584 -5.970456 37.000000
v -13.464855 -6.610422 37.000000
v -13.139384 -7.235785 37.000000
v -12.784889 -7.845165 37.000000
v -12.402153 -8.437216 37.000000
v -11.992021 -9.010629 37.000000
v -11.555399 -9.564138 37.000000
v -11.093253 -10.096521 37.000000
v 15.000000 -0.500000 37.000000
v -14.999074 -0.166694 37.000000
v -15.000000 0.000000 37.000000
v -14.996295 -0.333368 37.000000
v 15.000000 0.000000 37.000000
v -15.000000 0.500000 37.000000
v -15.000000 0.500000 48.500000
v -2.513653 -2.577121 1.000000
v -2.638987 -2.448622 1.000000
v -2.382069 -2.699212 1.000000
v -2.757760 -2.314035 1.000000
v -2.244563 -2.814593 1.000000
v -2.869677 -2.173696 1.000000
v -2.101477 -2.922977 1.000000
v -2.974460 -2.027952 1.000000
v -1.953167 -3.024093 1.000000
v -3.071847 -1.877167 1.000000
v -1.800000 -3.117692 1.000000
v -3.161598 -1.721714 1.000000
v -1.642358 -3.203538 1.000000
v -3.243488 -1.561981 1.000000
v -1.480634 -3.281421 1.000000
v -3.317314 -1.398365 1.000000
v -1.315228 -3.351146 1.000000
v -3.382893 -1.231272 1.000000
v -1.146552 -3.412539 1.000000
v -3.440062 -1.061119 1.000000
v -0.975026 -3.465447 1.000000
v -3.488678 -0.888327 1.000000
v -0.801075 -3.509741 1.000000
v -3.528621 -0.713326 1.000000
v -0.625133 -3.545308 1.000000
v -3.559791 -0.536552 1.000000
v -0.447637 -3.572061 1.000000
v -3.582111 -0.358444 1.000000
v -0.269028 -3.589934 1.000000
v -3.595525 -0.179445 1.000000
v -0.089750 -3.598881 1.000000
v -3.600000 -0.000000 1.000000
v 0.089750 -3.598881 1.000000
v -3.595525 0.179445 1.000000
v 0.269028 -3.589934 1.000000
v -3.582111 0.358444 1.000000
v 0.447637 -3.572061 1.000000
v -3.559791 0.536552 1.000000
v 0.625133 -3.545308 1.000000
v -3.528621 0.713326 1.000000
v 0.801075 -3.509741 1.000000
v -3.488678 0.888327 1.000000
v 0.975026 -3.465447 1.000000
v -3.440062 1.061119 1.000000
v 1.146552 -3.412539 1.000000
v -3.382893 1.231272 1.000000
v 1.315228 -3.351146 1.000000
v -3.317314 1.398365 1.000000
v 1.480634 -3.281421 1.000000
v -3.243488 1.561981 1.000000
v 1.642358 -3.203538 1.000000
v -3.161598 1.721714 1.000000
v 1.800000 -3.117692 1.000000
v -3.071847 1.877167 1.000000
v 1.953167 -3.024093 1.000000
v 2.101477 -2.922977 1.000000
v 2.244563 -2.814593 1.000000
v 2.382069 -2.699212 1.000000
v 2.513653 -2.577121 1.000000
v 2.638987 -2.448622 1.000000
v 2.757760 -2.314035 1.000000
v 2.869677 -2.173696 1.000000
v 2.974460 -2.027952 1.000000
v -2.638987 6.551378 1.000000
v -2.513653 2.577121 1.000000
v -2.513653 6.422879 1.000000
v -2.638987 2.448622 1.000000
v -2.382069 6.300787 1.000000
v -2.382069 2.699212 1.000000
v -2.757760 6.685965 1.000000
v -2.757760 2.314035 1.000000
v -2.869677 2.173696 1.000000
v -2.244563 6.185407 1.000000
v -2.244563 2.814593 1.000000
v -2.869677 6.826304 1.000000
v -2.101477 6.077023 1.000000
v -2.101477 2.922977 1.000000
v -1.953167 3.024093 1.000000
v -2.974460 6.972048 1.000000
v -2.974460 2.027952 1.000000
v -1.953167 5.975907 1.000000
v -3.071847 7.122833 1.000000
v -1.800000 5.882308 1.000000
v -1.800000 3.117692 1.000000
v -3.161598 7.278286 1.000000
v -1.642358 5.796462 1.000000
v -1.642358 3.203538 1.000000
v -1.480634 3.281421 1.000000
v -3.243488 7.438018 1.000000
v -1.480634 5.718579 1.000000
v -3.317314 7.601635 1.000000
v -1.315228 5.648855 1.000000
v -1.315228 3.351146 1.000000
v -3.382893 7.768727 1.000000
v -1.146552 5.587461 1.000000
v -1.146552 3.412539 1.000000
v -0.975026 3.465447 1.000000
v -3.440062 7.938881 1.000000
v -0.975026 5.534553 1.000000
v -3.488678 8.111673 1.000000
v 3.071847 -1.877167 1.000000
v -0.801075 5.490260 1.000000
v -0.801075 3.509741 1.000000
v -0.625133 3.545308 1.000000
v -3.528621 8.286674 1.000000
v -0.625133 5.454692 1.000000
v -0.447637 3.572061 1.000000
v -3.559791 8.463448 1.000000
v -0.447637 5.427939 1.000000
v -0.269028 3.589934 1.000000
v -3.582111 8.641556 1.000000
v -0.269028 5.410066 1.000000
v -0.089750 3.598881 1.000000
v -3.595525 8.820555 1.000000
v -0.089750 5.401119 1.000000
v -3.600000 9.000000 1.000000
v 0.089750 5.401119 1.000000
v 0.089750 3.598881 1.000000
v -3.595525 9.179445 1.000000
v 3.161598 -1.721714 1.000000
v 0.269028 5.410066 1.000000
v 0.269028 3.589934 1.000000
v 0.447637 3.572061 1.000000
v -3.582111 9.358444 1.000000
v 0.447637 5.427939 1.000000
v -3.559791 9.536552 1.000000
v 0.625133 5.454692 1.000000
v 0.625133 3.545308 1.000000
v 0.801075 3.509741 1.000000
v -3.528621 9.713326 1.000000
v 0.801075 5.490260 1.000000
v 0.975026 3.465447 1.000000
v -3.488678 9.888327 1.000000
v 0.975026 5.534553 1.000000
v 3.243488 -1.561981 1.000000
v 3.317314 -1.398365 1.000000
v -3.440062 10.061119 1.000000
v 1.146552 5.587461 1.000000
v 1.146552 3.412539 1.000000
v -3.382893 10.231273 1.000000
v 1.315228 5.648855 1.000000
v 1.315228 3.351146 1.000000
v -3.317314 10.398365 1.000000
v 1.480634 5.718579 1.000000
v 1.480634 3.281421 1.000000
v -3.243488 10.561981 1.000000
v 1.642358 5.796462 1.000000
v 1.642358 3.203538 1.000000
v 1.800000 3.117692 1.000000
v 1.800000 5.882308 1.000000
v 1.953167 3.024093 1.000000
v -3.161598 10.721714 1.000000
v -3.071847 10.877167 1.000000
v 1.953167 5.975907 1.000000
v -2.974460 11.027952 1.000000
v 2.101477 6.077023 1.000000
v 2.101477 2.922977 1.000000
v 2.244563 2.814593 1.000000
v 3.382893 -1.231272 1.000000
v 2.244563 6.185407 1.000000
v 2.382069 6.300787 1.000000
v 2.382069 2.699212 1.000000
v -2.869677 11.173696 1.000000
v -2.757760 11.314035 1.000000
v 2.513653 6.422879 1.000000
v 2.513653 2.577121 1.000000
v 2.638987 6.551378 1.000000
v 2.638987 2.448622 1.000000
v 2.757760 2.314035 1.000000
v 3.440062 -1.061119 1.000000
v 3.488678 -0.888327 1.000000
v 2.757760 6.685965 1.000000
v 2.869677 2.173696 1.000000
v -2.513653 11.577121 1.000000
v -2.382069 11.699212 1.000000
v -2.638987 11.448622 1.000000
v 2.869677 6.826304 1.000000
v 2.974460 6.972048 1.000000
v 2.974460 2.027952 1.000000
v 3.071847 1.877167 1.000000
v 3.071847 7.122833 1.000000
v -2.101477 11.922976 1.000000
v -1.953167 12.024094 1.000000
v -2.244563 11.814593 1.000000
v 3.528621 -0.713326 1.000000
v 3.559791 -0.536552 1.000000
v -1.800000 12.117691 1.000000
v -1.642358 12.203539 1.000000
v -1.315228 12.351146 1.000000
v -1.146552 12.412539 1.000000
v -1.480634 12.281421 1.000000
v 3.582111 -0.358444 1.000000
v 3.595525 -0.179445 1.000000
v -0.801075 12.509741 1.000000
v -0.625133 12.545308 1.000000
v -0.975026 12.465447 1.000000
v -0.269028 12.589933 1.000000
v -0.089750 12.598881 1.000000
v -0.447637 12.572062 1.000000
v 3.595525 0.179445 1.000000
v 3.600000 0.000000 1.000000
v 0.447637 12.572062 1.000000
v 0.625133 12.545308 1.000000
v 0.269028 12.589933 1.000000
v 0.089750 12.598881 1.000000
v 3.582111 0.358444 1.000000
v 0.975026 12.465447 1.000000
v 1.146552 12.412539 1.000000
v 0.801075 12.509741 1.000000
v 3.559791 0.536552 1.000000
v 1.480634 12.281421 1.000000
v 1.642358 12.203539 1.000000
v 1.315228 12.351146 1.000000
v 1.800000 12.117691 1.000000
v 1.953167 12.024094 1.000000
v 3.528621 0.713326 1.000000
v 2.244563 11.814593 1.000000
v 2.382069 11.699212 1.000000
v 2.101477 11.922976 1.000000
v 3.488678 0.888327 1.000000
v 3.440062 1.061119 1.000000
v 2.638987 11.448622 1.000000
v 2.757760 11.314035 1.000000
v 2.513653 11.577121 1.000000
v 3.382893 1.231272 1.000000
v 2.869677 11.173696 1.000000
v 2.974460 11.027952 1.000000
v 3.161598 10.721714 1.000000
v 3.243488 10.561981 1.000000
v 3.071847 10.877167 1.000000
v 3.317314 1.398365 1.000000
v 3.243488 1.561981 1.000000
v 3.317314 10.398365 1.000000
v 3.382893 10.231273 1.000000
v 3.440062 10.061119 1.000000
v 3.488678 9.888327 1.000000
v 3.161598 1.721714 1.000000
v 3.528621 9.713326 1.000000
v 3.559791 9.536552 1.000000
v 3.161598 7.278286 1.000000
v 3.582111 9.358444 1.000000
v 3.595525 9.179445 1.000000
v 3.243488 7.438018 1.000000
v 3.600000 9.000000 1.000000
v 3.595525 8.820555 1.000000
v 3.317314 7.601635 1.000000
v 3.582111 8.641556 1.000000
v 3.382893 7.768727 1.000000
v 3.559791 8.463448 1.000000
v 3.528621 8.286674 1.000000
v 3.440062 7.938881 1.000000
v 3.488678 8.111673 1.000000
v 14.999074 0.166694 37.000000
v 14.996295 0.333368 37.000000
v 14.991664 0.500000 37.000000
v 15.000000 0.500000 48.500000
v 14.951613 1.203851 37.000000
v 14.878535 1.905044 37.000000
v 14.772592 2.602028 37.000000
v 14.634015 3.293264 37.000000
v 14.463114 3.977226 37.000000
v 14.260264 4.652402 37.000000
v 14.025915 5.317302 37.000000
v 13.760584 5.970456 37.000000
v 13.464855 6.610422 37.000000
v 13.139384 7.235785 37.000000
v 12.784889 7.845165 37.000000
v 12.402153 8.437216 37.000000
v 11.992021 9.010629 37.000000
v 11.555399 9.564138 37.000000
v 11.093253 10.096521 37.000000
v 10.606602 10.606602 37.000000
v 15.000000 0.500000 37.000000
v 14.991664 0.500000 39.000000
v 14.991664 0.500000 40.000000
v 10.606602 10.606602 39.000000
v 14.924811 1.500000 39.000000
v 14.929533 1.452251 39.001141
v 14.934087 1.404658 39.004555
v 14.938457 1.357385 39.010223
v 14.942636 1.310587 39.018101
v 14.946614 1.264409 39.028149
v 14.950387 1.218982 39.040298
v 14.953953 1.174429 39.054482
v 14.957311 1.130861 39.070625
v 14.960463 1.088378 39.088646
v 14.963410 1.047073 39.108452
v 14.966158 1.007028 39.129955
v 14.968713 0.968313 39.153061
v 14.971081 0.930992 39.177670
v 14.973269 0.895121 39.203682
v 14.975284 0.860745 39.231007
v 14.977135 0.827903 39.259537
v 14.978831 0.796625 39.289181
v 14.980381 0.766926 39.319851
v 14.981794 0.738800 39.351482
v 14.983081 0.712250 39.384007
v 14.984247 0.687275 39.417351
v 14.985302 0.663878 39.451458
v 14.986253 0.642056 39.486256
v 14.987106 0.621807 39.521694
v 14.987869 0.603130 39.557705
v 14.988548 0.586021 39.594238
v 14.989148 0.570476 39.631237
v 14.989674 0.556492 39.668652
v 14.990130 0.544062 39.706429
v 14.990520 0.533184 39.744526
v 14.990849 0.523852 39.782890
v 14.991120 0.516063 39.821487
v 14.991334 0.509811 39.860264
v 14.991493 0.505095 39.899185
v 14.991600 0.501911 39.938217
v 14.991649 0.500478 39.969093
v 14.833549 2.228408 39.000000
v 14.706759 2.951478 39.000000
v 14.544744 3.667479 39.000000
v 14.347893 4.374696 39.000000
v 14.116676 5.071435 39.000000
v 13.851647 5.756028 39.000000
v 13.553443 6.426833 39.000000
v 13.222775 7.082246 39.000000
v 12.860438 7.720695 39.000000
v 12.467298 8.340652 39.000000
v 12.044296 8.940633 39.000000
v 11.592447 9.519199 39.000000
v 11.112833 10.074966 39.000000
v -15.000000 0.000000 39.000000
v 16.000000 0.000000 1.000000
v 15.980111 0.797534 1.000000
v 15.920492 1.593086 1.000000
v 15.821293 2.384676 1.000000
v 15.682760 3.170338 1.000000
v 15.505237 3.948118 1.000000
v 15.289165 4.716083 1.000000
v 15.035082 5.472322 1.000000
v 14.743619 6.214957 1.000000
v 14.415502 6.942140 1.000000
v 14.051545 7.652064 1.000000
v 13.652654 8.342963 1.000000
v 13.219820 9.013121 1.000000
v 12.754120 9.660871 1.000000
v 12.256711 10.284602 1.000000
v 11.728830 10.882764 1.000000
v 11.171789 11.453870 1.000000
v 10.586973 11.996499 1.000000
v 9.975837 12.509304 1.000000
v 9.339899 12.991008 1.000000
v 8.680740 13.440414 1.000000
v 8.000000 13.856406 1.000000
v 7.299370 14.237949 1.000000
v 6.580594 14.584094 1.000000
v 5.845457 14.893980 1.000000
v 5.095787 15.166838 1.000000
v 4.333447 15.401988 1.000000
v 3.560335 15.598846 1.000000
v 2.778371 15.756924 1.000000
v 1.989499 15.875827 1.000000
v 1.195681 15.955261 1.000000
v 0.398891 15.995027 1.000000
v -0.398891 15.995027 1.000000
v -1.195681 15.955261 1.000000
v -1.989499 15.875827 1.000000
v -2.778371 15.756924 1.000000
v -3.560335 15.598846 1.000000
v -4.333447 15.401988 1.000000
v -5.095787 15.166838 1.000000
v -5.845457 14.893980 1.000000
v -6.580594 14.584094 1.000000
v -7.299370 14.237949 1.000000
v -8.000000 13.856406 1.000000
v -8.680740 13.440414 1.000000
v -9.339899 12.991008 1.000000
v -9.975837 12.509304 1.000000
v -10.586973 11.996499 1.000000
v -11.171789 11.453870 1.000000
v -11.728830 10.882764 1.000000
v -12.256711 10.284602 1.000000
v -12.754120 9.660871 1.000000
v -13.219820 9.013121 1.000000
v -13.652654 8.342963 1.000000
v -14.051545 7.652064 1.000000
v -14.415502 6.942140 1.000000
v -14.743619 6.214957 1.000000
v -15.035082 5.472322 1.000000
v -15.289165 4.716083 1.000000
v -15.505237 3.948118 1.000000
v -15.682760 3.170338 1.000000
v -15.821293 2.384676 1.000000
v -15.920492 1.593086 1.000000
v -15.980111 0.797534 1.000000
v -16.000000 -0.000000 1.000000
v -15.980111 -0.797534 1.000000
v -15.920492 -1.593086 1.000000
v -15.821293 -2.384676 1.000000
v -15.682760 -3.170338 1.000000
v -15.505237 -3.948118 1.000000
v -15.289165 -4.716083 1.000000
v -15.035082 -5.472322 1.000000
v -14.743619 -6.214957 1.000000
v -14.415502 -6.942140 1.000000
v -14.051545 -7.652064 1.000000
v -13.652654 -8.342963 1.000000
v -13.219820 -9.013121 1.000000
v -12.754120 -9.660871 1.000000
v -12.256711 -10.284602 1.000000
v -11.728830 -10.882764 1.000000
v -11.171789 -11.453870 1.000000
v -10.586973 -11.996499 1.000000
v -9.975837 -12.509304 1.000000
v -9.339899 -12.991008 1.000000
v -8.680740 -13.440414 1.000000
v -8.000000 -13.856406 1.000000
v -7.299370 -14.237949 1.000000
v -6.580594 -14.584094 1.000000
v -5.845457 -14.893980 1.000000
v -5.095787 -15.166838 1.000000
v -4.333447 -15.401988 1.000000
v -3.560335 -15.598846 1.000000
v -2.778371 -15.756924 1.000000
v -1.989499 -15.875827 1.000000
v -1.195681 -15.955261 1.000000
v -0.398891 -15.995027 1.000000
v 0.398891 -15.995027 1.000000
v 1.195681 -15.955261 1.000000
v 1.989499 -15.875827 1.000000
v 2.778371 -15.756924 1.000000
v 3.560335 -15.598846 1.000000
v 4.333447 -15.401988 1.000000
v 5.095787 -15.166838 1.000000
v 5.845457 -14.893980 1.000000
v 6.580594 -14.584094 1.000000
v 7.299370 -14.237949 1.000000
v 8.000000 -13.856406 1.000000
v 8.680740 -13.440414 1.000000
v 9.339899 -12.991008 1.000000
v 9.975837 -12.509304 1.000000
v 10.586973 -11.996499 1.000000
v 11.171789 -11.453870 1.000000
v 11.728830 -10.882764 1.000000
v 12.256711 -10.284602 1.000000
v 12.754120 -9.660871 1.000000
v 13.219820 -9.013121 1.000000
v 13.652654 -8.342963 1.000000
v 14.051545 -7.652064 1.000000
v 14.415502 -6.942140 1.000000
v 14.743619 -6.214957 1.000000
v 15.035082 -5.472322 1.000000
v 15.289165 -4.716083 1.000000
v 15.505237 -3.948118 1.000000
v 15.682760 -3.170338 1.000000
v 15.821293 -2.384676 1.000000
v 15.920492 -1.593086 1.000000
v 15.980111 -0.797534 1.000000
v 15.000000 0.000000 39.000000
v 3.595525 0.179445 0.000000
v 3.600000 0.000000 0.000000
v 3.582111 0.358444 0.000000
v 3.559791 0.536552 0.000000
v 3.528621 0.713326 0.000000
v 3.488678 0.888327 0.000000
v 3.440062 1.061119 0.000000
v 3.382893 1.231272 0.000000
v 3.317314 1.398365 0.000000
v 3.243488 1.561981 0.000000
v 3.161598 1.721714 0.000000
v 3.071847 1.877167 0.000000
v 2.974460 2.027952 0.000000
v 2.869677 2.173696 0.000000
v 2.757760 2.314035 0.000000
v 2.638987 2.448622 0.000000
v 2.513653 2.577121 0.000000
v 2.382069 2.699212 0.000000
v 2.244563 2.814593 0.000000
v 2.101477 2.922977 0.000000
v 1.953167 3.024093 0.000000
v 1.800000 3.117692 0.000000
v 1.642358 3.203538 0.000000
v 1.480634 3.281421 0.000000
v 1.315228 3.351146 0.000000
v 1.146552 3.412539 0.000000
v 0.975026 3.465447 0.000000
v 0.801075 3.509741 0.000000
v 0.625133 3.545308 0.000000
v 0.447637 3.572061 0.000000
v 0.269028 3.589934 0.000000
v 0.089750 3.598881 0.000000
v -0.089750 3.598881 0.000000
v -0.269028 3.589934 0.000000
v -0.447637 3.572061 0.000000
v -0.625133 3.545308 0.000000
v -0.801075 3.509741 0.000000
v -0.975026 3.465447 0.000000
v -1.146552 3.412539 0.000000
v -1.315228 3.351146 0.000000
v -1.480634 3.281421 0.000000
v -1.642358 3.203538 0.000000
v -1.800000 3.117692 0.000000
v -1.953167 3.024093 0.000000
v -2.101477 2.922977 0.000000
v -2.244563 2.814593 0.000000
v -2.382069 2.699212 0.000000
v -2.513653 2.577121 0.000000
v -2.638987 2.448622 0.000000
v -2.757760 2.314035 0.000000
v -2.869677 2.173696 0.000000
v -2.974460 2.027952 0.000000
v -3.071847 1.877167 0.000000
v -3.161598 1.721714 0.000000
v -3.243488 1.561981 0.000000
v -3.317314 1.398365 0.000000
v -3.382893 1.231272 0.000000
v -3.440062 1.061119 0.000000
v -3.488678 0.888327 0.000000
v -3.528621 0.713326 0.000000
v -3.559791 0.536552 0.000000
v -3.582111 0.358444 0.000000
v -3.595525 0.179445 0.000000
v -3.600000 -0.000000 0.000000
v -3.595525 -0.179445 0.000000
v -3.582111 -0.358444 0.000000
v -3.559791 -0.536552 0.000000
v -3.528621 -0.713326 0.000000
v -3.488678 -0.888327 0.000000
v -3.440062 -1.061119 0.000000
v -3.382893 -1.231272 0.000000
v -3.317314 -1.398365 0.000000
v -3.243488 -1.561981 0.000000
v -3.161598 -1.721714 0.000000
v -3.071847 -1.877167 0.000000
v -2.974460 -2.027952 0.000000
v -2.869677 -2.173696 0.000000
v -2.757760 -2.314035 0.000000
v -2.638987 -2.448622 0.000000
v -2.513653 -2.577121 0.000000
v -2.382069 -2.699212 0.000000
v -2.244563 -2.814593 0.000000
v -2.101477 -2.922977 0.000000
v -1.953167 -3.024093 0.000000
v -1.800000 -3.117692 0.000000
v -1.642358 -3.203538 0.000000
v -1.480634 -3.281421 0.000000
v -1.315228 -3.351146 0.000000
v -1.146552 -3.412539 0.000000
v -0.975026 -3.465447 0.000000
v -0.801075 -3.509741 0.000000
v -0.625133 -3.545308 0.000000
v -0.447637 -3.572061 0.000000
v -0.269028 -3.589934 0.000000
v -0.089750 -3.598881 0.000000
v 0.089750 -3.598881 0.000000
v 0.269028 -3.589934 0.000000
v 0.447637 -3.572061 0.000000
v 0.625133 -3.545308 0.000000
v 0.801075 -3.509741 0.000000
v 0.975026 -3.465447 0.000000
v 1.146552 -3.412539 0.000000
v 1.315228 -3.351146 0.000000
v 1.480634 -3.281421 0.000000
v 1.642358 -3.203538 0.000000
v 1.800000 -3.117692 0.000000
v 1.953167 -3.024093 0.000000
v 2.101477 -2.922977 0.000000
v 2.244563 -2.814593 0.000000
v 2.382069 -2.699212 0.000000
v 2.513653 -2.577121 0.000000
v 2.638987 -2.448622 0.000000
v 2.757760 -2.314035 0.000000
v 2.869677 -2.173696 0.000000
v 2.974460 -2.027952 0.000000
v 3.071847 -1.877167 0.000000
v 3.161598 -1.721714 0.000000
v 3.243488 -1.561981 0.000000
v 3.317314 -1.398365 0.000000
v 3.382893 -1.231272 0.000000
v 3.440062 -1.061119 0.000000
v 3.488678 -0.888327 0.000000
v 3.528621 -0.713326 0.000000
v 3.559791 -0.536552 0.000000
v 3.582111 -0.358444 0.000000
v 3.595525 -0.179445 0.000000
v 3.595525 9.179445 0.000000
v 3.600000 9.000000 0.000000
v 3.582111 9.358444 0.000000
v 3.559791 9.536552 0.000000
v 3.528621 9.713326 0.000000
v 3.488678 9.888327 0.000000
v 3.440062 10.061119 0.000000
v 3.382893 10.231273 0.000000
v 3.317314 10.398365 0.000000
v 3.243488 10.561981 0.000000
v 3.161598 10.721714 0.000000
v 3.071847 10.877167 0.000000
v 2.974460 11.027952 0.000000
v 2.869677 11.173696 0.000000
v 2.757760 11.314035 0.000000
v 2.638987 11.448622 0.000000
v 2.513653 11.577121 0.000000
v 2.382069 11.699212 0.000000
v 2.244563 11.814593 0.000000
v 2.101477 11.922976 0.000000
v 1.953167 12.024094 0.000000
v 1.800000 12.117691 0.000000
v 1.642358 12.203539 0.000000
v 1.480634 12.281421 0.000000
v 1.315228 12.351146 0.000000
v 1.146552 12.412539 0.000000
v 0.975026 12.465447 0.000000
v 0.801075 12.509741 0.000000
v 0.625133 12.545308 0.000000
v 0.447637 12.572062 0.000000
v 0.269028 12.589933 0.000000
v 0.089750 12.598881 0.000000
v -0.089750 12.598881 0.000000
v -0.269028 12.589933 0.000000
v -0.447637 12.572062 0.000000
v -0.625133 12.545308 0.000000
v -0.801075 12.509741 0.000000
v -0.975026 12.465447 0.000000
v -1.146552 12.412539 0.000000
v -1.315228 12.351146 0.000000
v -1.480634 12.281421 0.000000
v -1.642358 12.203539 0.000000
v -1.800000 12.117691 0.000000
v -1.953167 12.024094 0.000000
v -2.101477 11.922976 0.000000
v -2.244563 11.814593 0.000000
v -2.382069 11.699212 0.000000
v -2.513653 11.577121 0.000000
v -2.638987 11.448622 0.000000
v -2.757760 11.314035 0.000000
v -2.869677 11.173696 0.000000
v -2.974460 11.027952 0.000000
v -3.071847 10.877167 0.000000
v -3.161598 10.721714 0.000000
v -3.243488 10.561981 0.000000
v -3.317314 10.398365 0.000000
v -3.382893 10.231273 0.000000
v -3.440062 10.061119 0.000000
v -3.488678 9.888327 0.000000
v -3.528621 9.713326 0.000000
v -3.559791 9.536552 0.000000
v -3.582111 9.358444 0.000000
v -3.595525 9.179445 0.000000
v -3.600000 9.000000 0.000000
v -3.595525 8.820555 0.000000
v -3.582111 8.641556 0.000000
v -3.559791 8.463448 0.000000
v -3.528621 8.286674 0.000000
v -3.488678 8.111673 0.000000
v -3.440062 7.938881 0.000000
v -3.382893 7.768727 0.000000
v -3.317314 7.601635 0.000000
v -3.243488 7.438018 0.000000
v -3.161598 7.278286 0.000000
v -3.071847 7.122833 0.000000
v -2.974460 6.972048 0.000000
v -2.869677 6.826304 0.000000
v -2.757760 6.685965 0.000000
v -2.638987 6.551378 0.000000
v -2.513653 6.422879 0.000000
v -2.382069 6.300787 0.000000
v -2.244563 6.185407 0.000000
v -2.101477 6.077023 0.000000
v -1.953167 5.975907 0.000000
v -1.800000 5.882308 0.000000
v -1.642358 5.796462 0.000000
v -1.480634 5.718579 0.000000
v -1.315228 5.648855 0.000000
v -1.146552 5.587461 0.000000
v -0.975026 5.534553 0.000000
v -0.801075 5.490260 0.000000
v -0.625133 5.454692 0.000000
v -0.447637 5.427939 0.000000
v -0.269028 5.410066 0.000000
v -0.089750 5.401119 0.000000
v 0.089750 5.401119 0.000000
v 0.269028 5.410066 0.000000
v 0.447637 5.427939 0.000000
v 0.625133 5.454692 0.000000
v 0.801075 5.490260 0.000000
v 0.975026 5.534553 0.000000
v 1.146552 5.587461 0.000000
v 1.315228 5.648855 0.000000
v 1.480634 5.718579 0.000000
v 1.642358 5.796462 0.000000
v 1.800000 5.882308 0.000000
v 1.953167 5.975907 0.000000
v 2.101477 6.077023 0.000000
v 2.244563 6.185407 0.000000
v 2.382069 6.300787 0.000000
v 2.513653 6.422879 0.000000
v 2.638987 6.551378 0.000000
v 2.757760 6.685965 0.000000
v 2.869677 6.826304 0.000000
v 2.974460 6.972048 0.000000
v 3.071847 7.122833 0.000000
v 3.161598 7.278286 0.000000
v 3.243488 7.438018 0.000000
v 3.317314 7.601635 0.000000
v 3.382893 7.768727 0.000000
v 3.440062 7.938881 0.000000
v 3.488678 8.111673 0.000000
v 3.528621 8.286674 0.000000
v 3.559791 8.463448 0.000000
v 3.582111 8.641556 0.000000
v 3.595525 8.820555 0.000000
v 16.000000 0.000000 0.000000
v 15.980111 0.797534 0.000000
v 15.920492 1.593086 0.000000
v 15.821293 2.384676 0.000000
v 15.682760 3.170338 0.000000
v 15.505237 3.948118 0.000000
v 15.289165 4.716083 0.000000
v 15.035082 5.472322 0.000000
v 14.743619 6.214957 0.000000
v 14.415502 6.942140 0.000000
v 14.051545 7.652064 0.000000
v 13.652654 8.342963 0.000000
v 13.219820 9.013121 0.000000
v 12.754120 9.660871 0.000000
v 12.256711 10.284602 0.000000
v 11.728830 10.882764 0.000000
v 11.171789 11.453870 0.000000
v 10.586973 11.996499 0.000000
v 9.975837 12.509304 0.000000
v 9.339899 12.991008 0.000000
v 8.680740 13.440414 0.000000
v 8.000000 13.856406 0.000000
v 7.299370 14.237949 0.000000
v 6.580594 14.584094 0.000000
v 5.845457 14.893980 0.000000
v 5.095787 15.166838 0.000000
v 4.333447 15.401988 0.000000
v 3.560335 15.598846 0.000000
v 2.778371 15.756924 0.000000
v 1.989499 15.875827 0.000000
v 1.195681 15.955261 0.000000
v 0.398891 15.995027 0.000000
v -0.398891 15.995027 0.000000
v -1.195681 15.955261 0.000000
v -1.989499 15.875827 0.000000
v -2.778371 15.756924 0.000000
v -3.560335 15.598846 0.000000
v -4.333447 15.401988 0.000000
v -5.095787 15.166838 0.000000
v -5.845457 14.893980 0.000000
v -6.580594 14.584094 0.000000
v -7.299370 14.237949 0.000000
v -8.000000 13.856406 0.000000
v -8.680740 13.440414 0.000000
v -9.339899 12.991008 0.000000
v -9.975837 12.509304 0.000000
v -10.586973 11.996499 0.000000
v -11.171789 11.453870 0.000000
v -11.728830 10.882764 0.000000
v -12.256711 10.284602 0.000000
v -12.754120 9.660871 0.000000
v -13.219820 9.013121 0.000000
v -13.652654 8.342963 0.000000
v -14.051545 7.652064 0.000000
v -14.415502 6.942140 0.000000
v -14.743619 6.214957 0.000000
v -15.035082 5.472322 0.000000
v -15.289165 4.716083 0.000000
v -15.505237 3.948118 0.000000
v -15.682760 3.170338 0.000000
v -15.821293 2.384676 0.000000
v -15.920492 1.593086 0.000000
v -15.980111 0.797534 0.000000
v -16.000000 -0.000000 0.000000
v -15.980111 -0.797534 0.000000
v -15.920492 -1.593086 0.000000
v -15.821293 -2.384676 0.000000
v -15.682760 -3.170338 0.000000
v -15.505237 -3.948118 0.000000
v -15.289165 -4.716083 0.000000
v -15.035082 -5.472322 0.000000
v -14.743619 -6.214957 0.000000
v -14.415502 -6.942140 0.000000
v -14.051545 -7.652064 0.000000
v -13.652654 -8.342963 0.000000
v -13.219820 -9.013121 0.000000
v -12.754120 -9.660871 0.000000
v -12.256711 -10.284602 0.000000
v -11.728830 -10.882764 0.000000
v -11.171789 -11.453870 0.000000
v -10.586973 -11.996499 0.000000
v -9.975837 -12.509304 0.000000
v -9.339899 -12.991008 0.000000
v -8.680740 -13.440414 0.000000
v -8.000000 -13.856406 0.000000
v -7.299370 -14.237949 0.000000
v -6.580594 -14.584094 0.000000
v -5.845457 -14.893980 0.000000
v -5.095787 -15.166838 0.000000
v -4.333447 -15.401988 0.000000
v -3.560335 -15.598846 0.000000
v -2.778371 -15.756924 0.000000
v -1.989499 -15.875827 0.000000
v -1.195681 -15.955261 0.000000
v -0.398891 -15.995027 0.000000
v 0.398891 -15.995027 0.000000
v 1.195681 -15.955261 0.000000
v 1.989499 -15.875827 0.000000
v 2.778371 -15.756924 0.000000
v 3.560335 -15.598846 0.000000
v 4.333447 -15.401988 0.000000
v 5.095787 -15.166838 0.000000
v 5.845457 -14.893980 0.000000
v 6.580594 -14.584094 0.000000
v 7.299370 -14.237949 0.000000
v 8.000000 -13.856406 0.000000
v 8.680740 -13.440414 0.000000
v 9.339899 -12.991008 0.000000
v 9.975837 -12.509304 0.000000
v 10.586973 -11.996499 0.000000
v 11.171789 -11.453870 0.000000
v 11.728830 -10.882764 0.000000
v 12.256711 -10.284602 0.000000
v 12.754120 -9.660871 0.000000
v 13.219820 -9.013121 0.000000
v 13.652654 -8.342963 0.000000
v 14.051545 -7.652064 0.000000
v 14.415502 -6.942140 0.000000
v 14.743619 -6.214957 0.000000
v 15.035082 -5.472322 0.000000
v 15.289165 -4.716083 0.000000
v 15.505237 -3.948118 0.000000
v 15.682760 -3.170338 0.000000
v 15.821293 -2.384676 0.000000
v 15.920492 -1.593086 0.000000
v 15.980111 -0.797534 0.000000
vn -0.999355 -0.035905 -0.000000
vn -0.999355 -0.035900 0.000000
vn -0.999327 -0.036678 -0.000039
vn -0.999318 -0.036919 -0.000056
vn -0.999282 -0.037882 -0.000143
vn -0.999249 -0.038745 -0.000238
vn -0.999318 -0.036915 0.000000
vn -0.999260 -0.038460 -0.000006
vn -0.999226 -0.039344 -0.000010
vn -0.999193 -0.040170 -0.000016
vn -0.999188 -0.040290 -0.000015
vn -0.999146 -0.041316 -0.000008
vn -0.999097 -0.042480 -0.000003
vn -0.999043 -0.043750 -0.000000
vn -0.998980 -0.045150 0.000000
vn -0.998911 -0.046652 -0.000003
vn -0.998834 -0.048279 -0.000010
vn -0.998794 -0.049099 -0.000015
vn -0.998750 -0.049993 -0.000009
vn -0.998655 -0.051853 -0.000002
vn -0.998553 -0.053782 0.000001
vn -0.998440 -0.055836 -0.000003
vn -0.998315 -0.058028 -0.000014
vn -0.998314 -0.058044 -0.000014
vn -0.998180 -0.060305 -0.000003
vn -0.998031 -0.062726 0.000001
vn -0.997756 -0.066956 -0.000014
vn -0.997870 -0.065227 -0.000004
vn -0.997695 -0.067864 -0.000008
vn -0.997507 -0.070565 0.000001
vn -0.997305 -0.073364 -0.000001
vn -0.997086 -0.076280 -0.000015
vn -0.999840 -0.017861 0.000055
vn -0.999982 -0.005955 0.000000
vn -0.996852 -0.079290 -0.000042
vn -0.996602 -0.082374 -0.000083
vn -0.996335 -0.085542 -0.000139
vn -0.996054 -0.088745 -0.000210
vn -0.995755 -0.092042 -0.000298
vn -0.995443 -0.095353 -0.000402
vn -0.995350 -0.096328 -0.000437
vn -0.995117 -0.098703 -0.000356
vn -0.994781 -0.102036 -0.000257
vn -0.994424 -0.105456 -0.000173
vn -0.999557 -0.029760 0.000072
vn -0.999689 -0.024930 0.000121
vn -0.989295 -0.145932 -0.000376
vn -0.997204 -0.074731 0.000098
vn -0.980769 -0.195171 -0.000395
vn -0.992239 -0.124343 0.000097
vn -0.969795 -0.243923 -0.000410
vn -0.984808 -0.173648 0.000097
vn -0.956399 -0.292065 -0.000422
vn -0.974928 -0.222521 0.000096
vn -0.940614 -0.339478 -0.000430
vn -0.962624 -0.270841 0.000096
vn -0.922480 -0.386044 -0.000435
vn -0.947927 -0.318487 0.000095
vn -0.902043 -0.431646 -0.000437
vn -0.930874 -0.365341 0.000095
vn -0.879354 -0.476169 -0.000436
vn -0.911506 -0.411287 0.000094
vn -0.854469 -0.519503 -0.000431
vn -0.889872 -0.456211 0.000094
vn -0.827449 -0.561541 -0.000422
vn -0.866025 -0.500000 0.000093
vn -0.798364 -0.602176 -0.000411
vn -0.840026 -0.542547 0.000093
vn -0.819377 -0.573255 -0.000093
vn -0.767284 -0.641307 -0.000396
vn -0.789715 -0.613474 -0.000093
vn -0.811938 -0.583744 0.000092
vn -0.734289 -0.678837 -0.000378
vn -0.758081 -0.652160 -0.000092
vn -0.781831 -0.623490 0.000092
vn -0.724022 -0.689777 0.000341
vn -0.694357 -0.719630 0.000000
vn -0.699461 -0.714671 -0.000356
vn -0.724554 -0.689218 -0.000091
vn -0.749781 -0.661686 0.000091
vn -0.715867 -0.698237 0.000091
vn -0.690832 -0.723015 0.000204
vn -0.680173 -0.733052 -0.000151
vn -0.662885 -0.748722 -0.000091
vn -0.642788 -0.766044 0.000090
vn -0.624654 -0.780902 -0.000091
vn -0.603805 -0.797132 0.000090
vn -0.584862 -0.811132 -0.000091
vn -0.563320 -0.826239 0.000090
vn -0.543612 -0.839337 -0.000091
vn -0.521435 -0.853291 0.000090
vn -0.501003 -0.865445 -0.000091
vn -0.478254 -0.878221 0.000090
vn -0.457144 -0.889393 -0.000091
vn -0.433884 -0.900969 0.000091
vn -0.412142 -0.911120 -0.000091
vn -0.388435 -0.921476 0.000091
vn -0.366110 -0.930571 -0.000091
vn -0.342020 -0.939692 0.000091
vn -0.319167 -0.947698 -0.000091
vn -0.294756 -0.955573 0.000091
vn -0.271425 -0.962460 -0.000091
vn -0.246757 -0.969077 0.000091
vn -0.223005 -0.974817 -0.000091
vn -0.174028 -0.984741 -0.000091
vn -0.198147 -0.980172 0.000091
vn -0.124618 -0.992205 -0.000091
vn -0.149042 -0.988831 0.000091
vn -0.074895 -0.997191 -0.000091
vn -0.099569 -0.995031 0.000091
vn -0.049845 -0.998757 0.000091
vn -0.024985 -0.999688 -0.000091
vn 0.024985 -0.999688 -0.000091
vn 0.000000 -1.000000 0.000091
vn 0.074895 -0.997191 -0.000091
vn 0.049845 -0.998757 0.000091
vn 0.124618 -0.992205 -0.000091
vn 0.099569 -0.995031 0.000091
vn 0.174028 -0.984741 -0.000091
vn 0.149042 -0.988831 0.000091
vn 0.223005 -0.974817 -0.000091
vn 0.198147 -0.980172 0.000091
vn 0.271425 -0.962460 -0.000091
vn 0.246757 -0.969077 0.000091
vn 0.319167 -0.947698 -0.000091
vn 0.294756 -0.955573 0.000091
vn 0.366110 -0.930571 -0.000091
vn 0.342020 -0.939692 0.000091
vn 0.412142 -0.911120 -0.000091
vn 0.388435 -0.921476 0.000091
vn 0.457144 -0.889393 -0.000091
vn 0.433884 -0.900969 0.000091
vn 0.501003 -0.865445 -0.000091
vn 0.478254 -0.878221 0.000090
vn 0.543612 -0.839337 -0.000091
vn 0.521435 -0.853291 0.000090
vn 0.584862 -0.811132 -0.000091
vn 0.563320 -0.826239 0.000090
vn 0.624654 -0.780902 -0.000091
vn 0.603805 -0.797132 0.000090
vn 0.662885 -0.748722 -0.000091
vn 0.642788 -0.766044 0.000090
vn 0.699461 -0.714671 -0.000091
vn 0.680173 -0.733052 0.000090
vn 0.734289 -0.678837 -0.000091
vn 0.715867 -0.698237 0.000090
vn 0.767284 -0.641307 -0.000091
vn 0.749781 -0.661686 0.000090
vn 0.798364 -0.602176 -0.000090
vn 0.781831 -0.623490 0.000090
vn 0.827449 -0.561541 -0.000090
vn 0.811938 -0.583744 0.000090
vn 0.854469 -0.519503 -0.000090
vn 0.840026 -0.542547 0.000090
vn 0.879354 -0.476169 -0.000090
vn 0.866025 -0.500000 0.000090
vn 0.902043 -0.431646 -0.000090
vn 0.889872 -0.456211 0.000090
vn 0.922481 -0.386044 -0.000090
vn 0.911506 -0.411287 0.000090
vn 0.930874 -0.365341 0.000090
vn 0.940614 -0.339478 -0.000090
vn 0.947927 -0.318487 0.000090
vn 0.956399 -0.292065 -0.000090
vn 0.962624 -0.270841 0.000089
vn 0.969795 -0.243923 -0.000090
vn 0.974928 -0.222521 0.000089
vn 0.980769 -0.195171 -0.000090
vn 0.984808 -0.173648 0.000089
vn 0.989295 -0.145932 -0.000090
vn 0.997716 -0.067552 0.000584
vn 0.998297 -0.058333 0.000292
vn 0.998788 -0.049211 0.000097
vn 0.999192 -0.040185 0.000000
vn 0.992239 -0.124343 0.000089
vn 0.998267 -0.058848 0.000220
vn 0.995350 -0.096328 -0.000089
vn 0.997204 -0.074731 -0.000176
vn 0.999557 -0.029760 0.000072
vn 0.999355 0.035910 -0.000000
vn 0.999336 0.036436 -0.000026
vn 0.999303 0.037340 -0.000092
vn 0.999323 0.036782 0.000000
vn 0.999266 0.038298 -0.000185
vn 0.999268 0.038247 -0.000005
vn 0.999193 0.040170 -0.000016
vn 0.999226 0.039326 -0.000010
vn 0.999181 0.040467 -0.000013
vn 0.999127 0.041771 -0.000006
vn 0.999065 0.043236 -0.000001
vn 0.999004 0.044619 0.000000
vn 0.998936 0.046108 -0.000001
vn 0.998794 0.049099 -0.000015
vn 0.998862 0.047687 -0.000007
vn 0.998780 0.049374 -0.000013
vn 0.998688 0.051205 -0.000004
vn 0.998590 0.053081 0.000001
vn 0.998481 0.055095 -0.000001
vn 0.998315 0.058027 -0.000015
vn 0.998359 0.057263 -0.000009
vn 0.998229 0.059491 -0.000006
vn 0.998086 0.061840 0.000001
vn 0.997930 0.064317 -0.000001
vn 0.997756 0.066957 -0.000013
vn 0.997760 0.066900 -0.000013
vn 0.997576 0.069587 -0.000001
vn 0.997380 0.072341 0.000001
vn 0.997166 0.075231 -0.000009
vn 0.999982 -0.005955 0.000000
vn 0.999840 -0.017861 0.000055
vn 0.999689 -0.024930 0.000121
vn 0.999840 0.017861 0.000055
vn 0.999982 0.005955 -0.000000
vn 0.996939 0.078186 -0.000031
vn 0.996693 0.081255 -0.000067
vn 0.996432 0.084400 -0.000117
vn 0.996156 0.087592 -0.000183
vn 0.995863 0.090869 -0.000265
vn 0.995556 0.094168 -0.000363
vn 0.995237 0.097483 -0.000396
vn 0.995350 0.096328 -0.000437
vn 0.994900 0.100868 -0.000290
vn 0.994612 0.103670 -0.000216
vn 0.994367 0.105996 -0.000162
vn 0.999689 0.024930 0.000121
vn 0.999557 0.029760 0.000072
vn 0.989295 0.145932 -0.000376
vn 0.997204 0.074731 0.000098
vn 0.980769 0.195171 -0.000395
vn 0.992239 0.124343 0.000097
vn 0.969795 0.243923 -0.000410
vn 0.984808 0.173648 0.000097
vn 0.956399 0.292065 -0.000422
vn 0.974928 0.222521 0.000096
vn 0.940614 0.339478 -0.000430
vn 0.962624 0.270841 0.000096
vn 0.922480 0.386044 -0.000435
vn 0.947927 0.318487 0.000095
vn 0.902043 0.431646 -0.000437
vn 0.930874 0.365341 0.000095
vn 0.879354 0.476169 -0.000436
vn 0.911506 0.411287 0.000094
vn 0.854469 0.519503 -0.000431
vn 0.889872 0.456211 0.000094
vn 0.827449 0.561541 -0.000422
vn 0.866025 0.500000 0.000093
vn 0.798364 0.602176 -0.000411
vn 0.840026 0.542547 0.000093
vn 0.819377 0.573255 -0.000093
vn 0.767284 0.641307 -0.000396
vn 0.789715 0.613474 -0.000093
vn 0.811938 0.583744 0.000092
vn 0.734289 0.678837 -0.000378
vn 0.758081 0.652160 -0.000092
vn 0.781831 0.623490 0.000092
vn 0.724022 0.689777 0.000341
vn 0.694357 0.719630 0.000000
vn 0.699461 0.714671 -0.000356
vn 0.724554 0.689218 -0.000091
vn 0.749781 0.661686 0.000091
vn 0.715867 0.698237 0.000091
vn 0.662885 0.748722 -0.000091
vn 0.690832 0.723015 0.000204
vn 0.680173 0.733052 -0.000151
vn 0.624654 0.780902 -0.000091
vn 0.642788 0.766044 0.000090
vn 0.584862 0.811132 -0.000091
vn 0.603805 0.797132 0.000090
vn 0.543612 0.839337 -0.000091
vn 0.563320 0.826239 0.000090
vn 0.501003 0.865445 -0.000091
vn 0.521435 0.853291 0.000090
vn 0.457144 0.889393 -0.000091
vn 0.478254 0.878221 0.000090
vn 0.433884 0.900969 0.000091
vn 0.412142 0.911120 -0.000091
vn 0.388435 0.921476 0.000091
vn 0.366110 0.930571 -0.000091
vn 0.342020 0.939692 0.000091
vn 0.319167 0.947698 -0.000091
vn 0.294756 0.955573 0.000091
vn 0.271425 0.962460 -0.000091
vn 0.246757 0.969077 0.000091
vn 0.223005 0.974817 -0.000091
vn 0.198147 0.980172 0.000091
vn 0.174028 0.984741 -0.000091
vn 0.149042 0.988831 0.000091
vn 0.124618 0.992205 -0.000091
vn 0.099569 0.995031 0.000091
vn 0.074895 0.997191 -0.000091
vn 0.024985 0.999688 -0.000091
vn 0.049845 0.998757 0.000091
vn -0.024985 0.999688 -0.000091
vn 0.000000 1.000000 0.000091
vn -0.074895 0.997191 -0.000091
vn -0.049845 0.998757 0.000091
vn -0.124618 0.992205 -0.000091
vn -0.099569 0.995031 0.000091
vn -0.174028 0.984741 -0.000091
vn -0.149042 0.988831 0.000091
vn -0.223005 0.974817 -0.000091
vn -0.198147 0.980172 0.000091
vn -0.271425 0.962460 -0.000091
vn -0.246757 0.969077 0.000091
vn -0.319167 0.947698 -0.000091
vn -0.294756 0.955573 0.000091
vn -0.366110 0.930571 -0.000091
vn -0.342020 0.939692 0.000091
vn -0.412142 0.911120 -0.000091
vn -0.388435 0.921476 0.000091
vn -0.457144 0.889393 -0.000091
vn -0.433884 0.900969 0.000091
vn -0.501003 0.865445 -0.000091
vn -0.478254 0.878221 0.000090
vn -0.543612 0.839337 -0.000091
vn -0.521435 0.853291 0.000090
vn -0.584862 0.811132 -0.000091
vn -0.563320 0.826239 0.000090
vn -0.624654 0.780902 -0.000091
vn -0.603805 0.797132 0.000090
vn -0.662885 0.748722 -0.000091
vn -0.642788 0.766044 0.000090
vn -0.699461 0.714671 -0.000091
vn -0.680173 0.733052 0.000090
vn -0.715867 0.698237 0.000090
vn -0.734289 0.678837 -0.000091
vn -0.749781 0.661686 0.000090
vn -0.767284 0.641307 -0.000091
vn -0.781831 0.623490 0.000090
vn -0.798364 0.602176 -0.000090
vn -0.811938 0.583744 0.000090
vn -0.827449 0.561541 -0.000090
vn -0.840026 0.542547 0.000090
vn -0.854469 0.519503 -0.000090
vn -0.866025 0.500000 0.000090
vn -0.879354 0.476169 -0.000090
vn -0.889872 0.456211 0.000090
vn -0.902043 0.431646 -0.000090
vn -0.911506 0.411287 0.000090
vn -0.922481 0.386044 -0.000090
vn -0.930874 0.365341 0.000090
vn -0.940614 0.339478 -0.000090
vn -0.947927 0.318487 0.000090
vn -0.956399 0.292065 -0.000090
vn -0.962624 0.270841 0.000089
vn -0.969795 0.243923 -0.000090
vn -0.974928 0.222521 0.000089
vn -0.980769 0.195171 -0.000090
vn -0.984808 0.173648 0.000089
vn -0.989295 0.145932 -0.000090
vn -0.997716 0.067552 0.000584
vn -0.998297 0.058333 0.000292
vn -0.998788 0.049211 0.000097
vn -0.999192 0.040185 0.000000
vn -0.992239 0.124343 0.000089
vn -0.998267 0.058848 0.000220
vn -0.995350 0.096328 -0.000089
vn -0.997204 0.074731 -0.000176
vn -0.999557 0.029760 0.000072
vn -0.999982 0.005955 -0.000000
vn -0.999840 0.017861 0.000055
vn -0.999689 0.024930 0.000121
vn -0.846992 -0.531605 -0.000094
vn -0.872492 -0.488629 -0.000094
vn -0.895813 -0.444431 -0.000095
vn -0.916898 -0.399122 -0.000095
vn -0.935692 -0.352818 -0.000096
vn -0.952149 -0.305634 -0.000096
vn -0.966229 -0.257683 -0.000097
vn -0.977896 -0.209092 -0.000097
vn -0.987120 -0.159979 -0.000098
vn -0.993880 -0.110463 -0.000098
vn -0.998158 -0.060674 -0.000099
vn -0.756566 -0.653917 0.000361
vn -0.787337 -0.616522 0.000377
vn -0.816262 -0.577681 0.000390
vn -0.843272 -0.537487 0.000400
vn -0.868305 -0.496030 0.000407
vn -0.891301 -0.453412 0.000410
vn -0.912207 -0.409730 0.000410
vn -0.930974 -0.365086 0.000407
vn -0.947557 -0.319586 0.000400
vn -0.961918 -0.273339 0.000390
vn -0.974023 -0.226447 0.000376
vn -0.983844 -0.179027 0.000359
vn -0.991358 -0.131186 0.000339
vn 0.846992 0.531605 -0.000094
vn 0.872492 0.488629 -0.000094
vn 0.895813 0.444431 -0.000095
vn 0.916898 0.399122 -0.000095
vn 0.935692 0.352818 -0.000096
vn 0.952149 0.305634 -0.000096
vn 0.966229 0.257683 -0.000097
vn 0.977896 0.209092 -0.000097
vn 0.987120 0.159979 -0.000098
vn 0.993880 0.110463 -0.000098
vn 0.998158 0.060674 -0.000099
vn 0.756566 0.653917 0.000361
vn 0.787337 0.616522 0.000377
vn 0.816262 0.577681 0.000390
vn 0.843272 0.537487 0.000400
vn 0.868305 0.496030 0.000407
vn 0.891301 0.453412 0.000410
vn 0.912207 0.409730 0.000410
vn 0.930974 0.365086 0.000407
vn 0.947557 0.319586 0.000400
vn 0.961918 0.273339 0.000390
vn 0.974023 0.226447 0.000376
vn 0.983844 0.179027 0.000359
vn 0.991358 0.131186 0.000339
vn 0.000000 1.000000 0.000000
vn 0.000000 1.000000 0.000000
vn -0.000000 1.000000 0.000000
vn 0.000000 1.000000 0.000000
vn 0.000000 1.000000 -0.000000
vn 0.000000 0.999708 -0.024169
vn 0.000000 0.999708 -0.024163
vn 0.000001 0.997371 -0.072457
vn -0.000000 0.997373 -0.072438
vn 0.000001 0.992698 -0.120622
vn -0.000001 0.992702 -0.120594
vn 0.000001 0.985686 -0.168591
vn -0.000001 0.985693 -0.168551
vn 0.000001 0.976331 -0.216283
vn -0.000001 0.976342 -0.216233
vn 0.000001 0.964619 -0.263648
vn -0.000002 0.964635 -0.263590
vn -0.000002 0.950567 -0.310519
vn 0.000002 0.950539 -0.310604
vn -0.000002 0.934134 -0.356922
vn 0.000002 0.934109 -0.356988
vn 0.000002 0.915282 -0.402814
vn -0.000003 0.915324 -0.402719
vn -0.000003 0.895229 -0.445607
vn 0.000002 0.895184 -0.445698
vn 0.000002 0.875270 -0.483634
vn -0.000003 0.875336 -0.483515
vn 0.000003 0.854764 -0.519017
vn -0.000003 0.854834 -0.518902
vn 0.000003 0.832708 -0.553712
vn -0.000003 0.832781 -0.553602
vn 0.000002 0.809037 -0.587757
vn -0.000003 0.809112 -0.587655
vn 0.000004 0.783832 -0.620973
vn -0.000004 0.783942 -0.620835
vn 0.000004 0.757015 -0.653397
vn -0.000003 0.757125 -0.653270
vn 0.000004 0.728692 -0.684842
vn -0.000003 0.728800 -0.684727
vn 0.000003 0.698731 -0.715384
vn -0.000003 0.698834 -0.715284
vn 0.000001 0.667303 -0.744786
vn -0.000004 0.667400 -0.744700
vn 0.000004 0.634212 -0.773159
vn -0.000006 0.634402 -0.773003
vn 0.000004 0.599699 -0.800226
vn -0.000003 0.599826 -0.800130
vn 0.000005 0.563633 -0.826026
vn -0.000004 0.563805 -0.825908
vn 0.000005 0.526163 -0.850384
vn -0.000003 0.526322 -0.850286
vn 0.000004 0.487262 -0.873256
vn -0.000003 0.487407 -0.873175
vn 0.000003 0.447023 -0.894523
vn -0.000004 0.447149 -0.894460
vn 0.000007 0.405456 -0.914114
vn -0.000005 0.405706 -0.914004
vn 0.000004 0.362924 -0.931819
vn -0.000001 0.363020 -0.931781
vn 0.000001 0.319143 -0.947707
vn -0.000003 0.319229 -0.947678
vn 0.000002 0.274458 -0.961599
vn -0.000006 0.274611 -0.961555
vn 0.000003 0.228912 -0.973447
vn -0.000004 0.229064 -0.973411
vn 0.000005 0.182602 -0.983187
vn -0.000002 0.182760 -0.983158
vn 0.000001 0.135856 -0.990729
vn 0.000002 0.135843 -0.990730
vn -0.000002 0.088485 -0.996078
vn -0.000000 0.088454 -0.996080
vn -0.000002 0.048618 -0.998818
vn 0.000001 0.048530 -0.998822
vn 0.000000 0.016241 -0.999868
vn 0.000000 0.016252 -0.999868
vn 0.000000 0.707107 0.707107
vn -0.000001 0.707106 0.707108
vn 0.000004 0.707113 0.707101
vn 0.000000 0.707105 0.707109
vn 0.000000 0.707104 0.707110
vn -0.000000 0.000000 -1.000000
vn 0.000000 0.000000 -1.000000
vn -0.000000 0.000000 -1.000000
vn 0.000000 0.000000 -1.000000
vn -0.000000 0.000000 -1.000000
vn -0.000000 0.000000 -1.000000
vn 0.000000 0.000000 -1.000000
vn -0.000000 0.000000 -1.000000
vn 0.000000 0.000000 -1.000000
vn -0.000000 0.000000 -1.000000
vn 0.000000 0.000000 -1.000000
vn -0.000000 0.000000 -1.000000
vn 0.000000 0.000000 -1.000000
vn -0.000000 0.000000 -1.000000
vn 0.000000 0.000000 -1.000000
vn -0.000000 0.000000 -1.000000
vn 0.000000 0.000000 -1.000000
vn -0.000000 0.000000 -1.000000
vn 0.000000 0.000000 -1.000000
vn -0.000000 0.000000 -1.000000
vn 0.000000 0.000000 -1.000000
vn -0.000000 0.000000 -1.000000
vn 0.000000 0.000000 -1.000000
vn -0.000000 0.000000 -1.000000
vn 0.000000 0.000000 -1.000000
vn -0.000000 0.000000 -1.000000
vn 0.000000 0.000000 -1.000000
vn -0.000000 0.000000 -1.000000
vn 0.000000 0.000000 1.000000
vn 0.000000 0.000000 1.000000
vn 0.000000 0.000000 1.000000
vn 0.000000 0.000000 1.000000
vn 0.000000 0.000000 1.000000
vn 0.000000 0.000000 1.000000
vn 0.000000 0.000000 1.000000
vn 0.000000 0.000000 1.000000
vn 0.000000 0.000000 1.000000
vn 0.000000 0.000000 1.000000
vn 0.000000 0.000000 1.000000
vn 0.000000 0.000000 1.000000
vn 0.000000 0.000000 1.000000
vn 0.000000 0.000000 1.000000
vn 0.000000 0.000000 1.000000
vn 0.000000 0.000000 1.000000
vn 0.000000 0.000000 1.000000
vn 0.000000 0.000000 1.000000
vn 0.000000 0.000000 1.000000
vn 0.000000 0.000000 1.000000
vn 0.000000 0.000000 1.000000
vn 0.000000 0.000000 1.000000
vn 0.000000 0.000000 1.000000
vn 0.000000 0.000000 1.000000
vn 0.000000 0.000000 1.000000
vn 0.000000 0.000000 1.000000
vn 0.000000 0.000000 1.000000
vn 0.000000 0.000000 1.000000
vn 0.000000 0.000000 1.000000
vn 0.000000 0.000000 1.000000
vn 0.000000 0.000000 1.000000
vn 0.000000 0.000000 1.000000
vn 0.000000 0.000000 1.000000
vn 0.000000 0.000000 1.000000
vn 0.000000 0.000000 1.000000
vn 0.000000 0.000000 1.000000
vn 0.000000 0.000000 1.000000
vn 0.000000 0.000000 1.000000
vn 0.000000 0.000000 1.000000
vn 0.000000 0.000000 1.000000
vn 0.000000 0.000000 1.000000
vn 0.000000 0.000000 1.000000
vn 0.000000 0.000000 1.000000
vn 0.000000 0.000000 1.000000
vn 0.000000 0.000000 1.000000
vn 0.000000 0.000000 1.000000
vn 0.000000 0.000000 1.000000
vn 0.000000 0.000000 1.000000
vn 0.000000 0.000000 1.000000
vn 0.000000 0.000000 1.000000
vn 0.000000 0.000000 1.000000
vn 0.000000 0.000000 1.000000
vn 0.000000 0.000000 1.000000
vn 0.000000 0.000000 1.000000
vn 0.000000 0.000000 1.000000
vn 0.000000 0.000000 1.000000
vn 0.000000 0.000000 1.000000
vn 0.000000 0.000000 1.000000
vn 0.000000 0.000000 1.000000
vn 0.000000 0.000000 1.000000
vn 0.000000 0.000000 1.000000
vn 0.000000 0.000000 1.000000
vn 0.000000 0.000000 1.000000
vn 0.000000 0.000000 1.000000
vn 0.000000 0.000000 1.000000
vn 0.000000 0.000000 1.000000
vn 0.000000 0.000000 1.000000
vn 0.000000 0.000000 1.000000
vn 0.000000 0.000000 1.000000
vn 0.000000 0.000000 1.000000
vn 0.000000 0.000000 1.000000
vn 0.000000 0.000000 1.000000
vn 0.000000 0.000000 1.000000
vn 0.000000 0.000000 1.000000
vn 0.000000 0.000000 1.000000
vn 0.000000 0.000000 1.000000
vn 0.000000 0.000000 1.000000
vn 0.000000 0.000000 1.000000
vn 0.000000 0.000000 1.000000
vn 0.000000 0.000000 1.000000
vn 0.000000 0.000000 1.000000
vn 0.000000 0.000000 1.000000
vn 0.000000 0.000000 1.000000
vn 0.000000 0.000000 1.000000
vn 0.000000 0.000000 1.000000
vn 0.000000 0.000000 1.000000
vn 0.000000 0.000000 1.000000
vn 0.000000 0.000000 1.000000
vn 0.000000 0.000000 1.000000
vn 0.000000 0.000000 1.000000
vn 0.000000 0.000000 1.000000
vn 0.000000 0.000000 1.000000
vn 0.000000 0.000000 1.000000
vn 0.000000 0.000000 1.000000
vn 0.000000 0.000000 1.000000
vn 0.000000 0.000000 1.000000
vn 0.000000 0.000000 1.000000
vn 0.000000 0.000000 1.000000
vn 0.000000 0.000000 1.000000
vn 0.000000 0.000000 1.000000
vn 0.000000 0.000000 1.000000
vn 0.000000 0.000000 1.000000
vn 0.000000 0.000000 1.000000
vn 0.000000 0.000000 1.000000
vn 0.000000 0.000000 1.000000
vn 0.000000 0.000000 1.000000
vn 0.000000 0.000000 1.000000
vn 0.000000 0.000000 1.000000
vn 0.000000 0.000000 1.000000
vn 0.000000 0.000000 1.000000
vn 0.000000 0.000000 1.000000
vn 0.000000 0.000000 1.000000
vn 0.000000 0.000000 1.000000
vn 0.000000 0.000000 1.000000
vn 0.000000 0.000000 1.000000
vn 0.000000 0.000000 1.000000
vn 0.000000 0.000000 1.000000
vn 0.000000 0.000000 1.000000
vn 0.000000 0.000000 1.000000
vn 0.000000 0.000000 1.000000
vn 0.000000 0.000000 1.000000
vn 0.000000 0.000000 1.000000
vn 0.000000 0.000000 1.000000
vn 0.000000 0.000000 1.000000
vn 0.000000 0.000000 1.000000
vn 0.000000 0.000000 1.000000
vn 0.000000 0.000000 1.000000
vn 0.000000 0.000000 1.000000
vn 0.000000 0.000000 1.000000
vn 0.000000 0.000000 1.000000
vn 0.000000 0.000000 1.000000
vn 0.000000 0.000000 1.000000
vn 0.000000 0.000000 1.000000
vn 0.000000 0.000000 1.000000
vn 0.000000 0.000000 1.000000
vn 0.000000 0.000000 1.000000
vn 0.000000 0.000000 1.000000
vn 0.000000 0.000000 1.000000
vn 0.000000 0.000000 1.000000
vn 0.000000 0.000000 1.000000
vn 0.000000 0.000000 1.000000
vn 0.000000 0.000000 1.000000
vn 0.000000 0.000000 1.000000
vn 0.000000 0.000000 1.000000
vn 0.000000 0.000000 1.000000
vn 0.000000 0.000000 1.000000
vn 0.000000 0.000000 1.000000
vn 0.000000 0.000000 1.000000
vn 0.000000 0.000000 1.000000
vn 0.000000 0.000000 1.000000
vn 0.000000 0.000000 1.000000
vn 0.000000 0.000000 1.000000
vn 0.000000 0.000000 1.000000
vn 0.000000 0.000000 1.000000
vn 0.000000 0.000000 1.000000
vn 0.000000 0.000000 1.000000
vn 0.000000 0.000000 1.000000
vn 0.000000 0.000000 1.000000
vn 0.000000 0.000000 1.000000
vn 0.000000 0.000000 1.000000
vn 0.000000 0.000000 1.000000
vn 0.000000 0.000000 1.000000
vn 0.000000 0.000000 1.000000
vn 0.000000 0.000000 1.000000
vn 0.000000 0.000000 1.000000
vn 0.000000 0.000000 1.000000
vn 0.000000 0.000000 1.000000
vn 0.000000 0.000000 1.000000
vn 0.000000 0.000000 1.000000
vn 0.000000 0.000000 1.000000
vn 0.000000 0.000000 1.000000
vn 0.000000 0.000000 1.000000
vn 0.000000 0.000000 1.000000
vn 0.000000 0.000000 1.000000
vn 0.000000 0.000000 1.000000
vn 0.000000 0.000000 1.000000
vn 0.000000 0.000000 1.000000
vn 0.000000 0.000000 1.000000
vn 0.000000 0.000000 1.000000
vn 0.000000 0.000000 1.000000
vn 0.000000 0.000000 1.000000
vn 0.000000 0.000000 1.000000
vn 0.000000 0.000000 1.000000
vn 0.000000 0.000000 1.000000
vn 0.000000 0.000000 1.000000
vn 0.000000 0.000000 1.000000
vn 0.000000 0.000000 1.000000
vn 0.000000 0.000000 1.000000
vn 0.000000 0.000000 1.000000
vn 0.000000 0.000000 1.000000
vn 0.000000 0.000000 1.000000
vn 0.000000 0.000000 1.000000
vn 0.000000 0.000000 1.000000
vn 0.000000 0.000000 1.000000
vn 0.000000 0.000000 1.000000
vn 0.000000 0.000000 1.000000
vn 0.000000 0.000000 1.000000
vn 0.000000 0.000000 1.000000
vn 0.000000 0.000000 1.000000
vn 0.000000 0.000000 1.000000
vn 0.000000 0.000000 1.000000
vn 0.000000 0.000000 1.000000
vn 0.000000 0.000000 1.000000
vn 0.000000 0.000000 1.000000
vn 0.000000 0.000000 1.000000
vn 0.000000 0.000000 1.000000
vn 0.000000 0.000000 1.000000
vn 0.000000 0.000000 1.000000
vn 0.000000 0.000000 1.000000
vn 0.000000 0.000000 1.000000
vn 0.000000 0.000000 1.000000
vn 0.000000 0.000000 1.000000
vn 0.000000 0.000000 1.000000
vn 0.000000 0.000000 1.000000
vn 0.000000 0.000000 1.000000
vn 0.000000 0.000000 1.000000
vn 0.000000 0.000000 1.000000
vn 0.000000 0.000000 1.000000
vn 0.000000 0.000000 1.000000
vn 0.000000 0.000000 1.000000
vn 0.000000 0.000000 1.000000
vn 0.000000 0.000000 1.000000
vn 0.000000 0.000000 1.000000
vn 0.000000 0.000000 1.000000
vn 0.000000 0.000000 1.000000
vn 0.000000 0.000000 1.000000
vn 0.000000 0.000000 1.000000
vn 0.000000 0.000000 1.000000
vn 0.000000 0.000000 1.000000
vn 0.000000 0.000000 1.000000
vn 0.000000 0.000000 1.000000
vn 0.000000 0.000000 1.000000
vn 0.000000 0.000000 1.000000
vn 0.000000 0.000000 1.000000
vn 0.000000 0.000000 1.000000
vn 0.000000 0.000000 1.000000
vn 0.000000 0.000000 1.000000
vn 0.000000 0.000000 1.000000
vn 0.000000 0.000000 1.000000
vn 0.000000 0.000000 1.000000
vn 0.000000 0.000000 1.000000
vn 0.000000 0.000000 1.000000
vn 0.000000 0.000000 1.000000
vn 0.000000 0.000000 1.000000
vn 0.000000 0.000000 1.000000
vn 0.000000 0.000000 1.000000
vn 0.000000 0.000000 1.000000
vn 0.000000 0.000000 1.000000
vn 0.000000 0.000000 1.000000
vn 0.000000 0.000000 1.000000
vn 0.000000 0.000000 1.000000
vn 0.000000 0.000000 1.000000
vn -0.707107 0.707107 0.000000
vn -0.707107 0.707107 0.000000
vn 0.000001 0.707106 0.707108
vn -0.000004 0.707113 0.707101
vn -0.000000 0.707105 0.707109
vn 0.000000 0.707104 0.707110
vn 0.000000 0.707107 0.707107
vn 0.000000 -0.000000 1.000000
vn 0.000000 0.000000 1.000000
vn 0.000000 0.000000 1.000000
vn 0.000000 -0.000000 1.000000
vn 0.000000 0.000000 1.000000
vn 0.000000 -0.000000 1.000000
vn 0.000000 0.000000 1.000000
vn 0.000000 -0.000000 1.000000
vn 0.000000 0.000000 1.000000
vn 0.000000 -0.000000 1.000000
vn 0.000000 0.000000 1.000000
vn 0.000000 -0.000000 1.000000
vn 0.000000 0.000000 1.000000
vn 0.000000 -0.000000 1.000000
vn 0.000000 0.000000 1.000000
vn 0.000000 -0.000000 1.000000
vn 0.000000 0.000000 1.000000
vn 0.000000 -0.000000 1.000000
vn 0.000000 0.000000 1.000000
vn 0.000000 -0.000000 1.000000
vn 0.000000 0.000000 1.000000
vn 0.000000 -0.000000 1.000000
vn 0.000000 0.000000 1.000000
vn 0.000000 -0.000000 1.000000
vn 0.000000 0.000000 1.000000
vn 0.000000 -0.000000 1.000000
vn 0.000000 0.000000 1.000000
vn 0.000000 -0.000000 1.000000
vn 0.000000 0.000000 1.000000
vn 0.000000 -0.000000 1.000000
vn 0.000000 -0.000000 1.000000
vn -0.000000 1.000000 0.000000
vn 0.000000 1.000000 0.000000
vn 0.000000 -0.000000 1.000000
vn -0.000000 0.000000 1.000000
vn -0.000000 0.000000 1.000000
vn 0.000000 -0.000000 1.000000
vn 0.000000 0.000000 1.000000
vn 0.000000 -0.000000 1.000000
vn 0.000000 0.000000 1.000000
vn 0.000000 0.000000 1.000000
vn 0.000000 0.000000 1.000000
vn 0.000000 0.000000 1.000000
vn 0.000000 0.000000 1.000000
vn 0.000000 0.000000 1.000000
vn 0.000000 0.000000 1.000000
vn 0.000000 0.000000 1.000000
vn -0.000000 -1.000000 -0.000000
vn 0.000000 -1.000000 0.000000
vn 0.000000 0.000000 1.000000
vn 0.000000 0.000000 1.000000
vn 0.000000 0.000000 1.000000
vn 0.000000 0.000000 1.000000
vn 0.000000 0.000000 1.000000
vn 0.000000 0.000000 1.000000
vn 0.000000 0.000000 1.000000
vn 0.000000 0.000000 1.000000
vn 0.000000 0.000000 1.000000
vn 0.000000 0.000000 1.000000
vn 0.000000 0.000000 1.000000
vn 0.000000 0.000000 1.000000
vn 0.000000 0.000000 1.000000
vn 0.000000 0.000000 1.000000
vn 0.000000 0.000000 1.000000
vn 0.000000 0.000000 1.000000
vn 0.000000 0.000000 1.000000
vn 0.000000 0.000000 1.000000
vn 0.000000 0.000000 1.000000
vn 0.000000 0.000000 1.000000
vn 0.000000 0.000000 1.000000
vn 0.000000 0.000000 1.000000
vn 0.000000 0.000000 1.000000
vn 0.000000 0.000000 1.000000
vn 0.000000 0.000000 1.000000
vn 0.000000 0.000000 1.000000
vn 0.000000 0.000000 1.000000
vn 0.000000 0.000000 1.000000
vn 0.000000 0.000000 1.000000
vn 0.000000 0.000000 1.000000
vn 0.000000 0.000000 1.000000
vn 0.000000 0.000000 1.000000
vn 0.000000 0.000000 1.000000
vn 0.000000 0.000000 1.000000
vn 0.000000 0.000000 1.000000
vn 0.000000 0.000000 1.000000
vn 0.000000 0.000000 1.000000
vn 0.000000 0.000000 1.000000
vn 0.000000 0.000000 1.000000
vn 0.000000 0.000000 1.000000
vn 0.000000 0.000000 1.000000
vn 0.000000 0.000000 1.000000
vn 0.000000 0.000000 1.000000
vn 0.000000 0.000000 1.000000
vn 0.000000 0.000000 1.000000
vn 0.000000 0.000000 1.000000
vn 0.000000 0.000000 1.000000
vn 0.000000 0.000000 1.000000
vn 0.000000 0.000000 1.000000
vn 0.000000 0.000000 1.000000
vn 0.000000 0.000000 1.000000
vn 0.000000 0.000000 1.000000
vn 0.000000 0.000000 1.000000
vn 0.000000 0.000000 1.000000
vn 0.000000 0.000000 1.000000
vn 0.000000 0.000000 1.000000
vn 0.000000 0.000000 1.000000
vn 0.000000 0.000000 1.000000
vn 0.000000 0.000000 1.000000
vn 0.000000 0.000000 1.000000
vn 0.000000 0.000000 1.000000
vn 0.000000 0.000000 1.000000
vn 0.000000 0.000000 1.000000
vn 0.000000 0.000000 1.000000
vn 0.000000 0.000000 1.000000
vn 0.000000 0.000000 1.000000
vn 0.000000 0.000000 1.000000
vn 0.000000 0.000000 1.000000
vn 0.000000 0.000000 1.000000
vn 0.000000 0.000000 1.000000
vn 0.000000 0.000000 1.000000
vn 0.000000 0.000000 1.000000
vn 0.000000 0.000000 1.000000
vn 0.000000 0.000000 1.000000
vn 0.000000 0.000000 1.000000
vn 0.000000 0.000000 1.000000
vn 0.000000 0.000000 1.000000
vn 0.000000 0.000000 1.000000
vn 0.000000 0.000000 1.000000
vn 0.000000 0.000000 1.000000
vn 0.000000 0.000000 1.000000
vn 0.000000 0.000000 1.000000
vn 0.000000 0.000000 1.000000
vn 0.000000 0.000000 1.000000
vn 0.000000 0.000000 1.000000
vn 0.000000 0.000000 1.000000
vn 0.000000 0.000000 1.000000
vn 0.000000 0.000000 1.000000
vn 0.000000 0.000000 1.000000
vn 0.000000 0.000000 1.000000
vn 0.000000 0.000000 1.000000
vn 0.000000 0.000000 1.000000
vn 0.000000 0.000000 1.000000
vn 0.000000 0.000000 1.000000
vn 0.000000 0.000000 1.000000
vn 0.000000 0.000000 1.000000
vn 0.000000 0.000000 1.000000
vn 0.000000 0.000000 1.000000
vn 0.000000 0.000000 1.000000
vn 0.000000 0.000000 1.000000
vn 0.000000 0.000000 1.000000
vn 0.000000 0.000000 1.000000
vn 0.000000 0.000000 1.000000
vn 0.000000 0.000000 1.000000
vn 0.000000 0.000000 1.000000
vn 0.000000 0.000000 1.000000
vn 0.000000 0.000000 1.000000
vn 0.000000 0.000000 1.000000
vn 0.000000 0.000000 1.000000
vn 0.000000 0.000000 1.000000
vn 0.000000 0.000000 1.000000
vn 0.000000 0.000000 1.000000
vn 0.000000 0.000000 1.000000
vn 0.000000 0.000000 1.000000
vn 0.000000 0.000000 1.000000
vn 0.000000 0.000000 1.000000
vn 0.000000 0.000000 1.000000
vn 0.000000 0.000000 1.000000
vn 0.000000 0.000000 1.000000
vn 0.000000 0.000000 1.000000
vn 0.000000 0.000000 1.000000
vn 0.000000 0.000000 1.000000
vn 0.000000 0.000000 1.000000
vn 0.000000 0.000000 1.000000
vn 0.000000 0.000000 1.000000
vn 0.000000 0.000000 1.000000
vn 0.000000 0.000000 1.000000
vn 0.000000 0.000000 1.000000
vn 0.000000 0.000000 1.000000
vn 0.000000 0.000000 1.000000
vn 0.000000 0.000000 1.000000
vn 0.000000 0.000000 1.000000
vn 0.000000 0.000000 1.000000
vn 0.000000 0.000000 1.000000
vn 0.000000 0.000000 1.000000
vn 0.000000 0.000000 1.000000
vn 0.000000 0.000000 1.000000
vn 0.000000 0.000000 1.000000
vn 0.000000 0.000000 1.000000
vn 0.000000 0.000000 1.000000
vn 0.000000 0.000000 1.000000
vn 0.000000 0.000000 1.000000
vn 0.000000 0.000000 1.000000
vn 0.000000 0.000000 1.000000
vn 0.000000 0.000000 1.000000
vn 0.000000 0.000000 1.000000
vn 0.000000 0.000000 1.000000
vn 0.000000 0.000000 1.000000
vn 0.000000 0.000000 1.000000
vn 0.000000 0.000000 1.000000
vn 0.000000 0.000000 1.000000
vn 0.000000 0.000000 1.000000
vn 0.000000 0.000000 1.000000
vn 0.000000 0.000000 1.000000
vn 0.000000 0.000000 1.000000
vn 0.000000 0.000000 1.000000
vn 0.000000 0.000000 1.000000
vn 0.000000 0.000000 1.000000
vn 0.000000 0.000000 1.000000
vn 0.000000 0.000000 1.000000
vn 0.000000 0.000000 1.000000
vn 0.000000 0.000000 1.000000
vn 0.000000 0.000000 1.000000
vn 0.000000 0.000000 1.000000
vn 0.000000 0.000000 1.000000
vn 0.000000 0.000000 1.000000
vn 0.000000 0.000000 1.000000
vn 0.000000 0.000000 1.000000
vn 0.000000 0.000000 1.000000
vn 0.000000 0.000000 1.000000
vn 0.000000 0.000000 1.000000
vn 0.000000 0.000000 1.000000
vn 0.000000 0.000000 1.000000
vn 0.000000 0.000000 1.000000
vn 0.000000 0.000000 1.000000
vn 0.000000 0.000000 1.000000
vn 0.000000 0.000000 1.000000
vn 0.000000 0.000000 1.000000
vn 0.000000 0.000000 1.000000
vn 0.000000 0.000000 1.000000
vn 0.000000 0.000000 1.000000
vn 0.000000 0.000000 1.000000
vn 0.000000 0.000000 1.000000
vn 0.000000 0.000000 1.000000
vn 0.000000 0.000000 1.000000
vn 0.000000 0.000000 1.000000
vn 0.000000 0.000000 1.000000
vn 0.000000 0.000000 1.000000
vn 0.000000 0.000000 1.000000
vn 0.000000 0.000000 1.000000
vn 0.000000 0.000000 1.000000
vn 0.000000 0.000000 1.000000
vn 0.000000 0.000000 1.000000
vn 0.000000 0.000000 1.000000
vn 0.000000 0.000000 1.000000
vn 0.000000 0.000000 1.000000
vn 0.000000 0.000000 1.000000
vn 0.000000 0.000000 1.000000
vn 0.000000 0.000000 1.000000
vn 0.000000 0.000000 1.000000
vn 0.000000 0.000000 1.000000
vn 0.000000 0.000000 1.000000
vn 0.000000 0.000000 1.000000
vn 0.000000 0.000000 1.000000
vn 0.000000 0.000000 1.000000
vn 0.000000 0.000000 1.000000
vn 0.000000 0.000000 1.000000
vn 0.000000 0.000000 1.000000
vn 0.000000 0.000000 1.000000
vn 0.000000 0.000000 1.000000
vn 0.000000 0.000000 1.000000
vn 0.000000 0.000000 1.000000
vn 0.000000 0.000000 1.000000
vn 0.000000 0.000000 1.000000
vn 0.000000 0.000000 1.000000
vn 0.000000 0.000000 1.000000
vn 0.000000 0.000000 1.000000
vn 0.000000 0.000000 1.000000
vn 0.000000 0.000000 1.000000
vn 0.000000 0.000000 1.000000
vn 0.000000 0.000000 1.000000
vn 0.000000 0.000000 1.000000
vn 0.000000 0.000000 1.000000
vn 0.000000 0.000000 1.000000
vn 0.000000 0.000000 1.000000
vn 0.000000 0.000000 1.000000
vn 0.000000 0.000000 1.000000
vn 0.000000 0.000000 1.000000
vn 0.000000 0.000000 1.000000
vn 0.000000 0.000000 1.000000
vn 0.000000 0.000000 1.000000
vn 0.000000 0.000000 1.000000
vn 0.000000 0.000000 1.000000
vn 0.000000 0.000000 1.000000
vn 0.000000 0.000000 1.000000
vn 0.000000 0.000000 1.000000
vn 0.000000 0.000000 1.000000
vn 0.000000 0.000000 1.000000
vn 0.000000 0.000000 1.000000
vn 0.000000 0.000000 1.000000
vn 0.000000 0.000000 1.000000
vn 0.000000 0.000000 1.000000
vn 0.000000 0.000000 1.000000
vn 0.000000 0.000000 1.000000
vn 0.000000 0.000000 1.000000
vn 0.000000 0.000000 1.000000
vn 0.000000 0.000000 1.000000
vn 0.000000 0.000000 1.000000
vn 0.000000 0.000000 1.000000
vn 0.000000 0.000000 1.000000
vn 0.000000 0.000000 1.000000
vn 0.000000 0.000000 1.000000
vn 0.000000 0.000000 1.000000
vn 0.000000 0.000000 1.000000
vn 0.000000 0.000000 1.000000
vn 0.000000 0.000000 1.000000
vn 0.000000 0.000000 1.000000
vn 0.000000 0.000000 1.000000
vn 0.000000 0.000000 1.000000
vn 0.000000 0.000000 1.000000
vn 0.000000 0.000000 1.000000
vn 0.000000 0.000000 1.000000
vn 0.000000 0.000000 1.000000
vn 0.000000 0.000000 1.000000
vn 0.000000 0.000000 1.000000
vn 0.000000 0.000000 1.000000
vn 0.000000 0.000000 1.000000
vn 0.000000 0.000000 1.000000
vn 0.000000 0.000000 1.000000
vn 0.000000 0.000000 1.000000
vn 0.000000 0.000000 1.000000
vn 0.000000 0.000000 1.000000
vn 0.000000 0.000000 1.000000
vn 0.000000 0.000000 1.000000
vn 0.000000 0.000000 1.000000
vn 0.000000 0.000000 1.000000
vn 0.000000 0.000000 1.000000
vn 0.000000 0.000000 1.000000
vn 0.000000 0.000000 1.000000
vn 0.000000 0.000000 1.000000
vn 0.000000 0.000000 1.000000
vn 0.000000 0.000000 1.000000
vn 0.000000 0.000000 1.000000
vn 0.000000 0.000000 1.000000
vn 0.000000 0.000000 1.000000
vn 0.000000 0.000000 1.000000
vn 0.000000 0.000000 1.000000
vn 0.000000 0.000000 1.000000
vn 0.000000 0.000000 1.000000
vn 0.000000 0.000000 1.000000
vn 0.000000 0.000000 1.000000
vn 0.000000 0.000000 1.000000
vn 0.000000 0.000000 1.000000
vn 0.000000 0.000000 1.000000
vn 0.000000 0.000000 1.000000
vn 0.000000 0.000000 1.000000
vn 0.000000 0.000000 1.000000
vn 0.000000 0.000000 1.000000
vn 0.000000 0.000000 1.000000
vn 0.000000 0.000000 1.000000
vn 0.000000 0.000000 1.000000
vn 0.000000 0.000000 1.000000
vn 0.000000 0.000000 1.000000
vn 0.000000 0.000000 1.000000
vn 0.000000 0.000000 1.000000
vn 0.000000 0.000000 1.000000
vn 0.000000 0.000000 1.000000
vn 0.000000 0.000000 1.000000
vn 0.000000 0.000000 1.000000
vn 0.000000 0.000000 1.000000
vn 0.000000 0.000000 1.000000
vn 0.000000 0.000000 1.000000
vn 0.000000 0.000000 1.000000
vn 0.000000 0.000000 1.000000
vn 0.000000 0.000000 1.000000
vn 0.000000 0.000000 1.000000
vn 0.000000 0.000000 1.000000
vn 0.000000 0.000000 1.000000
vn 0.000000 0.000000 1.000000
vn 0.000000 0.000000 1.000000
vn 0.000000 0.000000 1.000000
vn 0.000000 0.000000 1.000000
vn 0.000000 0.000000 1.000000
vn 0.000000 0.000000 1.000000
vn 0.000000 0.000000 1.000000
vn 0.000000 0.000000 1.000000
vn 0.000000 0.000000 1.000000
vn 0.000000 0.000000 1.000000
vn 0.000000 0.000000 1.000000
vn 0.000000 0.000000 1.000000
vn 0.000000 0.000000 1.000000
vn 0.000000 0.000000 1.000000
vn 0.000000 0.000000 1.000000
vn 0.000000 0.000000 1.000000
vn 0.000000 0.000000 1.000000
vn 0.000000 0.000000 1.000000
vn 0.000000 0.000000 1.000000
vn 0.000000 0.000000 1.000000
vn 0.000000 0.000000 1.000000
vn 0.000000 0.000000 1.000000
vn 0.000000 0.000000 1.000000
vn 0.000000 0.000000 1.000000
vn 0.000000 0.000000 1.000000
vn 0.000000 0.000000 1.000000
vn 0.000000 0.000000 1.000000
vn 0.000000 0.000000 1.000000
vn 0.000000 0.000000 1.000000
vn 0.000000 0.000000 1.000000
vn 0.000000 0.000000 1.000000
vn 0.000000 0.000000 1.000000
vn 0.000000 0.000000 1.000000
vn 0.000000 0.000000 1.000000
vn 0.000000 0.000000 1.000000
vn 0.000000 0.000000 1.000000
vn 0.000000 0.000000 1.000000
vn 0.000000 0.000000 1.000000
vn 0.000000 0.000000 1.000000
vn 0.000000 0.000000 1.000000
vn 0.000000 0.000000 1.000000
vn 0.000000 0.000000 1.000000
vn 0.000000 0.000000 1.000000
vn 0.000000 0.000000 1.000000
vn 0.000000 0.000000 1.000000
vn 0.000000 0.000000 1.000000
vn 0.000000 0.000000 1.000000
vn 0.000000 0.000000 1.000000
vn 0.000000 0.000000 1.000000
vn 0.000000 0.000000 1.000000
vn 0.000000 0.000000 1.000000
vn 0.000000 0.000000 1.000000
vn 0.000000 0.000000 1.000000
vn 0.000000 0.000000 1.000000
vn 0.000000 0.000000 1.000000
vn 0.000000 0.000000 1.000000
vn 0.000000 0.000000 1.000000
vn 0.000000 0.000000 1.000000
vn 0.000000 0.000000 1.000000
vn 0.000000 0.000000 1.000000
vn 0.000000 0.000000 1.000000
vn 0.000000 0.000000 1.000000
vn -0.000001 -0.707106 0.707108
vn 0.000004 -0.707113 0.707101
vn 0.000000 -0.707105 0.707109
vn 0.000000 -0.707104 0.707110
vn 0.000000 -0.707107 0.707107
vn 0.000000 0.000000 1.000000
vn 0.000000 0.000000 1.000000
vn 0.000000 0.000000 1.000000
vn 0.000000 0.000000 1.000000
vn 0.000000 0.000000 1.000000
vn 0.000000 0.000000 1.000000
vn 0.000000 -0.707107 0.707107
vn 0.000001 -0.707106 0.707108
vn -0.000004 -0.707113 0.707101
vn -0.000000 -0.707105 0.707109
vn 0.000000 -0.707104 0.707110
vn 0.000000 0.000000 1.000000
vn 0.000000 0.000000 1.000000
vn 0.000000 0.000000 1.000000
vn 0.000000 0.000000 1.000000
vn 0.000000 0.000000 1.000000
vn 0.000000 0.000000 1.000000
vn 0.000000 0.000000 1.000000
vn 0.000000 0.000000 1.000000
vn 0.000000 0.000000 1.000000
vn 0.000000 0.000000 1.000000
vn 0.000000 0.000000 1.000000
vn 0.000000 0.000000 1.000000
vn 0.000000 0.000000 1.000000
vn 0.000000 0.000000 1.000000
vn 0.000000 0.000000 1.000000
vn 0.000000 0.000000 1.000000
vn 0.000000 0.000000 1.000000
vn 0.000000 0.000000 1.000000
vn 0.000000 0.000000 1.000000
vn 0.000000 0.000000 1.000000
vn 0.000000 0.000000 1.000000
vn 0.000000 0.000000 1.000000
vn 0.000000 0.000000 1.000000
vn 0.000000 0.000000 1.000000
vn 0.000000 0.000000 1.000000
vn 0.000000 0.000000 1.000000
vn 0.000000 0.000000 1.000000
vn 0.000000 0.000000 1.000000
vn 0.000000 0.000000 1.000000
vn 0.000000 0.000000 1.000000
vn 0.000000 0.000000 1.000000
vn 0.000000 -1.000000 0.000000
vn 0.000000 -1.000000 0.000000
vn -0.000000 -1.000000 0.000000
vn 0.000000 -1.000000 0.000000
vn 0.000000 -1.000000 0.000000
vn 0.707107 -0.707107 0.000000
vn 0.707107 -0.707107 0.000000
vn -0.000001 -0.023881 -0.999715
vn 0.000000 -0.023896 -0.999714
vn -0.000000 -0.071552 -0.997437
vn -0.000002 -0.071514 -0.997440
vn 0.000005 -0.119060 -0.992887
vn -0.000003 -0.118884 -0.992908
vn 0.000002 -0.165993 -0.986127
vn 0.000001 -0.165987 -0.986128
vn 0.000004 -0.212614 -0.977136
vn -0.000003 -0.212459 -0.977170
vn 0.000006 -0.258377 -0.966044
vn -0.000002 -0.258224 -0.966085
vn 0.000003 -0.303339 -0.952883
vn -0.000001 -0.303257 -0.952909
vn 0.000004 -0.347453 -0.937697
vn -0.000004 -0.347289 -0.937758
vn 0.000005 -0.390511 -0.920598
vn -0.000003 -0.390336 -0.920673
vn 0.000004 -0.432368 -0.901697
vn -0.000003 -0.432247 -0.901755
vn 0.000006 -0.473080 -0.881020
vn -0.000004 -0.472878 -0.881128
vn 0.000006 -0.512484 -0.858697
vn -0.000002 -0.512332 -0.858788
vn 0.000006 -0.550486 -0.834844
vn -0.000003 -0.550318 -0.834955
vn 0.000005 -0.587052 -0.809549
vn -0.000002 -0.586929 -0.809638
vn 0.000005 -0.622247 -0.782821
vn -0.000003 -0.622111 -0.782929
vn 0.000002 -0.655808 -0.754928
vn -0.000003 -0.655713 -0.755010
vn 0.000004 -0.687898 -0.725807
vn -0.000005 -0.687749 -0.725949
vn 0.000003 -0.718387 -0.695643
vn -0.000004 -0.718280 -0.695754
vn 0.000003 -0.747303 -0.664483
vn -0.000004 -0.747194 -0.664606
vn 0.000004 -0.774658 -0.632381
vn -0.000003 -0.774549 -0.632514
vn 0.000003 -0.800391 -0.599478
vn -0.000002 -0.800317 -0.599577
vn 0.000004 -0.824617 -0.565691
vn -0.000003 -0.824515 -0.565841
vn 0.000002 -0.847193 -0.531286
vn -0.000001 -0.847148 -0.531357
vn 0.000003 -0.868267 -0.496097
vn -0.000003 -0.868200 -0.496214
vn 0.000002 -0.887706 -0.460411
vn -0.000002 -0.887665 -0.460490
vn 0.000002 -0.905610 -0.424110
vn -0.000003 -0.905555 -0.424228
vn 0.000002 -0.921934 -0.387346
vn -0.000002 -0.921901 -0.387426
vn 0.000002 -0.936704 -0.350121
vn -0.000002 -0.936675 -0.350200
vn 0.000001 -0.949906 -0.312535
vn -0.000002 -0.949882 -0.312608
vn 0.000001 -0.961569 -0.274563
vn -0.000001 -0.961549 -0.274632
vn -0.000001 -0.971658 -0.236389
vn 0.000001 -0.971668 -0.236349
vn -0.000001 -0.980221 -0.197904
vn 0.000001 -0.980236 -0.197833
vn -0.000000 -0.987248 -0.159193
vn 0.000001 -0.987252 -0.159163
vn -0.000001 -0.992735 -0.120324
vn 0.000000 -0.992737 -0.120302
vn -0.000001 -0.996687 -0.081331
vn 0.000000 -0.996689 -0.081308
vn -0.000000 -0.998924 -0.046366
vn 0.000000 -0.998925 -0.046356
vn -0.000000 -0.999880 -0.015457
vn 0.000000 -0.999881 -0.015453
vn 0.000000 0.000000 -1.000000
vn 0.000000 0.000000 -1.000000
vn 0.000000 0.000000 -1.000000
vn 0.000000 0.000000 -1.000000
vn 0.000000 0.000000 -1.000000
vn 0.000000 0.000000 -1.000000
vn 0.000000 0.000000 -1.000000
vn 0.000000 0.000000 -1.000000
vn 0.000000 0.000000 -1.000000
vn 0.000000 0.000000 -1.000000
vn 0.000000 0.000000 -1.000000
vn 0.000000 0.000000 -1.000000
vn 0.000000 0.000000 -1.000000
vn 0.000000 0.000000 -1.000000
vn 0.000000 0.000000 -1.000000
vn 0.000000 0.000000 -1.000000
vn 0.000000 0.000000 -1.000000
vn 0.000000 0.000000 -1.000000
vn 0.000000 0.000000 -1.000000
vn 0.000000 0.000000 -1.000000
vn 0.000000 0.000000 -1.000000
vn 0.000000 0.000000 -1.000000
vn 0.000000 0.000000 -1.000000
vn 0.000000 0.000000 -1.000000
vn 0.000000 0.000000 -1.000000
vn 0.000000 0.000000 -1.000000
vn 0.000000 0.000000 -1.000000
vn 0.000000 0.000000 -1.000000
vn 0.999467 0.032652 -0.000000
vn 0.999431 0.033730 0.000001
vn 0.999429 0.033782 0.000002
vn 0.999414 0.034221 0.000007
vn 0.999392 0.034853 0.000022
vn 0.999368 0.035557 0.000049
vn 0.999340 0.036340 0.000095
vn 0.999305 0.037289 0.000177
vn 0.999267 0.038293 0.000298
vn 0.999224 0.039395 0.000481
vn 0.999184 0.040389 0.000695
vn 0.999141 0.041434 0.000978
vn 0.999096 0.042490 0.001333
vn 0.999047 0.043599 0.001796
vn 0.998996 0.044742 0.002385
vn 0.998941 0.045906 0.003121
vn 0.998881 0.047116 0.004062
vn 0.998817 0.048338 0.005230
vn 0.998749 0.049564 0.006672
vn 0.998674 0.050786 0.008446
vn 0.998588 0.052037 0.010695
vn 0.998490 0.053264 0.013450
vn 0.998371 0.054491 0.016918
vn 0.998761 0.049771 -0.000000
vn 0.997846 0.065492 0.003635
vn 0.998384 0.056810 0.001443
vn 0.997546 0.070019 0.000368
vn 0.997341 0.072870 0.000190
vn 0.997125 0.075768 0.000066
vn 0.996896 0.078729 0.000001
vn 0.996656 0.081707 -0.000001
vn 0.996406 0.084707 0.000065
vn 0.996140 0.087779 0.000203
vn 0.995860 0.090895 0.000416
vn 0.995569 0.094034 0.000706
vn 0.995310 0.096728 0.001020
vn 0.995097 0.098894 0.001308
vn 0.992240 0.124317 -0.002218
vn 0.994611 0.103658 0.002020
vn 0.984969 0.172714 -0.002244
vn 0.988642 0.150277 0.002060
vn 0.975340 0.220697 -0.002240
vn 0.980489 0.196565 0.002071
vn 0.963374 0.268152 -0.002209
vn 0.970170 0.242416 0.002054
vn 0.949101 0.314964 -0.002150
vn 0.957708 0.287733 0.002009
vn 0.932554 0.361024 -0.002062
vn 0.943132 0.332414 0.001935
vn 0.913775 0.406216 -0.001946
vn 0.926471 0.376361 0.001833
vn 0.892806 0.450437 -0.001802
vn 0.907764 0.419478 0.001703
vn 0.869700 0.493578 -0.001629
vn 0.887052 0.461667 0.001544
vn 0.844509 0.535539 -0.001428
vn 0.864380 0.502836 0.001358
vn 0.817297 0.576215 -0.001199
vn 0.839799 0.542896 0.001142
vn 0.788127 0.615512 -0.000942
vn 0.813363 0.581756 0.000899
vn 0.757070 0.653334 -0.000656
vn 0.785131 0.619330 0.000628
vn 0.724198 0.689592 -0.000342
vn 0.755164 0.655536 0.000328
vn 0.723528 0.690295 -0.000000
vn 1.000000 0.000000 0.000000
vn 1.000000 0.000000 -0.000000
vn 1.000000 0.000000 0.000000
vn 1.000000 0.000000 -0.000000
vn 1.000000 0.000000 0.000000
vn 0.000000 0.000000 1.000000
vn 0.000000 0.000000 1.000000
vn 0.000000 0.000000 1.000000
vn 0.707107 -0.000000 0.707107
vn 0.707107 0.000000 0.707107
vn -0.707107 0.000000 0.707107
vn -0.707107 0.000000 0.707107
vn 0.999689 0.024930 -0.000000
vn 0.999689 0.024930 0.000000
vn 0.997204 0.074731 0.000000
vn 0.992239 0.124344 0.000000
vn 0.997204 0.074731 -0.000000
vn 0.992239 0.124344 0.000000
vn 0.984808 0.173647 0.000000
vn 0.974928 0.222521 0.000000
vn 0.984808 0.173647 -0.000000
vn 0.962624 0.270841 0.000000
vn 0.974928 0.222521 0.000000
vn 0.962624 0.270841 0.000000
vn 0.947927 0.318486 0.000000
vn 0.947927 0.318486 -0.000000
vn 0.930874 0.365341 0.000000
vn 0.911506 0.411287 0.000000
vn 0.930874 0.365341 -0.000000
vn 0.911506 0.411287 0.000000
vn 0.889872 0.456210 0.000000
vn 0.889872 0.456210 -0.000000
vn 0.866025 0.500000 -0.000000
vn 0.866025 0.500000 0.000000
vn 0.840026 0.542546 -0.000000
vn 0.840026 0.542546 0.000000
vn 0.811938 0.583743 -0.000000
vn 0.811938 0.583743 0.000000
vn 0.781832 0.623489 -0.000000
vn 0.781832 0.623489 0.000000
vn 0.749781 0.661686 0.000000
vn 0.749781 0.661686 -0.000000
vn 0.715867 0.698237 0.000000
vn 0.715867 0.698237 -0.000000
vn 0.680172 0.733052 0.000000
vn 0.680172 0.733052 -0.000000
vn 0.642788 0.766044 0.000000
vn 0.642788 0.766044 -0.000000
vn 0.603804 0.797133 0.000000
vn 0.603804 0.797133 -0.000000
vn 0.563320 0.826239 0.000000
vn 0.521435 0.853291 0.000000
vn 0.563320 0.826239 -0.000000
vn 0.521435 0.853291 0.000000
vn 0.478255 0.878221 0.000000
vn 0.433884 0.900969 0.000000
vn 0.478255 0.878221 -0.000000
vn 0.433884 0.900969 0.000000
vn 0.388434 0.921476 0.000000
vn 0.342020 0.939693 0.000000
vn 0.388434 0.921476 -0.000000
vn 0.342020 0.939693 0.000000
vn 0.294755 0.955573 0.000000
vn 0.294755 0.955573 -0.000000
vn 0.246757 0.969077 0.000000
vn 0.198146 0.980172 0.000000
vn 0.246757 0.969077 -0.000000
vn 0.149042 0.988831 0.000000
vn 0.198146 0.980172 0.000000
vn 0.149042 0.988831 0.000000
vn 0.099569 0.995031 0.000000
vn 0.049845 0.998757 0.000000
vn 0.099569 0.995031 -0.000000
vn 0.049845 0.998757 0.000000
vn 0.000000 1.000000 0.000000
vn -0.049845 0.998757 0.000000
vn 0.000000 1.000000 -0.000000
vn -0.049845 0.998757 0.000000
vn -0.099569 0.995031 0.000000
vn -0.149042 0.988831 0.000000
vn -0.099569 0.995031 0.000000
vn -0.149042 0.988831 0.000000
vn -0.198146 0.980172 0.000000
vn -0.198146 0.980172 0.000000
vn -0.246757 0.969077 0.000000
vn -0.246757 0.969077 0.000000
vn -0.294755 0.955573 0.000000
vn -0.294755 0.955573 0.000000
vn -0.342020 0.939693 0.000000
vn -0.342020 0.939693 0.000000
vn -0.388434 0.921476 0.000000
vn -0.388434 0.921476 0.000000
vn -0.433884 0.900969 0.000000
vn -0.433884 0.900969 0.000000
vn -0.478255 0.878221 0.000000
vn -0.478255 0.878221 0.000000
vn -0.521435 0.853291 0.000000
vn -0.521435 0.853291 0.000000
vn -0.563320 0.826239 0.000000
vn -0.563320 0.826239 0.000000
vn -0.603804 0.797133 0.000000
vn -0.603804 0.797133 0.000000
vn -0.642788 0.766044 0.000000
vn -0.642788 0.766044 0.000000
vn -0.680172 0.733052 0.000000
vn -0.680172 0.733052 0.000000
vn -0.715867 0.698237 0.000000
vn -0.715867 0.698237 0.000000
vn -0.749781 0.661686 0.000000
vn -0.749781 0.661686 0.000000
vn -0.781832 0.623489 0.000000
vn -0.781832 0.623489 0.000000
vn -0.811938 0.583743 0.000000
vn -0.811938 0.583743 0.000000
vn -0.840026 0.542546 0.000000
vn -0.840026 0.542546 0.000000
vn -0.866025 0.500000 0.000000
vn -0.866025 0.500000 0.000000
vn -0.889872 0.456210 0.000000
vn -0.889872 0.456210 0.000000
vn -0.911506 0.411287 0.000000
vn -0.911506 0.411287 0.000000
vn -0.930874 0.365341 0.000000
vn -0.930874 0.365341 0.000000
vn -0.947927 0.318486 0.000000
vn -0.947927 0.318486 0.000000
vn -0.962624 0.270841 0.000000
vn -0.962624 0.270841 0.000000
vn -0.974928 0.222521 0.000000
vn -0.974928 0.222521 0.000000
vn -0.984808 0.173647 0.000000
vn -0.984808 0.173647 0.000000
vn -0.992239 0.124344 0.000000
vn -0.992239 0.124344 0.000000
vn -0.997204 0.074731 0.000000
vn -0.997204 0.074731 0.000000
vn -0.999689 0.024930 0.000000
vn -0.999689 0.024930 0.000000
vn -0.999689 -0.024930 0.000000
vn -0.999689 -0.024930 0.000000
vn -0.997204 -0.074731 0.000000
vn -0.997204 -0.074731 0.000000
vn -0.992239 -0.124344 0.000000
vn -0.992239 -0.124344 0.000000
vn -0.984808 -0.173647 0.000000
vn -0.984808 -0.173647 0.000000
vn -0.974928 -0.222521 0.000000
vn -0.974928 -0.222521 0.000000
vn -0.962624 -0.270841 0.000000
vn -0.962624 -0.270841 0.000000
vn -0.947927 -0.318486 0.000000
vn -0.947927 -0.318486 0.000000
vn -0.930874 -0.365341 0.000000
vn -0.930874 -0.365341 0.000000
vn -0.911506 -0.411287 0.000000
vn -0.911506 -0.411287 0.000000
vn -0.889872 -0.456210 0.000000
vn -0.889872 -0.456210 0.000000
vn -0.866025 -0.500000 0.000000
vn -0.866025 -0.500000 0.000000
vn -0.840026 -0.542546 0.000000
vn -0.840026 -0.542546 0.000000
vn -0.811938 -0.583743 0.000000
vn -0.811938 -0.583743 0.000000
vn -0.781832 -0.623489 0.000000
vn -0.781832 -0.623489 0.000000
vn -0.749781 -0.661686 0.000000
vn -0.749781 -0.661686 0.000000
vn -0.715867 -0.698237 0.000000
vn -0.715867 -0.698237 0.000000
vn -0.680172 -0.733052 0.000000
vn -0.680172 -0.733052 0.000000
vn -0.642788 -0.766044 0.000000
vn -0.642788 -0.766044 0.000000
vn -0.603804 -0.797133 0.000000
vn -0.603804 -0.797133 0.000000
vn -0.563320 -0.826239 0.000000
vn -0.563320 -0.826239 0.000000
vn -0.521435 -0.853291 0.000000
vn -0.521435 -0.853291 0.000000
vn -0.478255 -0.878221 0.000000
vn -0.478255 -0.878221 0.000000
vn -0.433884 -0.900969 0.000000
vn -0.433884 -0.900969 0.000000
vn -0.388434 -0.921476 0.000000
vn -0.388434 -0.921476 0.000000
vn -0.342020 -0.939693 0.000000
vn -0.342020 -0.939693 0.000000
vn -0.294755 -0.955573 0.000000
vn -0.294755 -0.955573 0.000000
vn -0.246757 -0.969077 0.000000
vn -0.246757 -0.969077 0.000000
vn -0.198146 -0.980172 0.000000
vn -0.198146 -0.980172 0.000000
vn -0.149042 -0.988831 0.000000
vn -0.149042 -0.988831 0.000000
vn -0.099569 -0.995031 0.000000
vn -0.099569 -0.995031 0.000000
vn -0.049845 -0.998757 -0.000000
vn -0.049845 -0.998757 0.000000
vn 0.000000 -1.000000 0.000000
vn 0.000000 -1.000000 0.000000
vn 0.049845 -0.998757 0.000000
vn 0.049845 -0.998757 0.000000
vn 0.099569 -0.995031 0.000000
vn 0.099569 -0.995031 0.000000
vn 0.149042 -0.988831 0.000000
vn 0.149042 -0.988831 0.000000
vn 0.246757 -0.969077 0.000000
vn 0.198146 -0.980172 0.000000
vn 0.198146 -0.980172 0.000000
vn 0.246757 -0.969077 0.000000
vn 0.294755 -0.955573 0.000000
vn 0.294755 -0.955573 0.000000
vn 0.342020 -0.939693 0.000000
vn 0.342020 -0.939693 0.000000
vn 0.388434 -0.921476 0.000000
vn 0.433884 -0.900969 0.000000
vn 0.388434 -0.921476 0.000000
vn 0.433884 -0.900969 0.000000
vn 0.478255 -0.878221 0.000000
vn 0.478255 -0.878221 0.000000
vn 0.521435 -0.853291 0.000000
vn 0.521435 -0.853291 0.000000
vn 0.563320 -0.826239 0.000000
vn 0.603804 -0.797133 0.000000
vn 0.563320 -0.826239 0.000000
vn 0.603804 -0.797133 0.000000
vn 0.642788 -0.766044 0.000000
vn 0.680172 -0.733052 0.000000
vn 0.642788 -0.766044 0.000000
vn 0.680172 -0.733052 0.000000
vn 0.715867 -0.698237 0.000000
vn 0.715867 -0.698237 0.000000
vn 0.749781 -0.661686 0.000000
vn 0.749781 -0.661686 0.000000
vn 0.781832 -0.623489 0.000000
vn 0.781832 -0.623489 0.000000
vn 0.811938 -0.583743 0.000000
vn 0.811938 -0.583743 0.000000
vn 0.840026 -0.542546 0.000000
vn 0.840026 -0.542546 0.000000
vn 0.866025 -0.500000 0.000000
vn 0.866025 -0.500000 0.000000
vn 0.889872 -0.456210 0.000000
vn 0.889872 -0.456210 0.000000
vn 0.911506 -0.411287 0.000000
vn 0.911506 -0.411287 0.000000
vn 0.930874 -0.365341 0.000000
vn 0.930874 -0.365341 0.000000
vn 0.947927 -0.318486 0.000000
vn 0.947927 -0.318486 0.000000
vn 0.962624 -0.270841 0.000000
vn 0.962624 -0.270841 0.000000
vn 0.974928 -0.222521 0.000000
vn 0.974928 -0.222521 0.000000
vn 0.984808 -0.173647 0.000000
vn 0.984808 -0.173647 0.000000
vn 0.992239 -0.124344 0.000000
vn 0.992239 -0.124344 0.000000
vn 0.997204 -0.074731 0.000000
vn 0.997204 -0.074731 0.000000
vn 0.999689 -0.024930 0.000000
vn 0.999689 -0.024930 0.000000
vn -1.000000 0.000000 0.000000
vn -1.000000 0.000000 0.000000
vn -1.000000 0.000000 0.000000
vn -1.000000 0.000000 0.000000
vn -1.000000 0.000000 -0.000000
vn -0.999689 -0.024930 0.000000
vn -0.999689 -0.024930 0.000000
vn -0.997204 -0.074730 0.000000
vn -0.997204 -0.074730 0.000000
vn -0.992239 -0.124344 0.000000
vn -0.992239 -0.124344 0.000000
vn -0.984808 -0.173649 0.000000
vn -0.984808 -0.173649 0.000000
vn -0.974928 -0.222521 0.000000
vn -0.974928 -0.222521 0.000000
vn -0.962624 -0.270841 0.000000
vn -0.947927 -0.318487 0.000000
vn -0.962624 -0.270841 0.000000
vn -0.947927 -0.318487 0.000000
vn -0.930874 -0.365340 0.000000
vn -0.930874 -0.365340 0.000000
vn -0.911506 -0.411288 0.000000
vn -0.911506 -0.411288 0.000000
vn -0.889872 -0.456210 0.000000
vn -0.866025 -0.500000 0.000000
vn -0.889872 -0.456210 0.000000
vn -0.866025 -0.500000 0.000000
vn -0.840026 -0.542546 0.000000
vn -0.840026 -0.542546 0.000000
vn -0.811938 -0.583744 0.000000
vn -0.811938 -0.583744 0.000000
vn -0.781832 -0.623489 0.000000
vn -0.781832 -0.623489 0.000000
vn -0.749781 -0.661686 0.000000
vn -0.749781 -0.661686 0.000000
vn -0.715867 -0.698237 0.000000
vn -0.715867 -0.698237 0.000000
vn -0.680173 -0.733051 0.000000
vn -0.642787 -0.766045 0.000000
vn -0.680173 -0.733051 0.000000
vn -0.642787 -0.766045 0.000000
vn -0.603804 -0.797133 0.000000
vn -0.603804 -0.797133 0.000000
vn -0.563321 -0.826238 0.000000
vn -0.521435 -0.853291 0.000000
vn -0.563321 -0.826238 0.000000
vn -0.478254 -0.878222 0.000000
vn -0.521435 -0.853291 0.000000
vn -0.478254 -0.878222 0.000000
vn -0.433885 -0.900968 0.000000
vn -0.433885 -0.900968 0.000000
vn -0.388434 -0.921476 0.000000
vn -0.388434 -0.921476 0.000000
vn -0.342020 -0.939693 0.000000
vn -0.342020 -0.939693 0.000000
vn -0.294754 -0.955573 0.000000
vn -0.294754 -0.955573 0.000000
vn -0.246758 -0.969077 0.000000
vn -0.246758 -0.969077 0.000000
vn -0.198145 -0.980173 0.000000
vn -0.198145 -0.980173 0.000000
vn -0.149042 -0.988831 0.000000
vn -0.149042 -0.988831 0.000000
vn -0.099568 -0.995031 0.000000
vn -0.099568 -0.995031 0.000000
vn -0.049846 -0.998757 0.000000
vn -0.049846 -0.998757 0.000000
vn 0.000000 -1.000000 0.000000
vn 0.049846 -0.998757 0.000000
vn 0.000000 -1.000000 0.000000
vn 0.049846 -0.998757 0.000000
vn 0.099568 -0.995031 0.000000
vn 0.099568 -0.995031 0.000000
vn 0.149042 -0.988831 0.000000
vn 0.149042 -0.988831 0.000000
vn 0.198145 -0.980173 0.000000
vn 0.198145 -0.980173 0.000000
vn 0.246758 -0.969077 0.000000
vn 0.246758 -0.969077 0.000000
vn 0.294754 -0.955573 0.000000
vn 0.294754 -0.955573 0.000000
vn 0.342020 -0.939693 0.000000
vn 0.342020 -0.939693 0.000000
vn 0.388434 -0.921476 0.000000
vn 0.388434 -0.921476 0.000000
vn 0.433885 -0.900968 0.000000
vn 0.433885 -0.900968 0.000000
vn 0.478254 -0.878222 0.000000
vn 0.478254 -0.878222 0.000000
vn 0.521435 -0.853291 0.000000
vn 0.521435 -0.853291 0.000000
vn 0.563321 -0.826238 0.000000
vn 0.563321 -0.826238 0.000000
vn 0.603804 -0.797133 0.000000
vn 0.603804 -0.797133 0.000000
vn 0.642787 -0.766045 0.000000
vn 0.642787 -0.766045 0.000000
vn 0.680173 -0.733051 0.000000
vn 0.680173 -0.733051 0.000000
vn 0.715867 -0.698237 0.000000
vn 0.715867 -0.698237 0.000000
vn 0.749781 -0.661686 0.000000
vn 0.749781 -0.661686 0.000000
vn 0.781832 -0.623489 0.000000
vn 0.781832 -0.623489 0.000000
vn 0.811938 -0.583744 0.000000
vn 0.811938 -0.583744 0.000000
vn 0.840026 -0.542546 0.000000
vn 0.866025 -0.500000 0.000000
vn 0.840026 -0.542546 0.000000
vn 0.866025 -0.500000 0.000000
vn 0.889872 -0.456210 0.000000
vn 0.889872 -0.456210 0.000000
vn 0.911506 -0.411288 0.000000
vn 0.911506 -0.411288 0.000000
vn 0.930874 -0.365340 0.000000
vn 0.930874 -0.365340 0.000000
vn 0.947927 -0.318487 0.000000
vn 0.947927 -0.318487 0.000000
vn 0.962624 -0.270841 0.000000
vn 0.962624 -0.270841 0.000000
vn 0.974928 -0.222521 0.000000
vn 0.974928 -0.222521 0.000000
vn 0.984808 -0.173649 0.000000
vn 0.984808 -0.173649 0.000000
vn 0.992239 -0.124344 0.000000
vn 0.992239 -0.124344 0.000000
vn 0.997204 -0.074730 0.000000
vn 0.997204 -0.074730 0.000000
vn 0.999689 -0.024930 0.000000
vn 0.999689 -0.024930 0.000000
vn 0.999689 0.024930 0.000000
vn 0.999689 0.024930 -0.000000
vn 0.997204 0.074730 0.000000
vn 0.997204 0.074730 -0.000000
vn 0.992239 0.124344 0.000000
vn 0.992239 0.124344 -0.000000
vn 0.984808 0.173649 0.000000
vn 0.984808 0.173649 -0.000000
vn 0.974928 0.222521 0.000000
vn 0.974928 0.222521 -0.000000
vn 0.962624 0.270841 0.000000
vn 0.962624 0.270841 -0.000000
vn 0.947927 0.318487 0.000000
vn 0.947927 0.318487 -0.000000
vn 0.930874 0.365340 0.000000
vn 0.930874 0.365340 -0.000000
vn 0.911506 0.411288 0.000000
vn 0.911506 0.411288 -0.000000
vn 0.889872 0.456210 0.000000
vn 0.889872 0.456210 -0.000000
vn 0.866025 0.500000 0.000000
vn 0.866025 0.500000 -0.000000
vn 0.840026 0.542546 0.000000
vn 0.840026 0.542546 -0.000000
vn 0.811938 0.583744 0.000000
vn 0.811938 0.583744 -0.000000
vn 0.781832 0.623489 0.000000
vn 0.781832 0.623489 -0.000000
vn 0.749781 0.661686 0.000000
vn 0.749781 0.661686 -0.000000
vn 0.715867 0.698237 0.000000
vn 0.715867 0.698237 -0.000000
vn 0.680173 0.733051 0.000000
vn 0.680173 0.733051 -0.000000
vn 0.642787 0.766045 0.000000
vn 0.642787 0.766045 -0.000000
vn 0.603804 0.797133 0.000000
vn 0.603804 0.797133 -0.000000
vn 0.563321 0.826238 -0.000000
vn 0.563321 0.826238 0.000000
vn 0.521435 0.853291 -0.000000
vn 0.521435 0.853291 0.000000
vn 0.478254 0.878222 -0.000000
vn 0.478254 0.878222 0.000000
vn 0.433885 0.900968 -0.000000
vn 0.433885 0.900968 0.000000
vn 0.388434 0.921476 -0.000000
vn 0.388434 0.921476 0.000000
vn 0.342020 0.939693 0.000000
vn 0.342020 0.939693 -0.000000
vn 0.294754 0.955573 0.000000
vn 0.294754 0.955573 -0.000000
vn 0.246758 0.969077 0.000000
vn 0.246758 0.969077 -0.000000
vn 0.198145 0.980173 0.000000
vn 0.198145 0.980173 -0.000000
vn 0.149042 0.988831 0.000000
vn 0.149042 0.988831 -0.000000
vn 0.099568 0.995031 0.000000
vn 0.099568 0.995031 -0.000000
vn 0.049846 0.998757 0.000000
vn 0.049846 0.998757 -0.000000
vn 0.000000 1.000000 0.000000
vn 0.000000 1.000000 -0.000000
vn -0.049846 0.998757 0.000000
vn -0.049846 0.998757 0.000000
vn -0.099568 0.995031 0.000000
vn -0.099568 0.995031 0.000000
vn -0.149042 0.988831 0.000000
vn -0.149042 0.988831 0.000000
vn -0.198145 0.980173 0.000000
vn -0.198145 0.980173 0.000000
vn -0.246758 0.969077 0.000000
vn -0.246758 0.969077 0.000000
vn -0.294754 0.955573 0.000000
vn -0.294754 0.955573 0.000000
vn -0.342020 0.939693 0.000000
vn -0.342020 0.939693 0.000000
vn -0.388434 0.921476 0.000000
vn -0.388434 0.921476 0.000000
vn -0.433885 0.900968 0.000000
vn -0.433885 0.900968 0.000000
vn -0.478254 0.878222 0.000000
vn -0.478254 0.878222 0.000000
vn -0.521435 0.853291 0.000000
vn -0.521435 0.853291 0.000000
vn -0.563321 0.826238 0.000000
vn -0.563321 0.826238 0.000000
vn -0.603804 0.797133 0.000000
vn -0.603804 0.797133 0.000000
vn -0.642787 0.766045 0.000000
vn -0.642787 0.766045 0.000000
vn -0.680173 0.733051 0.000000
vn -0.680173 0.733051 0.000000
vn -0.715867 0.698237 0.000000
vn -0.715867 0.698237 0.000000
vn -0.749781 0.661686 0.000000
vn -0.749781 0.661686 0.000000
vn -0.781832 0.623489 0.000000
vn -0.781832 0.623489 0.000000
vn -0.811938 0.583744 0.000000
vn -0.811938 0.583744 0.000000
vn -0.840026 0.542546 0.000000
vn -0.840026 0.542546 0.000000
vn -0.866025 0.500000 0.000000
vn -0.866025 0.500000 0.000000
vn -0.889872 0.456210 0.000000
vn -0.889872 0.456210 0.000000
vn -0.911506 0.411288 0.000000
vn -0.911506 0.411288 0.000000
vn -0.930874 0.365340 0.000000
vn -0.930874 0.365340 0.000000
vn -0.947927 0.318487 0.000000
vn -0.947927 0.318487 0.000000
vn -0.962624 0.270841 0.000000
vn -0.962624 0.270841 0.000000
vn -0.974928 0.222521 0.000000
vn -0.974928 0.222521 0.000000
vn -0.984808 0.173649 0.000000
vn -0.984808 0.173649 0.000000
vn -0.992239 0.124344 0.000000
vn -0.992239 0.124344 0.000000
vn -0.997204 0.074730 0.000000
vn -0.997204 0.074730 0.000000
vn -0.999689 0.024930 0.000000
vn -0.999689 0.024930 0.000000
vn -0.999689 -0.024930 0.000000
vn -0.999689 -0.024930 0.000000
vn -0.997204 -0.074730 0.000000
vn -0.997204 -0.074730 0.000000
vn -0.992239 -0.124343 0.000000
vn -0.992239 -0.124343 0.000000
vn -0.984808 -0.173649 0.000000
vn -0.984808 -0.173649 0.000000
vn -0.974928 -0.222521 0.000000
vn -0.974928 -0.222521 0.000000
vn -0.962624 -0.270840 0.000000
vn -0.947927 -0.318487 0.000000
vn -0.962624 -0.270840 0.000000
vn -0.947927 -0.318487 0.000000
vn -0.930874 -0.365341 0.000000
vn -0.930874 -0.365341 0.000000
vn -0.911506 -0.411288 0.000000
vn -0.911506 -0.411288 0.000000
vn -0.889872 -0.456210 0.000000
vn -0.866026 -0.499999 0.000000
vn -0.889872 -0.456210 0.000000
vn -0.866026 -0.499999 0.000000
vn -0.840026 -0.542546 0.000000
vn -0.840026 -0.542546 0.000000
vn -0.811937 -0.583745 0.000000
vn -0.811937 -0.583745 0.000000
vn -0.781832 -0.623489 0.000000
vn -0.781832 -0.623489 0.000000
vn -0.749781 -0.661686 0.000000
vn -0.749781 -0.661686 0.000000
vn -0.715867 -0.698236 0.000000
vn -0.715867 -0.698236 0.000000
vn -0.680172 -0.733053 0.000000
vn -0.642788 -0.766044 0.000000
vn -0.680172 -0.733053 0.000000
vn -0.642788 -0.766044 0.000000
vn -0.603803 -0.797134 0.000000
vn -0.603803 -0.797134 0.000000
vn -0.563323 -0.826237 0.000000
vn -0.521432 -0.853293 0.000000
vn -0.563323 -0.826237 0.000000
vn -0.478258 -0.878220 0.000000
vn -0.521432 -0.853293 0.000000
vn -0.478258 -0.878220 0.000000
vn -0.433880 -0.900971 0.000000
vn -0.433880 -0.900971 0.000000
vn -0.388438 -0.921475 0.000000
vn -0.388438 -0.921475 0.000000
vn -0.342019 -0.939693 0.000000
vn -0.342019 -0.939693 0.000000
vn -0.294755 -0.955573 0.000000
vn -0.294755 -0.955573 0.000000
vn -0.246758 -0.969077 0.000000
vn -0.246758 -0.969077 0.000000
vn -0.198145 -0.980173 0.000000
vn -0.198145 -0.980173 0.000000
vn -0.149043 -0.988831 0.000000
vn -0.149043 -0.988831 0.000000
vn -0.099564 -0.995031 0.000000
vn -0.099564 -0.995031 0.000000
vn -0.049846 -0.998757 0.000000
vn -0.049846 -0.998757 0.000000
vn 0.000000 -1.000000 0.000000
vn 0.049846 -0.998757 0.000000
vn 0.000000 -1.000000 0.000000
vn 0.049846 -0.998757 0.000000
vn 0.099564 -0.995031 0.000000
vn 0.099564 -0.995031 0.000000
vn 0.149043 -0.988831 0.000000
vn 0.149043 -0.988831 0.000000
vn 0.198145 -0.980173 0.000000
vn 0.198145 -0.980173 0.000000
vn 0.246758 -0.969077 0.000000
vn 0.246758 -0.969077 0.000000
vn 0.294755 -0.955573 0.000000
vn 0.294755 -0.955573 0.000000
vn 0.342019 -0.939693 0.000000
vn 0.342019 -0.939693 0.000000
vn 0.388438 -0.921475 0.000000
vn 0.388438 -0.921475 0.000000
vn 0.433880 -0.900971 0.000000
vn 0.433880 -0.900971 0.000000
vn 0.478258 -0.878220 0.000000
vn 0.478258 -0.878220 0.000000
vn 0.521432 -0.853293 0.000000
vn 0.521432 -0.853293 0.000000
vn 0.563323 -0.826237 0.000000
vn 0.563323 -0.826237 0.000000
vn 0.603803 -0.797134 0.000000
vn 0.603803 -0.797134 0.000000
vn 0.642788 -0.766044 0.000000
vn 0.642788 -0.766044 0.000000
vn 0.680172 -0.733053 0.000000
vn 0.680172 -0.733053 0.000000
vn 0.715867 -0.698236 0.000000
vn 0.715867 -0.698236 0.000000
vn 0.749781 -0.661686 0.000000
vn 0.749781 -0.661686 0.000000
vn 0.781832 -0.623489 0.000000
vn 0.781832 -0.623489 0.000000
vn 0.811937 -0.583745 0.000000
vn 0.811937 -0.583745 0.000000
vn 0.840026 -0.542546 0.000000
vn 0.866026 -0.499999 0.000000
vn 0.840026 -0.542546 0.000000
vn 0.866026 -0.499999 0.000000
vn 0.889872 -0.456210 0.000000
vn 0.889872 -0.456210 0.000000
vn 0.911506 -0.411288 0.000000
vn 0.911506 -0.411288 0.000000
vn 0.930874 -0.365341 0.000000
vn 0.930874 -0.365341 0.000000
vn 0.947927 -0.318487 0.000000
vn 0.947927 -0.318487 0.000000
vn 0.962624 -0.270840 0.000000
vn 0.962624 -0.270840 0.000000
vn 0.974928 -0.222521 0.000000
vn 0.974928 -0.222521 0.000000
vn 0.984808 -0.173649 0.000000
vn 0.984808 -0.173649 0.000000
vn 0.992239 -0.124343 0.000000
vn 0.992239 -0.124343 0.000000
vn 0.997204 -0.074730 0.000000
vn 0.997204 -0.074730 0.000000
vn 0.999689 -0.024930 0.000000
vn 0.999689 -0.024930 0.000000
vn 0.999689 0.024930 0.000000
vn 0.999689 0.024930 -0.000000
vn 0.997204 0.074730 0.000000
vn 0.997204 0.074730 -0.000000
vn 0.992239 0.124343 0.000000
vn 0.992239 0.124343 -0.000000
vn 0.984808 0.173649 0.000000
vn 0.984808 0.173649 -0.000000
vn 0.974928 0.222521 0.000000
vn 0.974928 0.222521 -0.000000
vn 0.962624 0.270841 0.000000
vn 0.962624 0.270841 -0.000000
vn 0.947927 0.318487 0.000000
vn 0.947927 0.318487 -0.000000
vn 0.930874 0.365340 0.000000
vn 0.930874 0.365340 -0.000000
vn 0.911506 0.411288 0.000000
vn 0.911506 0.411288 -0.000000
vn 0.889872 0.456210 0.000000
vn 0.889872 0.456210 -0.000000
vn 0.866025 0.500001 0.000000
vn 0.866025 0.500001 -0.000000
vn 0.840026 0.542546 0.000000
vn 0.840026 0.542546 -0.000000
vn 0.811938 0.583743 0.000000
vn 0.811938 0.583743 -0.000000
vn 0.781831 0.623490 0.000000
vn 0.781831 0.623490 -0.000000
vn 0.749781 0.661686 0.000000
vn 0.749781 0.661686 -0.000000
vn 0.715867 0.698236 0.000000
vn 0.715867 0.698236 -0.000000
vn 0.680173 0.733051 0.000000
vn 0.680173 0.733051 -0.000000
vn 0.642787 0.766045 0.000000
vn 0.642787 0.766045 -0.000000
vn 0.603805 0.797132 0.000000
vn 0.603805 0.797132 -0.000000
vn 0.563319 0.826239 -0.000000
vn 0.563319 0.826239 0.000000
vn 0.521436 0.853290 -0.000000
vn 0.521436 0.853290 0.000000
vn 0.478254 0.878222 -0.000000
vn 0.478254 0.878222 0.000000
vn 0.433885 0.900968 -0.000000
vn 0.433885 0.900968 0.000000
vn 0.388433 0.921477 -0.000000
vn 0.388433 0.921477 0.000000
vn 0.342022 0.939692 0.000000
vn 0.342022 0.939692 -0.000000
vn 0.294755 0.955573 0.000000
vn 0.294755 0.955573 -0.000000
vn 0.246756 0.969078 0.000000
vn 0.246756 0.969078 -0.000000
vn 0.198148 0.980172 0.000000
vn 0.198148 0.980172 -0.000000
vn 0.149041 0.988831 0.000000
vn 0.149041 0.988831 -0.000000
vn 0.099569 0.995031 0.000000
vn 0.099569 0.995031 -0.000000
vn 0.049846 0.998757 0.000000
vn 0.049846 0.998757 -0.000000
vn 0.000000 1.000000 0.000000
vn 0.000000 1.000000 -0.000000
vn -0.049846 0.998757 0.000000
vn -0.049846 0.998757 0.000000
vn -0.099569 0.995031 0.000000
vn -0.099569 0.995031 0.000000
vn -0.149041 0.988831 0.000000
vn -0.149041 0.988831 0.000000
vn -0.198148 0.980172 0.000000
vn -0.198148 0.980172 0.000000
vn -0.246756 0.969078 0.000000
vn -0.246756 0.969078 0.000000
vn -0.294755 0.955573 0.000000
vn -0.294755 0.955573 0.000000
vn -0.342022 0.939692 0.000000
vn -0.342022 0.939692 0.000000
vn -0.388433 0.921477 0.000000
vn -0.388433 0.921477 0.000000
vn -0.433885 0.900968 0.000000
vn -0.433885 0.900968 0.000000
vn -0.478254 0.878222 0.000000
vn -0.478254 0.878222 0.000000
vn -0.521436 0.853290 0.000000
vn -0.521436 0.853290 0.000000
vn -0.563319 0.826239 0.000000
vn -0.563319 0.826239 0.000000
vn -0.603805 0.797132 0.000000
vn -0.603805 0.797132 0.000000
vn -0.642787 0.766045 0.000000
vn -0.642787 0.766045 0.000000
vn -0.680173 0.733051 0.000000
vn -0.680173 0.733051 0.000000
vn -0.715867 0.698236 0.000000
vn -0.715867 0.698236 0.000000
vn -0.749781 0.661686 0.000000
vn -0.749781 0.661686 0.000000
vn -0.781831 0.623490 0.000000
vn -0.781831 0.623490 0.000000
vn -0.811938 0.583743 0.000000
vn -0.811938 0.583743 0.000000
vn -0.840026 0.542546 0.000000
vn -0.840026 0.542546 0.000000
vn -0.866025 0.500001 0.000000
vn -0.866025 0.500001 0.000000
vn -0.889872 0.456210 0.000000
vn -0.889872 0.456210 0.000000
vn -0.911506 0.411288 0.000000
vn -0.911506 0.411288 0.000000
vn -0.930874 0.365340 0.000000
vn -0.930874 0.365340 0.000000
vn -0.947927 0.318487 0.000000
vn -0.947927 0.318487 0.000000
vn -0.962624 0.270841 0.000000
vn -0.962624 0.270841 0.000000
vn -0.974928 0.222521 0.000000
vn -0.974928 0.222521 0.000000
vn -0.984808 0.173649 0.000000
vn -0.984808 0.173649 0.000000
vn -0.992239 0.124343 0.000000
vn -0.992239 0.124343 0.000000
vn -0.997204 0.074730 0.000000
vn -0.997204 0.074730 0.000000
vn -0.999689 0.024930 0.000000
vn -0.999689 0.024930 0.000000
vn 0.000000 0.000000 1.000000
vn 0.000000 -0.000000 1.000000
vn 0.000000 -0.000000 1.000000
vn -0.999209 -0.039752 0.000552
vn -0.999245 -0.038839 0.000383
vn -0.999169 -0.040746 0.000785
vn -0.999279 -0.037955 0.000255
vn -0.999126 -0.041793 0.001091
vn -0.999311 -0.037117 0.000161
vn -0.999079 -0.042875 0.001484
vn -0.999337 -0.036418 0.000102
vn -0.999029 -0.044000 0.001990
vn -0.999365 -0.035645 0.000054
vn -0.998976 -0.045172 0.002639
vn -0.999383 -0.035112 0.000030
vn -0.999399 -0.034667 0.000017
vn -0.998920 -0.046337 0.003432
vn -0.999418 -0.034116 0.000006
vn -0.998860 -0.047539 0.004437
vn -0.999431 -0.033736 0.000001
vn -0.998794 -0.048771 0.005704
vn -0.999438 -0.033524 0.000000
vn -0.998723 -0.049992 0.007251
vn -0.999425 -0.033904 0.000001
vn -0.998644 -0.051233 0.009194
vn -0.998555 -0.052477 0.011616
vn -0.998449 -0.053711 0.014621
vn -0.998322 -0.054926 0.018358
vn -0.998737 -0.050241 -0.000000
vn -0.998384 -0.056810 0.001568
vn -0.997673 -0.068175 0.000513
vn -0.997473 -0.071044 0.000298
vn -0.997263 -0.073932 0.000138
vn -0.997044 -0.076831 0.000035
vn -0.996812 -0.079782 -0.000008
vn -0.996569 -0.082762 0.000015
vn -0.996311 -0.085819 0.000107
vn -0.996042 -0.088881 0.000270
vn -0.995759 -0.092003 0.000510
vn -0.995459 -0.095187 0.000832
vn -0.994611 -0.103658 0.002020
vn -0.995149 -0.098376 0.001231
vn -0.988642 -0.150277 0.002060
vn -0.992240 -0.124317 -0.002218
vn -0.980489 -0.196565 0.002071
vn -0.984969 -0.172714 -0.002244
vn -0.970170 -0.242416 0.002054
vn -0.975340 -0.220697 -0.002240
vn -0.957708 -0.287733 0.002009
vn -0.963374 -0.268152 -0.002209
vn -0.943132 -0.332414 0.001935
vn -0.949101 -0.314964 -0.002150
vn -0.926471 -0.376361 0.001833
vn -0.932554 -0.361024 -0.002062
vn -0.907764 -0.419478 0.001703
vn -0.913775 -0.406216 -0.001946
vn -0.887052 -0.461667 0.001544
vn -0.892806 -0.450437 -0.001802
vn -0.864380 -0.502836 0.001358
vn -0.869700 -0.493578 -0.001629
vn -0.839799 -0.542896 0.001142
vn -0.844509 -0.535539 -0.001428
vn -0.813363 -0.581756 0.000899
vn -0.817297 -0.576215 -0.001199
vn -0.788127 -0.615512 -0.000942
vn -0.785131 -0.619330 0.000628
vn -0.757070 -0.653334 -0.000656
vn -0.755164 -0.655536 0.000328
vn -0.724198 -0.689592 -0.000342
vn -0.723528 -0.690295 0.000000
vn -0.999490 -0.031928 0.000000
vn 0.999689 0.024930 -0.000000
vn 0.999689 0.024930 0.000000
vn 0.997204 0.074731 0.000000
vn 0.997204 0.074731 -0.000000
vn 0.992239 0.124344 0.000000
vn 0.992239 0.124344 -0.000000
vn 0.984808 0.173647 0.000000
vn 0.984808 0.173647 -0.000000
vn 0.974928 0.222521 0.000000
vn 0.974928 0.222521 -0.000000
vn 0.962624 0.270841 0.000000
vn 0.947927 0.318486 0.000000
vn 0.962624 0.270841 -0.000000
vn 0.947927 0.318486 0.000000
vn 0.930874 0.365341 0.000000
vn 0.930874 0.365341 -0.000000
vn 0.911506 0.411287 0.000000
vn 0.911506 0.411287 -0.000000
vn 0.889872 0.456210 0.000000
vn 0.866025 0.500000 0.000000
vn 0.889872 0.456210 -0.000000
vn 0.866025 0.500000 0.000000
vn 0.840026 0.542546 -0.000000
vn 0.840026 0.542546 0.000000
vn 0.811938 0.583743 -0.000000
vn 0.811938 0.583743 0.000000
vn 0.781832 0.623489 -0.000000
vn 0.781832 0.623489 0.000000
vn 0.749781 0.661686 0.000000
vn 0.749781 0.661686 -0.000000
vn 0.715867 0.698237 0.000000
vn 0.715867 0.698237 -0.000000
vn 0.680172 0.733052 0.000000
vn 0.642788 0.766044 0.000000
vn 0.680172 0.733052 -0.000000
vn 0.642788 0.766044 0.000000
vn 0.603804 0.797133 -0.000000
vn 0.603804 0.797133 0.000000
vn 0.563320 0.826239 0.000000
vn 0.521435 0.853291 0.000000
vn 0.563320 0.826239 -0.000000
vn 0.478255 0.878221 0.000000
vn 0.521435 0.853291 0.000000
vn 0.478255 0.878221 0.000000
vn 0.433884 0.900969 0.000000
vn 0.433884 0.900969 -0.000000
vn 0.388435 0.921476 0.000000
vn 0.388435 0.921476 -0.000000
vn 0.342020 0.939693 0.000000
vn 0.342020 0.939693 -0.000000
vn 0.294755 0.955573 0.000000
vn 0.294755 0.955573 -0.000000
vn 0.246757 0.969077 0.000000
vn 0.246757 0.969077 -0.000000
vn 0.198146 0.980173 0.000000
vn 0.198146 0.980173 -0.000000
vn 0.149042 0.988831 0.000000
vn 0.149042 0.988831 -0.000000
vn 0.099569 0.995031 0.000000
vn 0.099569 0.995031 -0.000000
vn 0.049845 0.998757 0.000000
vn 0.049845 0.998757 -0.000000
vn 0.000000 1.000000 0.000000
vn -0.049845 0.998757 0.000000
vn 0.000000 1.000000 -0.000000
vn -0.049845 0.998757 0.000000
vn -0.099569 0.995031 0.000000
vn -0.099569 0.995031 0.000000
vn -0.149042 0.988831 0.000000
vn -0.149042 0.988831 0.000000
vn -0.198146 0.980173 0.000000
vn -0.198146 0.980173 0.000000
vn -0.246757 0.969077 0.000000
vn -0.246757 0.969077 0.000000
vn -0.294755 0.955573 0.000000
vn -0.294755 0.955573 0.000000
vn -0.342020 0.939693 0.000000
vn -0.342020 0.939693 0.000000
vn -0.388435 0.921476 0.000000
vn -0.388435 0.921476 0.000000
vn -0.433884 0.900969 0.000000
vn -0.433884 0.900969 0.000000
vn -0.478255 0.878221 0.000000
vn -0.478255 0.878221 0.000000
vn -0.521435 0.853291 0.000000
vn -0.521435 0.853291 0.000000
vn -0.563320 0.826239 0.000000
vn -0.563320 0.826239 0.000000
vn -0.603804 0.797133 0.000000
vn -0.603804 0.797133 0.000000
vn -0.642788 0.766044 0.000000
vn -0.642788 0.766044 0.000000
vn -0.680172 0.733052 0.000000
vn -0.680172 0.733052 0.000000
vn -0.715867 0.698237 0.000000
vn -0.715867 0.698237 0.000000
vn -0.749781 0.661686 0.000000
vn -0.749781 0.661686 0.000000
vn -0.781832 0.623489 0.000000
vn -0.781832 0.623489 0.000000
vn -0.811938 0.583743 0.000000
vn -0.811938 0.583743 0.000000
vn -0.840026 0.542546 0.000000
vn -0.866025 0.500000 0.000000
vn -0.840026 0.542546 0.000000
vn -0.866025 0.500000 0.000000
vn -0.889872 0.456210 0.000000
vn -0.889872 0.456210 0.000000
vn -0.911506 0.411287 0.000000
vn -0.911506 0.411287 0.000000
vn -0.930874 0.365341 0.000000
vn -0.930874 0.365341 0.000000
vn -0.947927 0.318486 0.000000
vn -0.947927 0.318486 0.000000
vn -0.962624 0.270841 0.000000
vn -0.962624 0.270841 0.000000
vn -0.974928 0.222521 0.000000
vn -0.974928 0.222521 0.000000
vn -0.984808 0.173647 0.000000
vn -0.984808 0.173647 0.000000
vn -0.992239 0.124344 0.000000
vn -0.992239 0.124344 0.000000
vn -0.997204 0.074731 0.000000
vn -0.997204 0.074731 0.000000
vn -0.999689 0.024930 0.000000
vn -0.999689 0.024930 0.000000
vn -0.999689 -0.024930 0.000000
vn -0.999689 -0.024930 0.000000
vn -0.997204 -0.074731 0.000000
vn -0.997204 -0.074731 0.000000
vn -0.992239 -0.124344 0.000000
vn -0.992239 -0.124344 0.000000
vn -0.984808 -0.173647 0.000000
vn -0.984808 -0.173647 0.000000
vn -0.974928 -0.222521 0.000000
vn -0.974928 -0.222521 0.000000
vn -0.962624 -0.270841 0.000000
vn -0.962624 -0.270841 0.000000
vn -0.947927 -0.318486 0.000000
vn -0.947927 -0.318486 0.000000
vn -0.930874 -0.365341 0.000000
vn -0.930874 -0.365341 0.000000
vn -0.911506 -0.411287 0.000000
vn -0.911506 -0.411287 0.000000
vn -0.889872 -0.456210 0.000000
vn -0.889872 -0.456210 0.000000
vn -0.866025 -0.500000 0.000000
vn -0.866025 -0.500000 0.000000
vn -0.840026 -0.542546 0.000000
vn -0.840026 -0.542546 0.000000
vn -0.811938 -0.583743 0.000000
vn -0.811938 -0.583743 0.000000
vn -0.781832 -0.623489 0.000000
vn -0.781832 -0.623489 0.000000
vn -0.749781 -0.661686 0.000000
vn -0.749781 -0.661686 0.000000
vn -0.715867 -0.698237 0.000000
vn -0.715867 -0.698237 0.000000
vn -0.680172 -0.733052 0.000000
vn -0.680172 -0.733052 0.000000
vn -0.642788 -0.766044 0.000000
vn -0.642788 -0.766044 0.000000
vn -0.603804 -0.797133 0.000000
vn -0.603804 -0.797133 0.000000
vn -0.563320 -0.826239 0.000000
vn -0.563320 -0.826239 0.000000
vn -0.521435 -0.853291 0.000000
vn -0.521435 -0.853291 0.000000
vn -0.478255 -0.878221 0.000000
vn -0.478255 -0.878221 0.000000
vn -0.433884 -0.900969 0.000000
vn -0.433884 -0.900969 0.000000
vn -0.388435 -0.921476 0.000000
vn -0.388435 -0.921476 0.000000
vn -0.342020 -0.939693 0.000000
vn -0.342020 -0.939693 0.000000
vn -0.294755 -0.955573 0.000000
vn -0.294755 -0.955573 0.000000
vn -0.246757 -0.969077 0.000000
vn -0.246757 -0.969077 0.000000
vn -0.198146 -0.980173 0.000000
vn -0.198146 -0.980173 0.000000
vn -0.149042 -0.988831 0.000000
vn -0.149042 -0.988831 0.000000
vn -0.099569 -0.995031 0.000000
vn -0.099569 -0.995031 0.000000
vn -0.049845 -0.998757 0.000000
vn -0.049845 -0.998757 0.000000
vn 0.000000 -1.000000 0.000000
vn 0.000000 -1.000000 0.000000
vn 0.049845 -0.998757 0.000000
vn 0.049845 -0.998757 0.000000
vn 0.099569 -0.995031 0.000000
vn 0.099569 -0.995031 0.000000
vn 0.149042 -0.988831 0.000000
vn 0.149042 -0.988831 0.000000
vn 0.198146 -0.980173 0.000000
vn 0.198146 -0.980173 0.000000
vn 0.246757 -0.969077 0.000000
vn 0.246757 -0.969077 0.000000
vn 0.294755 -0.955573 0.000000
vn 0.294755 -0.955573 0.000000
vn 0.342020 -0.939693 0.000000
vn 0.342020 -0.939693 0.000000
vn 0.388435 -0.921476 0.000000
vn 0.388435 -0.921476 0.000000
vn 0.433884 -0.900969 0.000000
vn 0.433884 -0.900969 0.000000
vn 0.478255 -0.878221 0.000000
vn 0.478255 -0.878221 0.000000
vn 0.521435 -0.853291 0.000000
vn 0.521435 -0.853291 0.000000
vn 0.563320 -0.826239 0.000000
vn 0.563320 -0.826239 0.000000
vn 0.603804 -0.797133 0.000000
vn 0.603804 -0.797133 0.000000
vn 0.642788 -0.766044 0.000000
vn 0.642788 -0.766044 0.000000
vn 0.680172 -0.733052 0.000000
vn 0.680172 -0.733052 0.000000
vn 0.715867 -0.698237 0.000000
vn 0.715867 -0.698237 0.000000
vn 0.749781 -0.661686 0.000000
vn 0.749781 -0.661686 0.000000
vn 0.781832 -0.623489 0.000000
vn 0.781832 -0.623489 0.000000
vn 0.811938 -0.583743 0.000000
vn 0.811938 -0.583743 0.000000
vn 0.840026 -0.542546 0.000000
vn 0.840026 -0.542546 0.000000
vn 0.866025 -0.500000 0.000000
vn 0.866025 -0.500000 0.000000
vn 0.889872 -0.456210 0.000000
vn 0.889872 -0.456210 0.000000
vn 0.911506 -0.411287 0.000000
vn 0.911506 -0.411287 0.000000
vn 0.930874 -0.365341 0.000000
vn 0.930874 -0.365341 0.000000
vn 0.947927 -0.318486 0.000000
vn 0.947927 -0.318486 0.000000
vn 0.962624 -0.270841 0.000000
vn 0.962624 -0.270841 0.000000
vn 0.974928 -0.222521 0.000000
vn 0.974928 -0.222521 0.000000
vn 0.984808 -0.173647 0.000000
vn 0.984808 -0.173647 0.000000
vn 0.992239 -0.124344 0.000000
vn 0.992239 -0.124344 0.000000
vn 0.997204 -0.074731 0.000000
vn 0.997204 -0.074731 0.000000
vn 0.999689 -0.024930 0.000000
vn 0.999689 -0.024930 0.000000
vn 0.000000 0.000000 -1.000000
vn 0.000000 0.000000 -1.000000
vn 0.000000 -0.000000 -1.000000
vn 0.000000 0.000000 -1.000000
vn 0.000000 0.000000 -1.000000
vn 0.000000 0.000000 -1.000000
vn 0.000000 0.000000 -1.000000
vn 0.000000 -0.000000 -1.000000
vn 0.000000 0.000000 -1.000000
vn 0.000000 0.000000 -1.000000
vn 0.000000 0.000000 -1.000000
vn 0.000000 -0.000000 -1.000000
vn 0.000000 0.000000 -1.000000
vn 0.000000 0.000000 -1.000000
vn 0.000000 0.000000 -1.000000
vn 0.000000 -0.000000 -1.000000
vn 0.000000 0.000000 -1.000000
vn 0.000000 0.000000 -1.000000
vn 0.000000 -0.000000 -1.000000
vn 0.000000 0.000000 -1.000000
vn 0.000000 0.000000 -1.000000
vn 0.000000 0.000000 -1.000000
vn 0.000000 -0.000000 -1.000000
vn 0.000000 0.000000 -1.000000
vn 0.000000 0.000000 -1.000000
vn 0.000000 0.000000 -1.000000
vn 0.000000 -0.000000 -1.000000
vn 0.000000 0.000000 -1.000000
vn 0.000000 0.000000 -1.000000
vn 0.000000 0.000000 -1.000000
vn 0.000000 0.000000 -1.000000
vn 0.000000 0.000000 -1.000000
vn 0.000000 -0.000000 -1.000000
vn 0.000000 0.000000 -1.000000
vn 0.000000 0.000000 -1.000000
vn 0.000000 -0.000000 -1.000000
vn 0.000000 0.000000 -1.000000
vn 0.000000 0.000000 -1.000000
vn 0.000000 -0.000000 -1.000000
vn 0.000000 0.000000 -1.000000
vn 0.000000 0.000000 -1.000000
vn 0.000000 0.000000 -1.000000
vn 0.000000 0.000000 -1.000000
vn 0.000000 -0.000000 -1.000000
vn 0.000000 0.000000 -1.000000
vn 0.000000 0.000000 -1.000000
vn 0.000000 -0.000000 -1.000000
vn 0.000000 0.000000 -1.000000
vn 0.000000 0.000000 -1.000000
vn 0.000000 0.000000 -1.000000
vn 0.000000 -0.000000 -1.000000
vn 0.000000 0.000000 -1.000000
vn 0.000000 0.000000 -1.000000
vn 0.000000 0.000000 -1.000000
vn 0.000000 -0.000000 -1.000000
vn 0.000000 0.000000 -1.000000
vn 0.000000 0.000000 -1.000000
vn 0.000000 0.000000 -1.000000
vn 0.000000 -0.000000 -1.000000
vn 0.000000 0.000000 -1.000000
vn 0.000000 0.000000 -1.000000
vn 0.000000 0.000000 -1.000000
vn 0.000000 -0.000000 -1.000000
vn 0.000000 0.000000 -1.000000
vn 0.000000 0.000000 -1.000000
vn 0.000000 -0.000000 -1.000000
vn 0.000000 -0.000000 -1.000000
vn 0.000000 0.000000 -1.000000
vn 0.000000 0.000000 -1.000000
vn 0.000000 0.000000 -1.000000
vn 0.000000 0.000000 -1.000000
vn 0.000000 -0.000000 -1.000000
vn 0.000000 0.000000 -1.000000
vn 0.000000 0.000000 -1.000000
vn 0.000000 0.000000 -1.000000
vn 0.000000 0.000000 -1.000000
vn 0.000000 -0.000000 -1.000000
vn 0.000000 0.000000 -1.000000
vn 0.000000 0.000000 -1.000000
vn 0.000000 0.000000 -1.000000
vn 0.000000 0.000000 -1.000000
vn 0.000000 -0.000000 -1.000000
vn 0.000000 -0.000000 -1.000000
vn 0.000000 0.000000 -1.000000
vn 0.000000 0.000000 -1.000000
vn 0.000000 0.000000 -1.000000
vn 0.000000 0.000000 -1.000000
vn 0.000000 0.000000 -1.000000
vn 0.000000 -0.000000 -1.000000
vn 0.000000 0.000000 -1.000000
vn 0.000000 0.000000 -1.000000
vn 0.000000 0.000000 -1.000000
vn 0.000000 0.000000 -1.000000
vn 0.000000 -0.000000 -1.000000
vn 0.000000 0.000000 -1.000000
vn 0.000000 0.000000 -1.000000
vn 0.000000 0.000000 -1.000000
vn 0.000000 -0.000000 -1.000000
vn 0.000000 0.000000 -1.000000
vn 0.000000 0.000000 -1.000000
vn 0.000000 0.000000 -1.000000
vn 0.000000 -0.000000 -1.000000
vn 0.000000 0.000000 -1.000000
vn 0.000000 0.000000 -1.000000
vn 0.000000 0.000000 -1.000000
vn 0.000000 0.000000 -1.000000
vn 0.000000 0.000000 -1.000000
vn 0.000000 0.000000 -1.000000
vn 0.000000 0.000000 -1.000000
vn 0.000000 0.000000 -1.000000
vn 0.000000 0.000000 -1.000000
vn 0.000000 0.000000 -1.000000
vn 0.000000 0.000000 -1.000000
vn 0.000000 0.000000 -1.000000
vn 0.000000 -0.000000 -1.000000
vn 0.000000 -0.000000 -1.000000
vn 0.000000 0.000000 -1.000000
vn 0.000000 0.000000 -1.000000
vn 0.000000 0.000000 -1.000000
vn 0.000000 -0.000000 -1.000000
vn 0.000000 0.000000 -1.000000
vn 0.000000 0.000000 -1.000000
vn 0.000000 0.000000 -1.000000
vn 0.000000 0.000000 -1.000000
vn 0.000000 0.000000 -1.000000
vn 0.000000 0.000000 -1.000000
vn 0.000000 0.000000 -1.000000
vn 0.000000 0.000000 -1.000000
vn 0.000000 0.000000 -1.000000
vn 0.000000 0.000000 -1.000000
vn 0.000000 0.000000 -1.000000
vn 0.000000 0.000000 -1.000000
vn 0.000000 0.000000 -1.000000
vn 0.000000 0.000000 -1.000000
vn 0.000000 0.000000 -1.000000
vn 0.000000 0.000000 -1.000000
vn 0.000000 0.000000 -1.000000
vn 0.000000 0.000000 -1.000000
vn 0.000000 0.000000 -1.000000
vn 0.000000 0.000000 -1.000000
vn 0.000000 0.000000 -1.000000
vn 0.000000 0.000000 -1.000000
vn 0.000000 0.000000 -1.000000
vn 0.000000 0.000000 -1.000000
vn 0.000000 0.000000 -1.000000
vn 0.000000 0.000000 -1.000000
vn 0.000000 -0.000000 -1.000000
vn 0.000000 -0.000000 -1.000000
vn 0.000000 0.000000 -1.000000
vn 0.000000 0.000000 -1.000000
vn 0.000000 0.000000 -1.000000
vn 0.000000 0.000000 -1.000000
vn 0.000000 -0.000000 -1.000000
vn 0.000000 0.000000 -1.000000
vn 0.000000 0.000000 -1.000000
vn 0.000000 0.000000 -1.000000
vn 0.000000 0.000000 -1.000000
vn 0.000000 0.000000 -1.000000
vn 0.000000 -0.000000 -1.000000
vn 0.000000 0.000000 -1.000000
vn 0.000000 0.000000 -1.000000
vn 0.000000 0.000000 -1.000000
vn 0.000000 0.000000 -1.000000
vn 0.000000 -0.000000 -1.000000
vn 0.000000 0.000000 -1.000000
vn 0.000000 0.000000 -1.000000
vn 0.000000 -0.000000 -1.000000
vn 0.000000 0.000000 -1.000000
vn 0.000000 0.000000 -1.000000
vn 0.000000 0.000000 -1.000000
vn 0.000000 -0.000000 -1.000000
vn 0.000000 0.000000 -1.000000
vn 0.000000 0.000000 -1.000000
vn 0.000000 0.000000 -1.000000
vn 0.000000 0.000000 -1.000000
vn 0.000000 0.000000 -1.000000
vn 0.000000 0.000000 -1.000000
vn 0.000000 0.000000 -1.000000
vn 0.000000 0.000000 -1.000000
vn 0.000000 -0.000000 -1.000000
vn 0.000000 -0.000000 -1.000000
vn 0.000000 0.000000 -1.000000
vn 0.000000 0.000000 -1.000000
vn 0.000000 0.000000 -1.000000
vn 0.000000 -0.000000 -1.000000
vn 0.000000 0.000000 -1.000000
vn 0.000000 0.000000 -1.000000
vn 0.000000 0.000000 -1.000000
vn 0.000000 0.000000 -1.000000
vn 0.000000 0.000000 -1.000000
vn 0.000000 0.000000 -1.000000
vn 0.000000 0.000000 -1.000000
vn 0.000000 -0.000000 -1.000000
vn 0.000000 0.000000 -1.000000
vn 0.000000 0.000000 -1.000000
vn 0.000000 0.000000 -1.000000
vn 0.000000 0.000000 -1.000000
vn 0.000000 -0.000000 -1.000000
vn 0.000000 0.000000 -1.000000
vn 0.000000 0.000000 -1.000000
vn 0.000000 0.000000 -1.000000
vn 0.000000 0.000000 -1.000000
vn 0.000000 -0.000000 -1.000000
vn 0.000000 -0.000000 -1.000000
vn 0.000000 0.000000 -1.000000
vn 0.000000 0.000000 -1.000000
vn 0.000000 0.000000 -1.000000
vn 0.000000 0.000000 -1.000000
vn 0.000000 0.000000 -1.000000
vn 0.000000 0.000000 -1.000000
vn 0.000000 0.000000 -1.000000
vn 0.000000 0.000000 -1.000000
vn 0.000000 0.000000 -1.000000
vn 0.000000 0.000000 -1.000000
vn 0.000000 0.000000 -1.000000
vn 0.000000 0.000000 -1.000000
vn 0.000000 0.000000 -1.000000
vn 0.000000 0.000000 -1.000000
vn 0.000000 0.000000 -1.000000
vn 0.000000 0.000000 -1.000000
vn 0.000000 0.000000 -1.000000
vn 0.000000 0.000000 -1.000000
vn 0.000000 -0.000000 -1.000000
vn 0.000000 0.000000 -1.000000
vn 0.000000 0.000000 -1.000000
vn 0.000000 0.000000 -1.000000
vn 0.000000 0.000000 -1.000000
vn 0.000000 0.000000 -1.000000
vn 0.000000 0.000000 -1.000000
vn 0.000000 0.000000 -1.000000
vn 0.000000 0.000000 -1.000000
vn 0.000000 0.000000 -1.000000
vn 0.000000 0.000000 -1.000000
vn 0.000000 -0.000000 -1.000000
vn 0.000000 0.000000 -1.000000
vn 0.000000 0.000000 -1.000000
vn 0.000000 0.000000 -1.000000
vn 0.000000 0.000000 -1.000000
vn 0.000000 0.000000 -1.000000
vn 0.000000 0.000000 -1.000000
vn 0.000000 0.000000 -1.000000
vn 0.000000 0.000000 -1.000000
vn 0.000000 0.000000 -1.000000
vn 0.000000 0.000000 -1.000000
vn 0.000000 0.000000 -1.000000
vn 0.000000 0.000000 -1.000000
vn 0.000000 0.000000 -1.000000
vn 0.000000 0.000000 -1.000000
vn 0.000000 -0.000000 -1.000000
vn 0.000000 -0.000000 -1.000000
vn 0.000000 0.000000 -1.000000
vn 0.000000 0.000000 -1.000000
vn 0.000000 0.000000 -1.000000
vn 0.000000 0.000000 -1.000000
vn 0.000000 0.000000 -1.000000
vn 0.000000 0.000000 -1.000000
vn 0.000000 0.000000 -1.000000
vn 0.000000 0.000000 -1.000000
vn 0.000000 0.000000 -1.000000
vn 0.000000 0.000000 -1.000000
vn 0.000000 0.000000 -1.000000
vn 0.000000 0.000000 -1.000000
vn 0.000000 0.000000 -1.000000
vn 0.000000 0.000000 -1.000000
vn 0.000000 0.000000 -1.000000
vn 0.000000 0.000000 -1.000000
vn 0.000000 -0.000000 -1.000000
vn 0.000000 0.000000 -1.000000
vn 0.000000 0.000000 -1.000000
vn 0.000000 0.000000 -1.000000
vn 0.000000 0.000000 -1.000000
vn 0.000000 0.000000 -1.000000
vn 0.000000 -0.000000 -1.000000
vn 0.000000 0.000000 -1.000000
vn 0.000000 0.000000 -1.000000
vn 0.000000 0.000000 -1.000000
vn 0.000000 0.000000 -1.000000
vn 0.000000 0.000000 -1.000000
vn 0.000000 -0.000000 -1.000000
vn 0.000000 0.000000 -1.000000
vn 0.000000 0.000000 -1.000000
vn 0.000000 0.000000 -1.000000
vn 0.000000 0.000000 -1.000000
vn 0.000000 -0.000000 -1.000000
vn 0.000000 -0.000000 -1.000000
vn 0.000000 0.000000 -1.000000
vn 0.000000 0.000000 -1.000000
vn 0.000000 0.000000 -1.000000
vn 0.000000 0.000000 -1.000000
vn 0.000000 0.000000 -1.000000
vn 0.000000 0.000000 -1.000000
vn 0.000000 0.000000 -1.000000
vn 0.000000 0.000000 -1.000000
vn 0.000000 0.000000 -1.000000
vn 0.000000 0.000000 -1.000000
vn 0.000000 -0.000000 -1.000000
vn 0.000000 0.000000 -1.000000
vn 0.000000 0.000000 -1.000000
vn 0.000000 0.000000 -1.000000
vn 0.000000 0.000000 -1.000000
vn 0.000000 0.000000 -1.000000
vn 0.000000 0.000000 -1.000000
vn 0.000000 0.000000 -1.000000
vn 0.000000 0.000000 -1.000000
vn 0.000000 0.000000 -1.000000
vn 0.000000 0.000000 -1.000000
vn 0.000000 0.000000 -1.000000
vn 0.000000 0.000000 -1.000000
vn 0.000000 -0.000000 -1.000000
vn 0.000000 0.000000 -1.000000
vn 0.000000 0.000000 -1.000000
vn 0.000000 0.000000 -1.000000
vn 0.000000 0.000000 -1.000000
vn 0.000000 0.000000 -1.000000
vn 0.000000 0.000000 -1.000000
vn 0.000000 0.000000 -1.000000
vn 0.000000 -0.000000 -1.000000
vn 0.000000 0.000000 -1.000000
vn 0.000000 0.000000 -1.000000
vn 0.000000 0.000000 -1.000000
vn 0.000000 0.000000 -1.000000
vn 0.000000 -0.000000 -1.000000
vn 0.000000 0.000000 -1.000000
vn 0.000000 0.000000 -1.000000
vn 0.000000 0.000000 -1.000000
vn 0.000000 -0.000000 -1.000000
vn 0.000000 0.000000 -1.000000
vn 0.000000 0.000000 -1.000000
vn 0.000000 0.000000 -1.000000
vn 0.000000 -0.000000 -1.000000
vn 0.000000 0.000000 -1.000000
vn 0.000000 0.000000 -1.000000
vn 0.000000 0.000000 -1.000000
vn 0.000000 0.000000 -1.000000
vn 0.000000 -0.000000 -1.000000
vn 0.000000 0.000000 -1.000000
vn 0.000000 0.000000 -1.000000
vn 0.000000 0.000000 -1.000000
vn 0.000000 0.000000 -1.000000
vn 0.000000 0.000000 -1.000000
vn 0.000000 0.000000 -1.000000
vn 0.000000 -0.000000 -1.000000
vn 0.000000 0.000000 -1.000000
vn 0.000000 0.000000 -1.000000
vn 0.000000 0.000000 -1.000000
vn 0.000000 -0.000000 -1.000000
vn 0.000000 0.000000 -1.000000
vn 0.000000 0.000000 -1.000000
vn 0.000000 0.000000 -1.000000
vn 0.000000 0.000000 -1.000000
vn 0.000000 -0.000000 -1.000000
vn 0.000000 0.000000 -1.000000
vn 0.000000 -0.000000 -1.000000
vn 0.000000 0.000000 -1.000000
vn 0.000000 0.000000 -1.000000
vn 0.000000 -0.000000 -1.000000
vn 0.000000 0.000000 -1.000000
vn 0.000000 0.000000 -1.000000
vn 0.000000 -0.000000 -1.000000
vn 0.000000 0.000000 -1.000000
vn 0.000000 -0.000000 -1.000000
vn 0.000000 -0.000000 -1.000000
vn 0.000000 -0.000000 -1.000000
vn 0.000000 0.000000 -1.000000
vn 0.000000 0.000000 -1.000000
vn 0.000000 -0.000000 -1.000000
vn 0.000000 0.000000 -1.000000
vn 0.000000 -0.000000 -1.000000
vn 0.000000 0.000000 -1.000000
vn 0.000000 0.000000 -1.000000
vn 0.000000 0.000000 -1.000000
vn 0.000000 -0.000000 -1.000000
vn 0.000000 -0.000000 -1.000000
vn 0.000000 -0.000000 -1.000000
vn 0.000000 0.000000 -1.000000
vn 0.000000 -0.000000 -1.000000
vn 0.000000 -0.000000 -1.000000
vn 0.000000 0.000000 -1.000000
vn 0.000000 -0.000000 -1.000000
vn 0.000000 -0.000000 -1.000000
f 1//1 2//1 3//1
f 4//2 1//2 3//2
f 5//3 4//3 3//3
f 6//4 5//4 3//4
f 7//5 6//5 3//5
f 8//6 7//6 3//6
f 8//7 3//7 9//7
f 10//8 8//8 9//8
f 11//9 10//9 9//9
f 11//10 9//10 12//10
f 13//11 11//11 12//11
f 14//12 13//12 12//12
f 15//13 14//13 12//13
f 16//14 15//14 12//14
f 17//15 16//15 12//15
f 18//16 17//16 12//16
f 19//17 18//17 12//17
f 19//18 12//18 20//18
f 21//19 19//19 20//19
f 22//20 21//20 20//20
f 23//21 22//21 20//21
f 24//22 23//22 20//22
f 25//23 20//23 26//23
f 25//24 24//24 20//24
f 27//25 25//25 26//25
f 28//26 27//26 26//26
f 29//27 26//27 30//27
f 29//28 28//28 26//28
f 31//29 29//29 30//29
f 32//30 31//30 30//30
f 33//31 32//31 30//31
f 34//32 33//32 30//32
f 35//33 36//33 37//33
f 35//34 38//34 36//34
f 39//35 34//35 30//35
f 40//36 39//36 30//36
f 41//37 40//37 30//37
f 42//38 41//38 30//38
f 43//39 42//39 30//39
f 44//40 43//40 30//40
f 45//41 44//41 30//41
f 45//42 46//42 44//42
f 47//43 46//43 45//43
f 48//44 47//44 45//44
f 49//45 37//45 50//45
f 49//46 35//46 37//46
f 51//47 45//47 52//47
f 53//48 49//48 54//48
f 55//49 52//49 56//49
f 57//50 53//50 58//50
f 59//51 56//51 60//51
f 61//52 57//52 62//52
f 63//53 60//53 64//53
f 65//54 61//54 66//54
f 67//55 68//55 64//55
f 69//56 65//56 70//56
f 71//57 72//57 67//57
f 73//58 69//58 74//58
f 75//59 76//59 71//59
f 77//60 73//60 78//60
f 79//61 80//61 75//61
f 81//62 77//62 82//62
f 83//63 84//63 79//63
f 85//64 81//64 86//64
f 87//65 88//65 83//65
f 89//66 85//66 90//66
f 91//67 92//67 87//67
f 93//68 89//68 94//68
f 93//69 94//69 95//69
f 96//70 97//70 91//70
f 98//71 95//71 99//71
f 98//72 93//72 95//72
f 100//73 101//73 96//73
f 102//74 99//74 103//74
f 102//75 98//75 99//75
f 104//76 101//76 100//76
f 105//77 106//77 104//77
f 105//78 104//78 100//78
f 107//79 103//79 106//79
f 107//80 102//80 103//80
f 108//81 107//81 106//81
f 109//82 106//82 105//82
f 109//83 108//83 106//83
f 109//84 105//84 110//84
f 111//85 109//85 110//85
f 111//86 110//86 112//86
f 113//87 111//87 112//87
f 113//88 112//88 114//88
f 115//89 113//89 114//89
f 115//90 114//90 116//90
f 117//91 115//91 116//91
f 117//92 116//92 118//92
f 119//93 117//93 118//93
f 119//94 118//94 120//94
f 121//95 119//95 120//95
f 121//96 120//96 122//96
f 123//97 121//97 122//97
f 123//98 122//98 124//98
f 125//99 123//99 124//99
f 125//100 124//100 126//100
f 127//101 125//101 126//101
f 127//102 126//102 128//102
f 129//103 127//103 128//103
f 129//104 128//104 130//104
f 131//105 130//105 132//105
f 131//106 129//106 130//106
f 133//107 132//107 134//107
f 133//108 131//108 132//108
f 135//109 134//109 136//109
f 135//110 133//110 134//110
f 137//111 135//111 136//111
f 137//112 136//112 138//112
f 139//113 138//113 140//113
f 139//114 137//114 138//114
f 141//115 140//115 142//115
f 141//116 139//116 140//116
f 143//117 142//117 144//117
f 143//118 141//118 142//118
f 145//119 144//119 146//119
f 145//120 143//120 144//120
f 147//121 146//121 148//121
f 147//122 145//122 146//122
f 149//123 148//123 150//123
f 149//124 147//124 148//124
f 151//125 150//125 152//125
f 151//126 149//126 150//126
f 153//127 152//127 154//127
f 153//128 151//128 152//128
f 155//129 154//129 156//129
f 155//130 153//130 154//130
f 157//131 156//131 158//131
f 157//132 155//132 156//132
f 159//133 158//133 160//133
f 159//134 157//134 158//134
f 161//135 160//135 162//135
f 161//136 159//136 160//136
f 163//137 162//137 164//137
f 163//138 161//138 162//138
f 165//139 164//139 166//139
f 165//140 163//140 164//140
f 167//141 166//141 168//141
f 167//142 165//142 166//142
f 169//143 168//143 170//143
f 169//144 167//144 168//144
f 171//145 170//145 172//145
f 171//146 169//146 170//146
f 173//147 172//147 174//147
f 173//148 171//148 172//148
f 175//149 174//149 176//149
f 175//150 173//150 174//150
f 177//151 176//151 178//151
f 177//152 175//152 176//152
f 179//153 178//153 180//153
f 179//154 177//154 178//154
f 181//155 180//155 182//155
f 181//156 179//156 180//156
f 183//157 182//157 184//157
f 183//158 181//158 182//158
f 185//159 184//159 186//159
f 185//160 183//160 184//160
f 187//161 185//161 186//161
f 187//162 186//162 188//162
f 189//163 187//163 188//163
f 189//164 188//164 190//164
f 191//165 189//165 190//165
f 191//166 190//166 192//166
f 193//167 191//167 192//167
f 193//168 192//168 194//168
f 195//169 193//169 194//169
f 195//170 194//170 196//170
f 197//171 198//171 199//171
f 197//172 199//172 200//172
f 197//173 200//173 201//173
f 197//174 201//174 202//174
f 203//175 195//175 196//175
f 203//176 198//176 197//176
f 203//177 196//177 198//177
f 204//178 203//178 197//178
f 204//179 197//179 205//179
f 206//180 207//180 208//180
f 209//181 206//181 208//181
f 210//182 209//182 208//182
f 211//183 208//183 212//183
f 211//184 210//184 208//184
f 213//185 211//185 212//185
f 214//186 212//186 215//186
f 214//187 213//187 212//187
f 216//188 214//188 215//188
f 217//189 216//189 215//189
f 218//190 217//190 215//190
f 219//191 218//191 215//191
f 220//192 219//192 215//192
f 221//193 215//193 222//193
f 221//194 220//194 215//194
f 223//195 221//195 222//195
f 224//196 223//196 222//196
f 225//197 224//197 222//197
f 226//198 225//198 222//198
f 227//199 222//199 228//199
f 227//200 226//200 222//200
f 229//201 227//201 228//201
f 230//202 229//202 228//202
f 231//203 230//203 228//203
f 232//204 228//204 233//204
f 232//205 231//205 228//205
f 234//206 232//206 233//206
f 235//207 234//207 233//207
f 236//208 235//208 233//208
f 237//209 238//209 239//209
f 237//210 205//210 238//210
f 237//211 204//211 205//211
f 237//212 240//212 241//212
f 237//213 239//213 240//213
f 242//214 236//214 233//214
f 243//215 242//215 233//215
f 244//216 243//216 233//216
f 245//217 244//217 233//217
f 246//218 245//218 233//218
f 247//219 246//219 233//219
f 248//220 249//220 247//220
f 248//221 247//221 233//221
f 250//222 249//222 248//222
f 251//223 250//223 248//223
f 252//224 251//224 248//224
f 253//225 237//225 241//225
f 253//226 241//226 254//226
f 255//227 248//227 256//227
f 257//228 253//228 258//228
f 259//229 256//229 260//229
f 261//230 257//230 262//230
f 263//231 260//231 264//231
f 265//232 261//232 266//232
f 267//233 264//233 268//233
f 269//234 265//234 270//234
f 271//235 272//235 268//235
f 273//236 269//236 274//236
f 275//237 276//237 271//237
f 277//238 273//238 278//238
f 279//239 280//239 275//239
f 281//240 277//240 282//240
f 283//241 284//241 279//241
f 285//242 281//242 286//242
f 287//243 288//243 283//243
f 289//244 285//244 290//244
f 291//245 292//245 287//245
f 293//246 289//246 294//246
f 295//247 296//247 291//247
f 297//248 293//248 298//248
f 297//249 298//249 299//249
f 300//250 301//250 295//250
f 302//251 299//251 303//251
f 302//252 297//252 299//252
f 304//253 305//253 300//253
f 306//254 303//254 307//254
f 306//255 302//255 303//255
f 308//256 305//256 304//256
f 309//257 310//257 308//257
f 309//258 308//258 304//258
f 311//259 307//259 310//259
f 311//260 306//260 307//260
f 312//261 311//261 310//261
f 313//262 309//262 314//262
f 313//263 310//263 309//263
f 313//264 312//264 310//264
f 315//265 314//265 316//265
f 315//266 313//266 314//266
f 317//267 316//267 318//267
f 317//268 315//268 316//268
f 319//269 318//269 320//269
f 319//270 317//270 318//270
f 321//271 320//271 322//271
f 321//272 319//272 320//272
f 323//273 322//273 324//273
f 323//274 321//274 322//274
f 325//275 323//275 324//275
f 325//276 324//276 326//276
f 327//277 325//277 326//277
f 327//278 326//278 328//278
f 329//279 327//279 328//279
f 329//280 328//280 330//280
f 331//281 329//281 330//281
f 331//282 330//282 332//282
f 333//283 331//283 332//283
f 333//284 332//284 334//284
f 335//285 333//285 334//285
f 335//286 334//286 336//286
f 337//287 335//287 336//287
f 337//288 336//288 338//288
f 339//289 337//289 338//289
f 339//290 338//290 340//290
f 341//291 340//291 342//291
f 341//292 339//292 340//292
f 343//293 342//293 344//293
f 343//294 341//294 342//294
f 345//295 344//295 346//295
f 345//296 343//296 344//296
f 347//297 346//297 348//297
f 347//298 345//298 346//298
f 349//299 348//299 350//299
f 349//300 347//300 348//300
f 351//301 350//301 352//301
f 351//302 349//302 350//302
f 353//303 352//303 354//303
f 353//304 351//304 352//304
f 355//305 354//305 356//305
f 355//306 353//306 354//306
f 357//307 356//307 358//307
f 357//308 355//308 356//308
f 359//309 358//309 360//309
f 359//310 357//310 358//310
f 361//311 360//311 362//311
f 361//312 359//312 360//312
f 363//313 362//313 364//313
f 363//314 361//314 362//314
f 365//315 364//315 366//315
f 365//316 363//316 364//316
f 367//317 366//317 368//317
f 367//318 365//318 366//318
f 369//319 368//319 370//319
f 369//320 367//320 368//320
f 371//321 370//321 372//321
f 371//322 369//322 370//322
f 373//323 372//323 374//323
f 373//324 371//324 372//324
f 375//325 373//325 374//325
f 375//326 374//326 376//326
f 377//327 375//327 376//327
f 377//328 376//328 378//328
f 379//329 377//329 378//329
f 379//330 378//330 380//330
f 381//331 379//331 380//331
f 381//332 380//332 382//332
f 383//333 381//333 382//333
f 383//334 382//334 384//334
f 385//335 383//335 384//335
f 385//336 384//336 386//336
f 387//337 385//337 386//337
f 387//338 386//338 388//338
f 389//339 387//339 388//339
f 389//340 388//340 390//340
f 391//341 389//341 390//341
f 391//342 390//342 392//342
f 393//343 391//343 392//343
f 393//344 392//344 394//344
f 395//345 393//345 394//345
f 395//346 394//346 396//346
f 397//347 395//347 396//347
f 397//348 396//348 398//348
f 399//349 397//349 398//349
f 399//350 398//350 400//350
f 401//351 402//351 403//351
f 401//352 403//352 404//352
f 401//353 404//353 405//353
f 401//354 405//354 406//354
f 407//355 399//355 400//355
f 407//356 402//356 401//356
f 407//357 400//357 402//357
f 408//358 407//358 401//358
f 408//359 401//359 409//359
f 35//360 410//360 38//360
f 35//361 409//361 410//361
f 35//362 408//362 409//362
f 90//363 94//363 89//363
f 86//364 90//364 85//364
f 82//365 86//365 81//365
f 78//366 82//366 77//366
f 74//367 78//367 73//367
f 70//368 74//368 69//368
f 66//369 70//369 65//369
f 62//370 66//370 61//370
f 58//371 62//371 57//371
f 54//372 58//372 53//372
f 50//373 54//373 49//373
f 101//374 97//374 96//374
f 97//375 92//375 91//375
f 92//376 88//376 87//376
f 88//377 84//377 83//377
f 84//378 80//378 79//378
f 80//379 76//379 75//379
f 76//380 72//380 71//380
f 72//381 68//381 67//381
f 68//382 63//382 64//382
f 63//383 59//383 60//383
f 59//384 55//384 56//384
f 55//385 51//385 52//385
f 51//386 48//386 45//386
f 294//387 298//387 293//387
f 290//388 294//388 289//388
f 286//389 290//389 285//389
f 282//390 286//390 281//390
f 278//391 282//391 277//391
f 274//392 278//392 273//392
f 270//393 274//393 269//393
f 266//394 270//394 265//394
f 262//395 266//395 261//395
f 258//396 262//396 257//396
f 254//397 258//397 253//397
f 305//398 301//398 300//398
f 301//399 296//399 295//399
f 296//400 292//400 291//400
f 292//401 288//401 287//401
f 288//402 284//402 283//402
f 284//403 280//403 279//403
f 280//404 276//404 275//404
f 276//405 272//405 271//405
f 272//406 267//406 268//406
f 267//407 263//407 264//407
f 263//408 259//408 260//408
f 259//409 255//409 256//409
f 255//410 252//410 248//410
f 411//411 412//411 413//411
f 414//412 212//412 208//412
f 415//413 212//413 414//413
f 411//414 415//414 412//414
f 412//415 415//415 414//415
f 416//416 208//416 207//416
f 416//417 414//417 208//417
f 417//418 207//418 206//418
f 417//419 416//419 207//419
f 418//420 206//420 209//420
f 418//421 417//421 206//421
f 419//422 209//422 210//422
f 419//423 418//423 209//423
f 420//424 210//424 211//424
f 420//425 419//425 210//425
f 421//426 211//426 213//426
f 421//427 420//427 211//427
f 422//428 421//428 213//428
f 422//429 213//429 214//429
f 423//430 422//430 214//430
f 423//431 214//431 216//431
f 424//432 216//432 217//432
f 424//433 423//433 216//433
f 425//434 424//434 217//434
f 425//435 217//435 218//435
f 426//436 218//436 219//436
f 426//437 425//437 218//437
f 427//438 219//438 220//438
f 427//439 426//439 219//439
f 428//440 220//440 221//440
f 428//441 427//441 220//441
f 429//442 221//442 223//442
f 429//443 428//443 221//443
f 430//444 223//444 224//444
f 430//445 429//445 223//445
f 431//446 224//446 225//446
f 431//447 430//447 224//447
f 432//448 225//448 226//448
f 432//449 431//449 225//449
f 433//450 226//450 227//450
f 433//451 432//451 226//451
f 434//452 227//452 229//452
f 434//453 433//453 227//453
f 435//454 229//454 230//454
f 435//455 434//455 229//455
f 436//456 230//456 231//456
f 436//457 435//457 230//457
f 437//458 231//458 232//458
f 437//459 436//459 231//459
f 438//460 232//460 234//460
f 438//461 437//461 232//461
f 439//462 234//462 235//462
f 439//463 438//463 234//463
f 440//464 235//464 236//464
f 440//465 439//465 235//465
f 441//466 236//466 242//466
f 441//467 440//467 236//467
f 442//468 242//468 243//468
f 442//469 441//469 242//469
f 443//470 243//470 244//470
f 443//471 442//471 243//471
f 444//472 244//472 245//472
f 444//473 443//473 244//473
f 445//474 245//474 246//474
f 445//475 444//475 245//475
f 446//476 246//476 247//476
f 446//477 445//477 246//477
f 447//478 446//478 247//478
f 447//479 247//479 249//479
f 448//480 447//480 249//480
f 448//481 249//481 250//481
f 449//482 448//482 250//482
f 449//483 250//483 251//483
f 450//484 449//484 251//484
f 450//485 251//485 252//485
f 233//486 415//486 451//486
f 228//487 415//487 233//487
f 222//488 415//488 228//488
f 215//489 415//489 222//489
f 212//490 415//490 215//490
f 252//491 452//491 450//491
f 255//492 453//492 452//492
f 255//493 452//493 252//493
f 259//494 454//494 453//494
f 259//495 453//495 255//495
f 263//496 454//496 259//496
f 455//497 454//497 263//497
f 267//498 455//498 263//498
f 456//499 455//499 267//499
f 272//500 456//500 267//500
f 457//501 456//501 272//501
f 276//502 457//502 272//502
f 458//503 457//503 276//503
f 280//504 458//504 276//504
f 459//505 458//505 280//505
f 284//506 459//506 280//506
f 460//507 459//507 284//507
f 288//508 460//508 284//508
f 461//509 460//509 288//509
f 292//510 461//510 288//510
f 462//511 461//511 292//511
f 296//512 462//512 292//512
f 463//513 462//513 296//513
f 301//514 463//514 296//514
f 464//515 463//515 301//515
f 305//516 464//516 301//516
f 465//517 464//517 305//517
f 308//518 465//518 305//518
f 304//519 466//519 467//519
f 309//520 304//520 467//520
f 309//521 467//521 468//521
f 300//522 466//522 304//522
f 300//523 469//523 466//523
f 314//524 468//524 470//524
f 314//525 309//525 468//525
f 295//526 469//526 300//526
f 295//527 471//527 469//527
f 316//528 314//528 470//528
f 316//529 470//529 472//529
f 291//530 471//530 295//530
f 291//531 473//531 471//531
f 318//532 316//532 472//532
f 318//533 472//533 474//533
f 287//534 473//534 291//534
f 287//535 475//535 473//535
f 320//536 318//536 474//536
f 320//537 474//537 476//537
f 283//538 475//538 287//538
f 283//539 477//539 475//539
f 322//540 320//540 476//540
f 322//541 476//541 478//541
f 279//542 477//542 283//542
f 279//543 479//543 477//543
f 324//544 322//544 478//544
f 324//545 478//545 480//545
f 275//546 479//546 279//546
f 275//547 481//547 479//547
f 326//548 324//548 480//548
f 326//549 480//549 482//549
f 271//550 481//550 275//550
f 271//551 483//551 481//551
f 328//552 482//552 484//552
f 328//553 326//553 482//553
f 268//554 483//554 271//554
f 268//555 485//555 483//555
f 330//556 328//556 484//556
f 330//557 484//557 486//557
f 264//558 485//558 268//558
f 264//559 487//559 485//559
f 332//560 330//560 486//560
f 332//561 486//561 488//561
f 260//562 487//562 264//562
f 260//563 489//563 487//563
f 334//564 332//564 488//564
f 334//565 488//565 490//565
f 451//566 491//566 492//566
f 256//567 489//567 260//567
f 256//568 493//568 489//568
f 494//569 491//569 451//569
f 336//570 334//570 490//570
f 336//571 490//571 495//571
f 248//572 451//572 492//572
f 248//573 492//573 493//573
f 248//574 493//574 256//574
f 338//575 336//575 495//575
f 338//576 495//576 496//576
f 233//577 451//577 248//577
f 340//578 338//578 496//578
f 340//579 496//579 497//579
f 498//580 499//580 494//580
f 498//581 494//581 451//581
f 500//582 499//582 498//582
f 342//583 340//583 497//583
f 342//584 497//584 501//584
f 344//585 342//585 501//585
f 344//586 501//586 502//586
f 346//587 502//587 503//587
f 346//588 344//588 502//588
f 196//589 498//589 198//589
f 196//590 504//590 500//590
f 196//591 500//591 498//591
f 348//592 346//592 503//592
f 348//593 503//593 505//593
f 194//594 506//594 504//594
f 194//595 504//595 196//595
f 350//596 348//596 505//596
f 350//597 505//597 507//597
f 192//598 506//598 194//598
f 192//599 508//599 506//599
f 352//600 350//600 507//600
f 352//601 507//601 509//601
f 190//602 508//602 192//602
f 190//603 510//603 508//603
f 354//604 509//604 511//604
f 354//605 352//605 509//605
f 188//606 510//606 190//606
f 188//607 512//607 510//607
f 356//608 511//608 513//608
f 356//609 354//609 511//609
f 186//610 512//610 188//610
f 186//611 514//611 512//611
f 358//612 356//612 513//612
f 358//613 513//613 515//613
f 184//614 514//614 186//614
f 184//615 516//615 514//615
f 360//616 515//616 517//616
f 360//617 358//617 515//617
f 182//618 516//618 184//618
f 182//619 518//619 516//619
f 362//620 517//620 519//620
f 362//621 360//621 517//621
f 180//622 520//622 518//622
f 180//623 518//623 182//623
f 364//624 519//624 521//624
f 364//625 362//625 519//625
f 178//626 520//626 180//626
f 522//627 520//627 178//627
f 366//628 364//628 521//628
f 523//629 366//629 521//629
f 176//630 522//630 178//630
f 524//631 522//631 176//631
f 368//632 366//632 523//632
f 525//633 368//633 523//633
f 174//634 524//634 176//634
f 526//635 524//635 174//635
f 370//636 368//636 525//636
f 527//637 370//637 525//637
f 172//638 526//638 174//638
f 528//639 526//639 172//639
f 372//640 370//640 527//640
f 529//641 372//641 527//641
f 170//642 528//642 172//642
f 374//643 372//643 529//643
f 530//644 528//644 170//644
f 168//645 530//645 170//645
f 531//646 374//646 529//646
f 376//647 374//647 531//647
f 532//648 530//648 168//648
f 166//649 532//649 168//649
f 533//650 376//650 531//650
f 378//651 376//651 533//651
f 534//652 532//652 166//652
f 164//653 534//653 166//653
f 535//654 378//654 533//654
f 380//655 378//655 535//655
f 536//656 534//656 164//656
f 162//657 536//657 164//657
f 537//658 380//658 535//658
f 382//659 380//659 537//659
f 538//660 536//660 162//660
f 538//661 162//661 160//661
f 539//662 382//662 537//662
f 539//663 384//663 382//663
f 540//664 160//664 158//664
f 540//665 538//665 160//665
f 541//666 386//666 384//666
f 541//667 384//667 539//667
f 542//668 540//668 158//668
f 542//669 158//669 156//669
f 543//670 386//670 541//670
f 543//671 388//671 386//671
f 544//672 542//672 156//672
f 544//673 156//673 154//673
f 545//674 390//674 388//674
f 545//675 388//675 543//675
f 546//676 544//676 154//676
f 546//677 154//677 152//677
f 547//678 392//678 390//678
f 547//679 390//679 545//679
f 548//680 152//680 150//680
f 548//681 546//681 152//681
f 549//682 394//682 392//682
f 549//683 392//683 547//683
f 550//684 150//684 148//684
f 550//685 548//685 150//685
f 551//686 396//686 394//686
f 551//687 394//687 549//687
f 552//688 148//688 146//688
f 552//689 550//689 148//689
f 553//690 398//690 396//690
f 553//691 396//691 551//691
f 554//692 146//692 144//692
f 554//693 552//693 146//693
f 555//694 400//694 398//694
f 555//695 398//695 553//695
f 556//696 144//696 142//696
f 556//697 554//697 144//697
f 557//698 400//698 555//698
f 558//699 400//699 557//699
f 558//700 402//700 400//700
f 559//701 556//701 142//701
f 559//702 142//702 140//702
f 560//703 558//703 557//703
f 561//704 559//704 140//704
f 561//705 140//705 138//705
f 562//706 558//706 560//706
f 563//707 561//707 138//707
f 563//708 138//708 136//708
f 564//709 45//709 30//709
f 564//710 558//710 562//710
f 565//711 564//711 562//711
f 566//712 563//712 136//712
f 566//713 136//713 134//713
f 567//714 45//714 564//714
f 567//715 564//715 565//715
f 568//716 134//716 132//716
f 568//717 566//717 134//717
f 569//718 52//718 45//718
f 569//719 45//719 567//719
f 570//720 132//720 130//720
f 570//721 568//721 132//721
f 571//722 56//722 52//722
f 571//723 52//723 569//723
f 572//724 130//724 128//724
f 572//725 570//725 130//725
f 573//726 60//726 56//726
f 573//727 56//727 571//727
f 574//728 128//728 126//728
f 574//729 572//729 128//729
f 575//730 64//730 60//730
f 575//731 60//731 573//731
f 576//732 574//732 126//732
f 576//733 126//733 124//733
f 577//734 64//734 575//734
f 577//735 67//735 64//735
f 578//736 576//736 124//736
f 578//737 124//737 122//737
f 579//738 71//738 67//738
f 579//739 67//739 577//739
f 580//740 578//740 122//740
f 580//741 122//741 120//741
f 581//742 75//742 71//742
f 581//743 71//743 579//743
f 582//744 580//744 120//744
f 582//745 120//745 118//745
f 583//746 79//746 75//746
f 583//747 75//747 581//747
f 584//748 582//748 118//748
f 584//749 118//749 116//749
f 585//750 79//750 583//750
f 585//751 83//751 79//751
f 586//752 584//752 116//752
f 586//753 116//753 114//753
f 587//754 83//754 585//754
f 587//755 87//755 83//755
f 588//756 586//756 114//756
f 588//757 114//757 112//757
f 589//758 91//758 87//758
f 589//759 87//759 587//759
f 590//760 588//760 112//760
f 590//761 112//761 110//761
f 591//762 91//762 589//762
f 591//763 96//763 91//763
f 592//764 110//764 105//764
f 592//765 590//765 110//765
f 593//766 100//766 96//766
f 593//767 96//767 591//767
f 594//768 592//768 105//768
f 594//769 105//769 100//769
f 594//770 100//770 593//770
f 465//771 310//771 595//771
f 308//772 310//772 465//772
f 596//773 403//773 402//773
f 596//774 404//774 403//774
f 596//775 405//775 404//775
f 596//776 406//776 405//776
f 596//777 402//777 558//777
f 597//778 254//778 413//778
f 597//779 258//779 254//779
f 598//780 262//780 258//780
f 598//781 258//781 597//781
f 599//782 266//782 262//782
f 599//783 262//783 598//783
f 600//784 270//784 266//784
f 600//785 266//785 599//785
f 601//786 274//786 270//786
f 601//787 270//787 600//787
f 602//788 278//788 274//788
f 602//789 274//789 601//789
f 603//790 282//790 278//790
f 603//791 278//791 602//791
f 604//792 286//792 282//792
f 604//793 282//793 603//793
f 605//794 290//794 286//794
f 605//795 286//795 604//795
f 606//796 294//796 290//796
f 606//797 290//797 605//797
f 607//798 298//798 294//798
f 607//799 294//799 606//799
f 608//800 299//800 298//800
f 608//801 298//801 607//801
f 609//802 303//802 299//802
f 609//803 299//803 608//803
f 610//804 307//804 303//804
f 610//805 303//805 609//805
f 611//806 310//806 307//806
f 611//807 307//807 610//807
f 595//808 310//808 611//808
f 406//809 596//809 401//809
f 401//810 596//810 612//810
f 613//811 239//811 614//811
f 613//812 240//812 239//812
f 615//813 241//813 240//813
f 615//814 240//814 613//814
f 413//815 254//815 241//815
f 413//816 241//816 615//816
f 612//817 410//817 409//817
f 612//818 409//818 401//818
f 616//819 38//819 410//819
f 616//820 410//820 612//820
f 238//821 617//821 614//821
f 238//822 614//822 239//822
f 205//823 617//823 238//823
f 197//824 617//824 205//824
f 202//825 618//825 197//825
f 197//826 618//826 617//826
f 619//827 311//827 312//827
f 620//828 311//828 619//828
f 621//829 619//829 312//829
f 621//830 312//830 313//830
f 621//831 313//831 315//831
f 622//832 311//832 620//832
f 622//833 306//833 311//833
f 623//834 621//834 315//834
f 624//835 302//835 306//835
f 624//836 306//836 622//836
f 625//837 315//837 317//837
f 625//838 623//838 315//838
f 626//839 297//839 302//839
f 626//840 302//840 624//840
f 627//841 625//841 317//841
f 627//842 317//842 319//842
f 628//843 293//843 297//843
f 628//844 297//844 626//844
f 629//845 627//845 319//845
f 629//846 319//846 321//846
f 630//847 293//847 628//847
f 630//848 289//848 293//848
f 631//849 321//849 323//849
f 631//850 629//850 321//850
f 632//851 289//851 630//851
f 632//852 281//852 285//852
f 632//853 285//853 289//853
f 633//854 323//854 325//854
f 633//855 631//855 323//855
f 634//856 281//856 632//856
f 635//857 325//857 327//857
f 635//858 633//858 325//858
f 636//859 281//859 634//859
f 636//860 277//860 281//860
f 637//861 635//861 327//861
f 637//862 327//862 329//862
f 638//863 277//863 636//863
f 638//864 273//864 277//864
f 639//865 329//865 331//865
f 639//866 637//866 329//866
f 640//867 273//867 638//867
f 640//868 269//868 273//868
f 641//869 639//869 331//869
f 641//870 331//870 333//870
f 642//871 269//871 640//871
f 642//872 265//872 269//872
f 643//873 641//873 333//873
f 643//874 333//874 335//874
f 644//875 265//875 642//875
f 644//876 261//876 265//876
f 645//877 643//877 335//877
f 645//878 335//878 337//878
f 645//879 337//879 339//879
f 646//880 261//880 644//880
f 646//881 257//881 261//881
f 647//882 645//882 339//882
f 648//883 257//883 646//883
f 648//884 253//884 257//884
f 649//885 647//885 339//885
f 649//886 339//886 341//886
f 650//887 253//887 648//887
f 650//888 237//888 253//888
f 651//889 341//889 343//889
f 651//890 649//890 341//890
f 652//891 237//891 650//891
f 652//892 204//892 237//892
f 653//893 651//893 343//893
f 653//894 343//894 345//894
f 654//895 204//895 652//895
f 654//896 203//896 204//896
f 655//897 653//897 345//897
f 655//898 345//898 347//898
f 656//899 195//899 203//899
f 656//900 203//900 654//900
f 657//901 655//901 347//901
f 657//902 347//902 349//902
f 658//903 195//903 656//903
f 658//904 193//904 195//904
f 659//905 657//905 349//905
f 659//906 349//906 351//906
f 660//907 191//907 193//907
f 660//908 193//908 658//908
f 661//909 659//909 351//909
f 661//910 351//910 353//910
f 662//911 189//911 191//911
f 662//912 191//912 660//912
f 663//913 353//913 355//913
f 663//914 661//914 353//914
f 664//915 185//915 187//915
f 664//916 187//916 189//916
f 664//917 189//917 662//917
f 665//918 355//918 357//918
f 665//919 663//919 355//919
f 666//920 185//920 664//920
f 667//921 357//921 359//921
f 667//922 665//922 357//922
f 668//923 183//923 185//923
f 668//924 185//924 666//924
f 669//925 359//925 361//925
f 669//926 361//926 363//926
f 669//927 667//927 359//927
f 670//928 183//928 668//928
f 670//929 181//929 183//929
f 671//930 669//930 363//930
f 672//931 179//931 181//931
f 672//932 181//932 670//932
f 673//933 363//933 365//933
f 673//934 671//934 363//934
f 674//935 673//935 365//935
f 674//936 365//936 367//936
f 675//937 367//937 369//937
f 675//938 674//938 367//938
f 676//939 369//939 371//939
f 676//940 675//940 369//940
f 677//941 371//941 373//941
f 677//942 676//942 371//942
f 375//943 677//943 373//943
f 375//944 678//944 677//944
f 377//945 678//945 375//945
f 377//946 679//946 678//946
f 377//947 680//947 679//947
f 379//948 681//948 680//948
f 379//949 680//949 377//949
f 381//950 681//950 379//950
f 682//951 683//951 684//951
f 682//952 685//952 683//952
f 686//953 684//953 683//953
f 686//954 683//954 687//954
f 688//955 685//955 682//955
f 688//956 689//956 685//956
f 688//957 690//957 689//957
f 691//958 686//958 687//958
f 691//959 687//959 692//959
f 693//960 690//960 688//960
f 694//961 691//961 692//961
f 694//962 695//962 696//962
f 694//963 692//963 695//963
f 697//964 690//964 693//964
f 697//965 698//965 690//965
f 699//966 694//966 696//966
f 700//967 698//967 697//967
f 700//968 672//968 698//968
f 700//969 179//969 672//969
f 701//970 696//970 702//970
f 701//971 699//971 696//971
f 703//972 179//972 700//972
f 703//973 177//973 179//973
f 704//974 701//974 702//974
f 704//975 705//975 706//975
f 704//976 702//976 705//976
f 707//977 177//977 703//977
f 707//978 175//978 177//978
f 708//979 704//979 706//979
f 709//980 173//980 175//980
f 709//981 175//981 707//981
f 710//982 708//982 706//982
f 710//983 706//983 711//983
f 712//984 171//984 173//984
f 712//985 173//985 709//985
f 713//986 710//986 711//986
f 713//987 714//987 715//987
f 713//988 711//988 714//988
f 716//989 171//989 712//989
f 717//990 713//990 715//990
f 718//991 169//991 171//991
f 718//992 171//992 716//992
f 383//993 719//993 681//993
f 383//994 681//994 381//994
f 720//995 721//995 722//995
f 720//996 715//996 721//996
f 720//997 717//997 715//997
f 723//998 167//998 169//998
f 723//999 169//999 718//999
f 724//1000 722//1000 725//1000
f 724//1001 720//1001 722//1001
f 726//1002 167//1002 723//1002
f 727//1003 724//1003 725//1003
f 727//1004 725//1004 728//1004
f 729//1005 165//1005 167//1005
f 729//1006 167//1006 726//1006
f 730//1007 727//1007 728//1007
f 730//1008 728//1008 731//1008
f 732//1009 165//1009 729//1009
f 732//1010 163//1010 165//1010
f 733//1011 730//1011 731//1011
f 734//1012 163//1012 732//1012
f 735//1013 733//1013 731//1013
f 735//1014 731//1014 736//1014
f 737//1015 163//1015 734//1015
f 737//1016 161//1016 163//1016
f 385//1017 719//1017 383//1017
f 385//1018 738//1018 719//1018
f 739//1019 735//1019 736//1019
f 739//1020 740//1020 741//1020
f 739//1021 736//1021 740//1021
f 742//1022 161//1022 737//1022
f 743//1023 739//1023 741//1023
f 744//1024 159//1024 161//1024
f 744//1025 161//1025 742//1025
f 745//1026 743//1026 741//1026
f 745//1027 746//1027 747//1027
f 745//1028 741//1028 746//1028
f 748//1029 159//1029 744//1029
f 749//1030 747//1030 750//1030
f 749//1031 745//1031 747//1031
f 751//1032 157//1032 159//1032
f 751//1033 159//1033 748//1033
f 752//1034 749//1034 750//1034
f 387//1035 738//1035 385//1035
f 387//1036 753//1036 738//1036
f 387//1037 754//1037 753//1037
f 755//1038 157//1038 751//1038
f 756//1039 750//1039 757//1039
f 756//1040 752//1040 750//1040
f 758//1041 157//1041 755//1041
f 759//1042 757//1042 760//1042
f 759//1043 756//1043 757//1043
f 155//1044 157//1044 758//1044
f 761//1045 155//1045 758//1045
f 762//1046 760//1046 763//1046
f 762//1047 759//1047 760//1047
f 764//1048 155//1048 761//1048
f 765//1049 762//1049 763//1049
f 765//1050 766//1050 767//1050
f 765//1051 763//1051 766//1051
f 389//1052 754//1052 387//1052
f 768//1053 765//1053 767//1053
f 768//1054 767//1054 769//1054
f 153//1055 770//1055 771//1055
f 153//1056 764//1056 770//1056
f 153//1057 155//1057 764//1057
f 772//1058 768//1058 769//1058
f 773//1059 153//1059 771//1059
f 774//1060 775//1060 776//1060
f 774//1061 769//1061 775//1061
f 774//1062 772//1062 769//1062
f 391//1063 777//1063 754//1063
f 391//1064 754//1064 389//1064
f 778//1065 774//1065 776//1065
f 779//1066 776//1066 780//1066
f 779//1067 778//1067 776//1067
f 151//1068 773//1068 781//1068
f 151//1069 153//1069 773//1069
f 151//1070 781//1070 782//1070
f 783//1071 780//1071 784//1071
f 783//1072 779//1072 780//1072
f 785//1073 786//1073 787//1073
f 785//1074 784//1074 786//1074
f 785//1075 783//1075 784//1075
f 393//1076 788//1076 777//1076
f 393//1077 789//1077 788//1077
f 393//1078 777//1078 391//1078
f 790//1079 787//1079 791//1079
f 790//1080 785//1080 787//1080
f 149//1081 151//1081 782//1081
f 149//1082 792//1082 793//1082
f 149//1083 794//1083 792//1083
f 149//1084 782//1084 794//1084
f 795//1085 790//1085 791//1085
f 796//1086 795//1086 791//1086
f 796//1087 797//1087 798//1087
f 796//1088 791//1088 797//1088
f 395//1089 789//1089 393//1089
f 799//1090 796//1090 798//1090
f 147//1091 149//1091 793//1091
f 147//1092 800//1092 801//1092
f 147//1093 802//1093 800//1093
f 147//1094 793//1094 802//1094
f 397//1095 803//1095 789//1095
f 397//1096 804//1096 803//1096
f 397//1097 789//1097 395//1097
f 145//1098 147//1098 801//1098
f 145//1099 805//1099 806//1099
f 145//1100 801//1100 805//1100
f 399//1101 804//1101 397//1101
f 143//1102 145//1102 806//1102
f 143//1103 807//1103 808//1103
f 143//1104 809//1104 807//1104
f 143//1105 806//1105 809//1105
f 407//1106 810//1106 804//1106
f 407//1107 811//1107 810//1107
f 407//1108 804//1108 399//1108
f 141//1109 143//1109 808//1109
f 141//1110 812//1110 813//1110
f 141//1111 814//1111 812//1111
f 141//1112 808//1112 814//1112
f 408//1113 811//1113 407//1113
f 139//1114 141//1114 813//1114
f 139//1115 815//1115 816//1115
f 139//1116 817//1116 815//1116
f 139//1117 813//1117 817//1117
f 35//1118 811//1118 408//1118
f 35//1119 818//1119 819//1119
f 35//1120 819//1120 811//1120
f 137//1121 139//1121 816//1121
f 137//1122 820//1122 821//1122
f 137//1123 822//1123 820//1123
f 137//1124 823//1124 822//1124
f 137//1125 816//1125 823//1125
f 49//1126 818//1126 35//1126
f 49//1127 824//1127 818//1127
f 135//1128 137//1128 821//1128
f 135//1129 825//1129 826//1129
f 135//1130 827//1130 825//1130
f 135//1131 821//1131 827//1131
f 53//1132 828//1132 824//1132
f 53//1133 824//1133 49//1133
f 133//1134 135//1134 826//1134
f 133//1135 829//1135 830//1135
f 133//1136 831//1136 829//1136
f 133//1137 826//1137 831//1137
f 57//1138 828//1138 53//1138
f 131//1139 133//1139 830//1139
f 131//1140 832//1140 833//1140
f 131//1141 830//1141 832//1141
f 61//1142 834//1142 828//1142
f 61//1143 828//1143 57//1143
f 129//1144 835//1144 836//1144
f 129//1145 837//1145 835//1145
f 129//1146 833//1146 837//1146
f 129//1147 131//1147 833//1147
f 65//1148 838//1148 834//1148
f 65//1149 839//1149 838//1149
f 65//1150 834//1150 61//1150
f 127//1151 129//1151 836//1151
f 127//1152 840//1152 841//1152
f 127//1153 842//1153 840//1153
f 127//1154 836//1154 842//1154
f 69//1155 843//1155 839//1155
f 69//1156 839//1156 65//1156
f 125//1157 127//1157 841//1157
f 125//1158 844//1158 845//1158
f 125//1159 841//1159 844//1159
f 73//1160 843//1160 69//1160
f 123//1161 125//1161 845//1161
f 123//1162 846//1162 847//1162
f 123//1163 848//1163 846//1163
f 123//1164 845//1164 848//1164
f 77//1165 849//1165 843//1165
f 77//1166 850//1166 849//1166
f 77//1167 843//1167 73//1167
f 121//1168 123//1168 847//1168
f 121//1169 851//1169 852//1169
f 121//1170 847//1170 851//1170
f 81//1171 850//1171 77//1171
f 119//1172 121//1172 852//1172
f 119//1173 853//1173 854//1173
f 119//1174 852//1174 853//1174
f 85//1175 855//1175 850//1175
f 85//1176 850//1176 81//1176
f 117//1177 119//1177 854//1177
f 117//1178 856//1178 857//1178
f 117//1179 854//1179 856//1179
f 89//1180 798//1180 855//1180
f 89//1181 858//1181 799//1181
f 89//1182 855//1182 85//1182
f 89//1183 799//1183 798//1183
f 115//1184 859//1184 860//1184
f 115//1185 857//1185 859//1185
f 115//1186 117//1186 857//1186
f 93//1187 861//1187 858//1187
f 93//1188 858//1188 89//1188
f 113//1189 115//1189 860//1189
f 113//1190 860//1190 862//1190
f 113//1191 862//1191 863//1191
f 98//1192 861//1192 93//1192
f 98//1193 864//1193 861//1193
f 111//1194 113//1194 863//1194
f 111//1195 863//1195 865//1195
f 102//1196 866//1196 864//1196
f 102//1197 864//1197 98//1197
f 109//1198 111//1198 865//1198
f 109//1199 867//1199 868//1199
f 109//1200 865//1200 867//1200
f 107//1201 866//1201 102//1201
f 107//1202 869//1202 866//1202
f 107//1203 870//1203 869//1203
f 108//1204 870//1204 107//1204
f 108//1205 109//1205 868//1205
f 108//1206 868//1206 870//1206
f 618//1207 199//1207 198//1207
f 618//1208 200//1208 199//1208
f 618//1209 201//1209 200//1209
f 618//1210 202//1210 201//1210
f 618//1211 198//1211 498//1211
f 871//1212 38//1212 616//1212
f 872//1213 36//1213 871//1213
f 871//1214 36//1214 38//1214
f 873//1215 37//1215 872//1215
f 872//1216 37//1216 36//1216
f 873//1217 50//1217 37//1217
f 30//1218 874//1218 564//1218
f 26//1219 874//1219 30//1219
f 20//1220 874//1220 26//1220
f 12//1221 874//1221 20//1221
f 9//1222 874//1222 12//1222
f 875//1223 50//1223 873//1223
f 876//1224 54//1224 875//1224
f 875//1225 54//1225 50//1225
f 877//1226 58//1226 876//1226
f 876//1227 58//1227 54//1227
f 878//1228 62//1228 877//1228
f 877//1229 62//1229 58//1229
f 879//1230 66//1230 878//1230
f 878//1231 66//1231 62//1231
f 880//1232 70//1232 879//1232
f 879//1233 70//1233 66//1233
f 881//1234 74//1234 880//1234
f 880//1235 74//1235 70//1235
f 882//1236 78//1236 881//1236
f 881//1237 78//1237 74//1237
f 883//1238 82//1238 882//1238
f 882//1239 82//1239 78//1239
f 884//1240 86//1240 883//1240
f 883//1241 86//1241 82//1241
f 885//1242 90//1242 884//1242
f 884//1243 90//1243 86//1243
f 886//1244 94//1244 885//1244
f 885//1245 94//1245 90//1245
f 887//1246 95//1246 886//1246
f 886//1247 95//1247 94//1247
f 888//1248 99//1248 887//1248
f 887//1249 99//1249 95//1249
f 889//1250 103//1250 888//1250
f 888//1251 103//1251 99//1251
f 890//1252 106//1252 889//1252
f 889//1253 106//1253 103//1253
f 891//1254 892//1254 873//1254
f 893//1255 9//1255 3//1255
f 874//1256 9//1256 893//1256
f 891//1257 874//1257 893//1257
f 891//1258 893//1258 892//1258
f 106//1259 894//1259 104//1259
f 890//1260 894//1260 106//1260
f 47//1261 895//1261 896//1261
f 47//1262 48//1262 895//1262
f 46//1263 896//1263 897//1263
f 46//1264 47//1264 896//1264
f 44//1265 897//1265 898//1265
f 44//1266 46//1266 897//1266
f 43//1267 898//1267 899//1267
f 43//1268 44//1268 898//1268
f 42//1269 899//1269 900//1269
f 42//1270 43//1270 899//1270
f 41//1271 900//1271 901//1271
f 41//1272 42//1272 900//1272
f 40//1273 901//1273 902//1273
f 40//1274 41//1274 901//1274
f 39//1275 902//1275 903//1275
f 39//1276 40//1276 902//1276
f 34//1277 903//1277 904//1277
f 34//1278 39//1278 903//1278
f 33//1279 904//1279 905//1279
f 33//1280 34//1280 904//1280
f 32//1281 905//1281 906//1281
f 32//1282 33//1282 905//1282
f 31//1283 906//1283 907//1283
f 31//1284 32//1284 906//1284
f 29//1285 907//1285 908//1285
f 29//1286 31//1286 907//1286
f 28//1287 908//1287 909//1287
f 28//1288 29//1288 908//1288
f 27//1289 909//1289 910//1289
f 27//1290 28//1290 909//1290
f 25//1291 910//1291 911//1291
f 25//1292 27//1292 910//1292
f 24//1293 911//1293 912//1293
f 24//1294 25//1294 911//1294
f 23//1295 912//1295 913//1295
f 23//1296 24//1296 912//1296
f 22//1297 913//1297 914//1297
f 22//1298 23//1298 913//1298
f 21//1299 914//1299 915//1299
f 21//1300 22//1300 914//1300
f 19//1301 915//1301 916//1301
f 19//1302 21//1302 915//1302
f 18//1303 916//1303 917//1303
f 18//1304 19//1304 916//1304
f 17//1305 917//1305 918//1305
f 17//1306 18//1306 917//1306
f 16//1307 918//1307 919//1307
f 16//1308 17//1308 918//1308
f 15//1309 919//1309 920//1309
f 15//1310 16//1310 919//1310
f 14//1311 920//1311 921//1311
f 14//1312 15//1312 920//1312
f 13//1313 921//1313 922//1313
f 13//1314 14//1314 921//1314
f 11//1315 922//1315 923//1315
f 11//1316 13//1316 922//1316
f 10//1317 923//1317 924//1317
f 10//1318 11//1318 923//1318
f 8//1319 924//1319 925//1319
f 8//1320 10//1320 924//1320
f 7//1321 8//1321 925//1321
f 7//1322 925//1322 926//1322
f 6//1323 7//1323 926//1323
f 6//1324 926//1324 927//1324
f 5//1325 6//1325 927//1325
f 5//1326 927//1326 928//1326
f 4//1327 5//1327 928//1327
f 4//1328 928//1328 929//1328
f 1//1329 4//1329 929//1329
f 1//1330 929//1330 930//1330
f 2//1331 1//1331 930//1331
f 2//1332 930//1332 931//1332
f 3//1333 2//1333 931//1333
f 3//1334 931//1334 893//1334
f 51//1335 932//1335 48//1335
f 48//1336 932//1336 895//1336
f 55//1337 933//1337 51//1337
f 51//1338 933//1338 932//1338
f 59//1339 934//1339 55//1339
f 55//1340 934//1340 933//1340
f 63//1341 935//1341 59//1341
f 59//1342 935//1342 934//1342
f 68//1343 936//1343 63//1343
f 63//1344 936//1344 935//1344
f 72//1345 937//1345 68//1345
f 68//1346 937//1346 936//1346
f 76//1347 938//1347 72//1347
f 72//1348 938//1348 937//1348
f 80//1349 939//1349 76//1349
f 76//1350 939//1350 938//1350
f 84//1351 940//1351 80//1351
f 80//1352 940//1352 939//1352
f 88//1353 941//1353 84//1353
f 84//1354 941//1354 940//1354
f 92//1355 942//1355 88//1355
f 88//1356 942//1356 941//1356
f 97//1357 943//1357 92//1357
f 92//1358 943//1358 942//1358
f 101//1359 944//1359 97//1359
f 97//1360 944//1360 943//1360
f 104//1361 894//1361 101//1361
f 101//1362 894//1362 944//1362
f 412//1363 414//1363 416//1363
f 412//1364 416//1364 417//1364
f 412//1365 417//1365 418//1365
f 412//1366 418//1366 419//1366
f 412//1367 419//1367 420//1367
f 412//1368 420//1368 421//1368
f 412//1369 421//1369 422//1369
f 412//1370 422//1370 423//1370
f 412//1371 423//1371 424//1371
f 412//1372 424//1372 425//1372
f 412//1373 425//1373 426//1373
f 412//1374 426//1374 427//1374
f 412//1375 427//1375 428//1375
f 429//1376 412//1376 428//1376
f 430//1377 412//1377 429//1377
f 431//1378 412//1378 430//1378
f 432//1379 412//1379 431//1379
f 433//1380 412//1380 432//1380
f 434//1381 412//1381 433//1381
f 435//1382 412//1382 434//1382
f 436//1383 412//1383 435//1383
f 437//1384 412//1384 436//1384
f 438//1385 412//1385 437//1385
f 413//1386 412//1386 438//1386
f 413//1387 438//1387 439//1387
f 597//1388 413//1388 439//1388
f 597//1389 439//1389 440//1389
f 597//1390 440//1390 441//1390
f 597//1391 441//1391 442//1391
f 597//1392 442//1392 443//1392
f 597//1393 443//1393 444//1393
f 597//1394 444//1394 445//1394
f 597//1395 445//1395 446//1395
f 597//1396 446//1396 447//1396
f 597//1397 447//1397 448//1397
f 597//1398 448//1398 449//1398
f 597//1399 449//1399 450//1399
f 598//1400 450//1400 452//1400
f 598//1401 597//1401 450//1401
f 599//1402 452//1402 453//1402
f 599//1403 598//1403 452//1403
f 600//1404 453//1404 454//1404
f 600//1405 599//1405 453//1405
f 601//1406 454//1406 455//1406
f 601//1407 600//1407 454//1407
f 602//1408 455//1408 456//1408
f 602//1409 601//1409 455//1409
f 603//1410 456//1410 457//1410
f 603//1411 602//1411 456//1411
f 604//1412 457//1412 458//1412
f 604//1413 603//1413 457//1413
f 605//1414 458//1414 459//1414
f 605//1415 604//1415 458//1415
f 606//1416 459//1416 460//1416
f 606//1417 605//1417 459//1417
f 607//1418 460//1418 461//1418
f 607//1419 606//1419 460//1419
f 608//1420 461//1420 462//1420
f 608//1421 607//1421 461//1421
f 609//1422 462//1422 463//1422
f 609//1423 608//1423 462//1423
f 610//1424 463//1424 464//1424
f 610//1425 609//1425 463//1425
f 611//1426 464//1426 465//1426
f 611//1427 610//1427 464//1427
f 595//1428 611//1428 465//1428
f 617//1429 945//1429 614//1429
f 614//1430 945//1430 411//1430
f 618//1431 415//1431 945//1431
f 617//1432 618//1432 945//1432
f 415//1433 411//1433 945//1433
f 615//1434 411//1434 413//1434
f 614//1435 411//1435 613//1435
f 613//1436 411//1436 615//1436
f 415//1437 618//1437 498//1437
f 415//1438 498//1438 451//1438
f 564//1439 596//1439 558//1439
f 874//1440 596//1440 564//1440
f 946//1441 947//1441 562//1441
f 562//1442 947//1442 565//1442
f 565//1443 948//1443 567//1443
f 567//1444 948//1444 569//1444
f 947//1445 948//1445 565//1445
f 948//1446 949//1446 569//1446
f 569//1447 950//1447 571//1447
f 571//1448 950//1448 573//1448
f 949//1449 950//1449 569//1449
f 573//1450 951//1450 575//1450
f 950//1451 951//1451 573//1451
f 951//1452 952//1452 575//1452
f 575//1453 953//1453 577//1453
f 952//1454 953//1454 575//1454
f 577//1455 954//1455 579//1455
f 579//1456 954//1456 581//1456
f 953//1457 954//1457 577//1457
f 954//1458 955//1458 581//1458
f 581//1459 956//1459 583//1459
f 955//1460 956//1460 581//1460
f 956//1461 957//1461 583//1461
f 583//1462 957//1462 585//1462
f 957//1463 958//1463 585//1463
f 585//1464 958//1464 587//1464
f 958//1465 959//1465 587//1465
f 587//1466 959//1466 589//1466
f 959//1467 960//1467 589//1467
f 589//1468 960//1468 591//1468
f 591//1469 961//1469 593//1469
f 960//1470 961//1470 591//1470
f 593//1471 962//1471 594//1471
f 961//1472 962//1472 593//1472
f 594//1473 963//1473 592//1473
f 962//1474 963//1474 594//1474
f 592//1475 964//1475 590//1475
f 963//1476 964//1476 592//1476
f 590//1477 965//1477 588//1477
f 964//1478 965//1478 590//1478
f 588//1479 966//1479 586//1479
f 586//1480 966//1480 584//1480
f 965//1481 966//1481 588//1481
f 966//1482 967//1482 584//1482
f 584//1483 968//1483 582//1483
f 582//1484 968//1484 580//1484
f 967//1485 968//1485 584//1485
f 968//1486 969//1486 580//1486
f 580//1487 970//1487 578//1487
f 578//1488 970//1488 576//1488
f 969//1489 970//1489 580//1489
f 970//1490 971//1490 576//1490
f 576//1491 972//1491 574//1491
f 971//1492 972//1492 576//1492
f 574//1493 973//1493 572//1493
f 572//1494 973//1494 570//1494
f 972//1495 973//1495 574//1495
f 570//1496 974//1496 568//1496
f 973//1497 974//1497 570//1497
f 974//1498 975//1498 568//1498
f 568//1499 976//1499 566//1499
f 566//1500 976//1500 563//1500
f 975//1501 976//1501 568//1501
f 976//1502 977//1502 563//1502
f 563//1503 978//1503 561//1503
f 561//1504 978//1504 559//1504
f 977//1505 978//1505 563//1505
f 978//1506 979//1506 559//1506
f 559//1507 980//1507 556//1507
f 556//1508 980//1508 554//1508
f 979//1509 980//1509 559//1509
f 980//1510 981//1510 554//1510
f 981//1511 982//1511 554//1511
f 554//1512 982//1512 552//1512
f 552//1513 983//1513 550//1513
f 982//1514 983//1514 552//1514
f 983//1515 984//1515 550//1515
f 550//1516 984//1516 548//1516
f 984//1517 985//1517 548//1517
f 548//1518 985//1518 546//1518
f 985//1519 986//1519 546//1519
f 546//1520 986//1520 544//1520
f 544//1521 986//1521 542//1521
f 986//1522 987//1522 542//1522
f 987//1523 988//1523 542//1523
f 542//1524 988//1524 540//1524
f 988//1525 989//1525 540//1525
f 540//1526 989//1526 538//1526
f 989//1527 990//1527 538//1527
f 538//1528 990//1528 536//1528
f 990//1529 991//1529 536//1529
f 536//1530 991//1530 534//1530
f 991//1531 992//1531 534//1531
f 534//1532 992//1532 532//1532
f 992//1533 993//1533 532//1533
f 532//1534 993//1534 530//1534
f 993//1535 994//1535 530//1535
f 530//1536 994//1536 528//1536
f 994//1537 995//1537 528//1537
f 528//1538 995//1538 526//1538
f 526//1539 996//1539 524//1539
f 995//1540 996//1540 526//1540
f 524//1541 997//1541 522//1541
f 996//1542 997//1542 524//1542
f 522//1543 998//1543 520//1543
f 997//1544 998//1544 522//1544
f 520//1545 999//1545 518//1545
f 998//1546 999//1546 520//1546
f 518//1547 1000//1547 516//1547
f 999//1548 1000//1548 518//1548
f 516//1549 1001//1549 514//1549
f 1000//1550 1001//1550 516//1550
f 514//1551 1002//1551 512//1551
f 1001//1552 1002//1552 514//1552
f 512//1553 1003//1553 510//1553
f 1002//1554 1003//1554 512//1554
f 510//1555 1004//1555 508//1555
f 1003//1556 1004//1556 510//1556
f 508//1557 1005//1557 506//1557
f 1004//1558 1005//1558 508//1558
f 506//1559 1006//1559 504//1559
f 1005//1560 1006//1560 506//1560
f 504//1561 1007//1561 500//1561
f 1006//1562 1007//1562 504//1562
f 1007//1563 1008//1563 500//1563
f 500//1564 1008//1564 499//1564
f 1008//1565 1009//1565 499//1565
f 499//1566 1009//1566 494//1566
f 1009//1567 1010//1567 494//1567
f 494//1568 1010//1568 491//1568
f 1010//1569 1011//1569 491//1569
f 491//1570 1011//1570 492//1570
f 1011//1571 1012//1571 492//1571
f 492//1572 1012//1572 493//1572
f 1012//1573 1013//1573 493//1573
f 493//1574 1013//1574 489//1574
f 1013//1575 1014//1575 489//1575
f 489//1576 1014//1576 487//1576
f 1014//1577 1015//1577 487//1577
f 487//1578 1015//1578 485//1578
f 1015//1579 1016//1579 485//1579
f 485//1580 1016//1580 483//1580
f 1016//1581 1017//1581 483//1581
f 483//1582 1017//1582 481//1582
f 1017//1583 1018//1583 481//1583
f 481//1584 1018//1584 479//1584
f 1018//1585 1019//1585 479//1585
f 479//1586 1019//1586 477//1586
f 1019//1587 1020//1587 477//1587
f 477//1588 1020//1588 475//1588
f 1020//1589 1021//1589 475//1589
f 475//1590 1021//1590 473//1590
f 1021//1591 1022//1591 473//1591
f 473//1592 1022//1592 471//1592
f 1022//1593 1023//1593 471//1593
f 471//1594 1023//1594 469//1594
f 1023//1595 1024//1595 469//1595
f 469//1596 1024//1596 466//1596
f 1024//1597 1025//1597 466//1597
f 466//1598 1025//1598 467//1598
f 1025//1599 1026//1599 467//1599
f 467//1600 1026//1600 468//1600
f 1026//1601 1027//1601 468//1601
f 468//1602 1027//1602 470//1602
f 1027//1603 1028//1603 470//1603
f 470//1604 1028//1604 472//1604
f 472//1605 1029//1605 474//1605
f 1028//1606 1029//1606 472//1606
f 474//1607 1030//1607 476//1607
f 1029//1608 1030//1608 474//1608
f 476//1609 1031//1609 478//1609
f 1030//1610 1031//1610 476//1610
f 478//1611 1032//1611 480//1611
f 1031//1612 1032//1612 478//1612
f 480//1613 1033//1613 482//1613
f 1032//1614 1033//1614 480//1614
f 1033//1615 1034//1615 482//1615
f 482//1616 1034//1616 484//1616
f 1034//1617 1035//1617 484//1617
f 484//1618 1035//1618 486//1618
f 1035//1619 1036//1619 486//1619
f 486//1620 1036//1620 488//1620
f 1036//1621 1037//1621 488//1621
f 488//1622 1037//1622 490//1622
f 1037//1623 1038//1623 490//1623
f 490//1624 1038//1624 495//1624
f 1038//1625 1039//1625 495//1625
f 495//1626 1039//1626 496//1626
f 496//1627 1039//1627 497//1627
f 1039//1628 1040//1628 497//1628
f 1040//1629 1041//1629 497//1629
f 497//1630 1041//1630 501//1630
f 1041//1631 1042//1631 501//1631
f 501//1632 1042//1632 502//1632
f 1042//1633 1043//1633 502//1633
f 502//1634 1043//1634 503//1634
f 1043//1635 1044//1635 503//1635
f 503//1636 1044//1636 505//1636
f 507//1637 1045//1637 509//1637
f 1044//1638 1045//1638 505//1638
f 505//1639 1045//1639 507//1639
f 1045//1640 1046//1640 509//1640
f 509//1641 1047//1641 511//1641
f 1046//1642 1047//1642 509//1642
f 511//1643 1048//1643 513//1643
f 1047//1644 1048//1644 511//1644
f 513//1645 1049//1645 515//1645
f 515//1646 1049//1646 517//1646
f 1048//1647 1049//1647 513//1647
f 1049//1648 1050//1648 517//1648
f 517//1649 1051//1649 519//1649
f 1050//1650 1051//1650 517//1650
f 519//1651 1052//1651 521//1651
f 1051//1652 1052//1652 519//1652
f 521//1653 1053//1653 523//1653
f 523//1654 1053//1654 525//1654
f 1052//1655 1053//1655 521//1655
f 1053//1656 1054//1656 525//1656
f 525//1657 1055//1657 527//1657
f 527//1658 1055//1658 529//1658
f 1054//1659 1055//1659 525//1659
f 1055//1660 1056//1660 529//1660
f 529//1661 1057//1661 531//1661
f 1056//1662 1057//1662 529//1662
f 1057//1663 1058//1663 531//1663
f 531//1664 1058//1664 533//1664
f 1058//1665 1059//1665 533//1665
f 533//1666 1059//1666 535//1666
f 1059//1667 1060//1667 535//1667
f 535//1668 1060//1668 537//1668
f 1060//1669 1061//1669 537//1669
f 537//1670 1061//1670 539//1670
f 539//1671 1062//1671 541//1671
f 1061//1672 1062//1672 539//1672
f 541//1673 1063//1673 543//1673
f 1062//1674 1063//1674 541//1674
f 543//1675 1064//1675 545//1675
f 1063//1676 1064//1676 543//1676
f 545//1677 1065//1677 547//1677
f 1064//1678 1065//1678 545//1678
f 547//1679 1066//1679 549//1679
f 1065//1680 1066//1680 547//1680
f 549//1681 1067//1681 551//1681
f 1066//1682 1067//1682 549//1682
f 551//1683 1068//1683 553//1683
f 1067//1684 1068//1684 551//1684
f 553//1685 1069//1685 555//1685
f 1068//1686 1069//1686 553//1686
f 555//1687 1070//1687 557//1687
f 1069//1688 1070//1688 555//1688
f 557//1689 1071//1689 560//1689
f 1070//1690 1071//1690 557//1690
f 560//1691 946//1691 562//1691
f 1071//1692 946//1692 560//1692
f 612//1693 1072//1693 616//1693
f 616//1694 1072//1694 891//1694
f 596//1695 874//1695 1072//1695
f 612//1696 596//1696 1072//1696
f 874//1697 891//1697 1072//1697
f 1073//1698 1074//1698 819//1698
f 1073//1699 819//1699 818//1699
f 1075//1700 818//1700 824//1700
f 1075//1701 1073//1701 818//1701
f 1076//1702 824//1702 828//1702
f 1076//1703 1075//1703 824//1703
f 1077//1704 828//1704 834//1704
f 1077//1705 1076//1705 828//1705
f 1078//1706 834//1706 838//1706
f 1078//1707 1077//1707 834//1707
f 1079//1708 838//1708 839//1708
f 1079//1709 839//1709 843//1709
f 1079//1710 1078//1710 838//1710
f 1080//1711 1079//1711 843//1711
f 1081//1712 843//1712 849//1712
f 1081//1713 1080//1713 843//1713
f 1082//1714 849//1714 850//1714
f 1082//1715 1081//1715 849//1715
f 1083//1716 850//1716 855//1716
f 1083//1717 855//1717 798//1717
f 1083//1718 1082//1718 850//1718
f 1084//1719 1083//1719 798//1719
f 1085//1720 1084//1720 798//1720
f 1085//1721 798//1721 797//1721
f 1086//1722 1085//1722 797//1722
f 1086//1723 797//1723 791//1723
f 1087//1724 1086//1724 791//1724
f 1087//1725 791//1725 787//1725
f 1088//1726 787//1726 786//1726
f 1088//1727 1087//1727 787//1727
f 1089//1728 786//1728 784//1728
f 1089//1729 1088//1729 786//1729
f 1090//1730 784//1730 780//1730
f 1090//1731 780//1731 776//1731
f 1090//1732 1089//1732 784//1732
f 1091//1733 1090//1733 776//1733
f 1092//1734 1091//1734 776//1734
f 1092//1735 776//1735 775//1735
f 1093//1736 775//1736 769//1736
f 1093//1737 769//1737 767//1737
f 1093//1738 1092//1738 775//1738
f 1094//1739 767//1739 766//1739
f 1094//1740 1093//1740 767//1740
f 1095//1741 1094//1741 766//1741
f 1096//1742 766//1742 763//1742
f 1096//1743 1095//1743 766//1743
f 1097//1744 763//1744 760//1744
f 1097//1745 1096//1745 763//1745
f 1098//1746 760//1746 757//1746
f 1098//1747 1097//1747 760//1747
f 1099//1748 757//1748 750//1748
f 1099//1749 1098//1749 757//1749
f 1100//1750 750//1750 747//1750
f 1100//1751 1099//1751 750//1751
f 1101//1752 747//1752 746//1752
f 1101//1753 1100//1753 747//1753
f 1102//1754 746//1754 741//1754
f 1102//1755 1101//1755 746//1755
f 1103//1756 741//1756 740//1756
f 1103//1757 1102//1757 741//1757
f 1104//1758 740//1758 736//1758
f 1104//1759 1103//1759 740//1759
f 1105//1760 736//1760 731//1760
f 1105//1761 731//1761 728//1761
f 1105//1762 1104//1762 736//1762
f 1106//1763 1105//1763 728//1763
f 1107//1764 728//1764 725//1764
f 1107//1765 1106//1765 728//1765
f 1108//1766 725//1766 722//1766
f 1108//1767 1107//1767 725//1767
f 1109//1768 722//1768 721//1768
f 1109//1769 1108//1769 722//1769
f 1110//1770 721//1770 715//1770
f 1110//1771 1109//1771 721//1771
f 1111//1772 1110//1772 715//1772
f 1111//1773 715//1773 714//1773
f 1112//1774 1111//1774 714//1774
f 1112//1775 714//1775 711//1775
f 1113//1776 1112//1776 711//1776
f 1113//1777 711//1777 706//1777
f 1114//1778 1113//1778 706//1778
f 1114//1779 706//1779 705//1779
f 1115//1780 1114//1780 705//1780
f 1115//1781 705//1781 702//1781
f 1116//1782 1115//1782 702//1782
f 1116//1783 702//1783 696//1783
f 1117//1784 1116//1784 696//1784
f 1117//1785 696//1785 695//1785
f 1118//1786 1117//1786 695//1786
f 1118//1787 695//1787 692//1787
f 1119//1788 1118//1788 692//1788
f 1119//1789 692//1789 687//1789
f 1120//1790 1119//1790 687//1790
f 1120//1791 687//1791 683//1791
f 1121//1792 683//1792 685//1792
f 1121//1793 1120//1793 683//1793
f 1122//1794 685//1794 689//1794
f 1122//1795 1121//1795 685//1795
f 1123//1796 689//1796 690//1796
f 1123//1797 1122//1797 689//1797
f 1124//1798 690//1798 698//1798
f 1124//1799 1123//1799 690//1799
f 1125//1800 698//1800 672//1800
f 1125//1801 672//1801 670//1801
f 1125//1802 1124//1802 698//1802
f 1126//1803 1125//1803 670//1803
f 1127//1804 670//1804 668//1804
f 1127//1805 1126//1805 670//1805
f 1128//1806 668//1806 666//1806
f 1128//1807 1127//1807 668//1807
f 1129//1808 666//1808 664//1808
f 1129//1809 1128//1809 666//1809
f 1130//1810 664//1810 662//1810
f 1130//1811 1129//1811 664//1811
f 1131//1812 662//1812 660//1812
f 1131//1813 1130//1813 662//1813
f 1132//1814 660//1814 658//1814
f 1132//1815 1131//1815 660//1815
f 1133//1816 658//1816 656//1816
f 1133//1817 1132//1817 658//1817
f 1134//1818 656//1818 654//1818
f 1134//1819 1133//1819 656//1819
f 1135//1820 1134//1820 654//1820
f 1135//1821 654//1821 652//1821
f 1136//1822 1135//1822 652//1822
f 1136//1823 652//1823 650//1823
f 1137//1824 1136//1824 650//1824
f 1137//1825 650//1825 648//1825
f 1138//1826 1137//1826 648//1826
f 1138//1827 648//1827 646//1827
f 1139//1828 1138//1828 646//1828
f 1139//1829 646//1829 644//1829
f 1140//1830 1139//1830 644//1830
f 1140//1831 644//1831 642//1831
f 1141//1832 1140//1832 642//1832
f 1141//1833 642//1833 640//1833
f 1142//1834 1141//1834 640//1834
f 1142//1835 640//1835 638//1835
f 1143//1836 1142//1836 638//1836
f 1143//1837 638//1837 636//1837
f 1144//1838 1143//1838 636//1838
f 1144//1839 636//1839 634//1839
f 1145//1840 1144//1840 634//1840
f 1145//1841 634//1841 632//1841
f 1146//1842 1145//1842 632//1842
f 1146//1843 632//1843 630//1843
f 1147//1844 1146//1844 630//1844
f 1147//1845 630//1845 628//1845
f 1148//1846 1147//1846 628//1846
f 1148//1847 628//1847 626//1847
f 1149//1848 1148//1848 626//1848
f 1149//1849 626//1849 624//1849
f 1150//1850 1149//1850 624//1850
f 1150//1851 624//1851 622//1851
f 1151//1852 1150//1852 622//1852
f 1151//1853 622//1853 620//1853
f 1152//1854 1151//1854 620//1854
f 1152//1855 620//1855 619//1855
f 1153//1856 1152//1856 619//1856
f 1153//1857 619//1857 621//1857
f 1154//1858 1153//1858 621//1858
f 1154//1859 621//1859 623//1859
f 1155//1860 1154//1860 623//1860
f 1155//1861 623//1861 625//1861
f 1156//1862 625//1862 627//1862
f 1156//1863 1155//1863 625//1863
f 1157//1864 627//1864 629//1864
f 1157//1865 1156//1865 627//1865
f 1158//1866 629//1866 631//1866
f 1158//1867 1157//1867 629//1867
f 1159//1868 631//1868 633//1868
f 1159//1869 1158//1869 631//1869
f 1160//1870 633//1870 635//1870
f 1160//1871 1159//1871 633//1871
f 1161//1872 1160//1872 635//1872
f 1161//1873 635//1873 637//1873
f 1162//1874 1161//1874 637//1874
f 1162//1875 637//1875 639//1875
f 1163//1876 1162//1876 639//1876
f 1163//1877 639//1877 641//1877
f 1164//1878 1163//1878 641//1878
f 1164//1879 641//1879 643//1879
f 1165//1880 1164//1880 643//1880
f 1165//1881 643//1881 645//1881
f 1166//1882 1165//1882 645//1882
f 1166//1883 645//1883 647//1883
f 1167//1884 1166//1884 647//1884
f 1167//1885 647//1885 649//1885
f 1168//1886 1167//1886 649//1886
f 1168//1887 649//1887 651//1887
f 1169//1888 1168//1888 651//1888
f 1169//1889 651//1889 653//1889
f 1170//1890 1169//1890 653//1890
f 1170//1891 653//1891 655//1891
f 1171//1892 1170//1892 655//1892
f 1171//1893 655//1893 657//1893
f 1172//1894 1171//1894 657//1894
f 1172//1895 657//1895 659//1895
f 1173//1896 659//1896 661//1896
f 1173//1897 1172//1897 659//1897
f 1174//1898 661//1898 663//1898
f 1174//1899 1173//1899 661//1899
f 1175//1900 663//1900 665//1900
f 1175//1901 1174//1901 663//1901
f 1176//1902 665//1902 667//1902
f 1176//1903 1175//1903 665//1903
f 1177//1904 667//1904 669//1904
f 1177//1905 1176//1905 667//1905
f 1178//1906 669//1906 671//1906
f 1178//1907 1177//1907 669//1907
f 1179//1908 671//1908 673//1908
f 1179//1909 1178//1909 671//1909
f 1180//1910 673//1910 674//1910
f 1180//1911 1179//1911 673//1911
f 1181//1912 674//1912 675//1912
f 1181//1913 1180//1913 674//1913
f 1182//1914 675//1914 676//1914
f 1182//1915 1181//1915 675//1915
f 1183//1916 676//1916 677//1916
f 1183//1917 1182//1917 676//1917
f 1184//1918 677//1918 678//1918
f 1184//1919 1183//1919 677//1919
f 1185//1920 678//1920 679//1920
f 1185//1921 1184//1921 678//1921
f 1186//1922 1185//1922 679//1922
f 1186//1923 679//1923 680//1923
f 1187//1924 1186//1924 680//1924
f 1187//1925 680//1925 681//1925
f 1188//1926 1187//1926 681//1926
f 1188//1927 681//1927 719//1927
f 1189//1928 1188//1928 719//1928
f 1189//1929 719//1929 738//1929
f 1190//1930 738//1930 753//1930
f 1190//1931 1189//1931 738//1931
f 1191//1932 753//1932 754//1932
f 1191//1933 1190//1933 753//1933
f 1192//1934 754//1934 777//1934
f 1192//1935 1191//1935 754//1935
f 1193//1936 777//1936 788//1936
f 1193//1937 1192//1937 777//1937
f 1194//1938 788//1938 789//1938
f 1194//1939 1193//1939 788//1939
f 1195//1940 789//1940 803//1940
f 1195//1941 1194//1941 789//1941
f 1196//1942 803//1942 804//1942
f 1196//1943 1195//1943 803//1943
f 1197//1944 804//1944 810//1944
f 1197//1945 1196//1945 804//1945
f 1198//1946 810//1946 811//1946
f 1198//1947 1197//1947 810//1947
f 1074//1948 811//1948 819//1948
f 1074//1949 1198//1949 811//1949
f 1199//1950 1200//1950 862//1950
f 1199//1951 862//1951 860//1951
f 1201//1952 860//1952 859//1952
f 1201//1953 1199//1953 860//1953
f 1202//1954 859//1954 857//1954
f 1202//1955 1201//1955 859//1955
f 1203//1956 857//1956 856//1956
f 1203//1957 1202//1957 857//1957
f 1204//1958 856//1958 854//1958
f 1204//1959 1203//1959 856//1959
f 1205//1960 854//1960 853//1960
f 1205//1961 853//1961 852//1961
f 1205//1962 1204//1962 854//1962
f 1206//1963 1205//1963 852//1963
f 1207//1964 852//1964 851//1964
f 1207//1965 1206//1965 852//1965
f 1208//1966 851//1966 847//1966
f 1208//1967 1207//1967 851//1967
f 1209//1968 847//1968 846//1968
f 1209//1969 846//1969 848//1969
f 1209//1970 1208//1970 847//1970
f 1210//1971 1209//1971 848//1971
f 1211//1972 1210//1972 848//1972
f 1211//1973 848//1973 845//1973
f 1212//1974 1211//1974 845//1974
f 1212//1975 845//1975 844//1975
f 1213//1976 1212//1976 844//1976
f 1213//1977 844//1977 841//1977
f 1214//1978 841//1978 840//1978
f 1214//1979 1213//1979 841//1979
f 1215//1980 840//1980 842//1980
f 1215//1981 1214//1981 840//1981
f 1216//1982 842//1982 836//1982
f 1216//1983 836//1983 835//1983
f 1216//1984 1215//1984 842//1984
f 1217//1985 1216//1985 835//1985
f 1218//1986 1217//1986 835//1986
f 1218//1987 835//1987 837//1987
f 1219//1988 837//1988 833//1988
f 1219//1989 833//1989 832//1989
f 1219//1990 1218//1990 837//1990
f 1220//1991 832//1991 830//1991
f 1220//1992 1219//1992 832//1992
f 1221//1993 1220//1993 830//1993
f 1222//1994 830//1994 829//1994
f 1222//1995 1221//1995 830//1995
f 1223//1996 829//1996 831//1996
f 1223//1997 1222//1997 829//1997
f 1224//1998 831//1998 826//1998
f 1224//1999 1223//1999 831//1999
f 1225//2000 826//2000 825//2000
f 1225//2001 1224//2001 826//2001
f 1226//2002 825//2002 827//2002
f 1226//2003 1225//2003 825//2003
f 1227//2004 827//2004 821//2004
f 1227//2005 1226//2005 827//2005
f 1228//2006 821//2006 820//2006
f 1228//2007 1227//2007 821//2007
f 1229//2008 820//2008 822//2008
f 1229//2009 1228//2009 820//2009
f 1230//2010 822//2010 823//2010
f 1230//2011 1229//2011 822//2011
f 1231//2012 823//2012 816//2012
f 1231//2013 816//2013 815//2013
f 1231//2014 1230//2014 823//2014
f 1232//2015 1231//2015 815//2015
f 1233//2016 815//2016 817//2016
f 1233//2017 1232//2017 815//2017
f 1234//2018 817//2018 813//2018
f 1234//2019 1233//2019 817//2019
f 1235//2020 813//2020 812//2020
f 1235//2021 1234//2021 813//2021
f 1236//2022 812//2022 814//2022
f 1236//2023 1235//2023 812//2023
f 1237//2024 1236//2024 814//2024
f 1237//2025 814//2025 808//2025
f 1238//2026 1237//2026 808//2026
f 1238//2027 808//2027 807//2027
f 1239//2028 1238//2028 807//2028
f 1239//2029 807//2029 809//2029
f 1240//2030 1239//2030 809//2030
f 1240//2031 809//2031 806//2031
f 1241//2032 1240//2032 806//2032
f 1241//2033 806//2033 805//2033
f 1242//2034 1241//2034 805//2034
f 1242//2035 805//2035 801//2035
f 1243//2036 1242//2036 801//2036
f 1243//2037 801//2037 800//2037
f 1244//2038 1243//2038 800//2038
f 1244//2039 800//2039 802//2039
f 1245//2040 1244//2040 802//2040
f 1245//2041 802//2041 793//2041
f 1246//2042 1245//2042 793//2042
f 1246//2043 793//2043 792//2043
f 1247//2044 792//2044 794//2044
f 1247//2045 1246//2045 792//2045
f 1248//2046 794//2046 782//2046
f 1248//2047 1247//2047 794//2047
f 1249//2048 782//2048 781//2048
f 1249//2049 1248//2049 782//2049
f 1250//2050 781//2050 773//2050
f 1250//2051 1249//2051 781//2051
f 1251//2052 773//2052 771//2052
f 1251//2053 771//2053 770//2053
f 1251//2054 1250//2054 773//2054
f 1252//2055 1251//2055 770//2055
f 1253//2056 770//2056 764//2056
f 1253//2057 1252//2057 770//2057
f 1254//2058 764//2058 761//2058
f 1254//2059 1253//2059 764//2059
f 1255//2060 761//2060 758//2060
f 1255//2061 1254//2061 761//2061
f 1256//2062 758//2062 755//2062
f 1256//2063 1255//2063 758//2063
f 1257//2064 755//2064 751//2064
f 1257//2065 1256//2065 755//2065
f 1258//2066 751//2066 748//2066
f 1258//2067 1257//2067 751//2067
f 1259//2068 748//2068 744//2068
f 1259//2069 1258//2069 748//2069
f 1260//2070 744//2070 742//2070
f 1260//2071 1259//2071 744//2071
f 1261//2072 1260//2072 742//2072
f 1261//2073 742//2073 737//2073
f 1262//2074 1261//2074 737//2074
f 1262//2075 737//2075 734//2075
f 1263//2076 1262//2076 734//2076
f 1263//2077 734//2077 732//2077
f 1264//2078 1263//2078 732//2078
f 1264//2079 732//2079 729//2079
f 1265//2080 1264//2080 729//2080
f 1265//2081 729//2081 726//2081
f 1266//2082 1265//2082 726//2082
f 1266//2083 726//2083 723//2083
f 1267//2084 1266//2084 723//2084
f 1267//2085 723//2085 718//2085
f 1268//2086 1267//2086 718//2086
f 1268//2087 718//2087 716//2087
f 1269//2088 1268//2088 716//2088
f 1269//2089 716//2089 712//2089
f 1270//2090 1269//2090 712//2090
f 1270//2091 712//2091 709//2091
f 1271//2092 1270//2092 709//2092
f 1271//2093 709//2093 707//2093
f 1272//2094 1271//2094 707//2094
f 1272//2095 707//2095 703//2095
f 1273//2096 1272//2096 703//2096
f 1273//2097 703//2097 700//2097
f 1274//2098 1273//2098 700//2098
f 1274//2099 700//2099 697//2099
f 1275//2100 1274//2100 697//2100
f 1275//2101 697//2101 693//2101
f 1276//2102 1275//2102 693//2102
f 1276//2103 693//2103 688//2103
f 1277//2104 1276//2104 688//2104
f 1277//2105 688//2105 682//2105
f 1278//2106 1277//2106 682//2106
f 1278//2107 682//2107 684//2107
f 1279//2108 1278//2108 684//2108
f 1279//2109 684//2109 686//2109
f 1280//2110 1279//2110 686//2110
f 1280//2111 686//2111 691//2111
f 1281//2112 1280//2112 691//2112
f 1281//2113 691//2113 694//2113
f 1282//2114 694//2114 699//2114
f 1282//2115 1281//2115 694//2115
f 1283//2116 699//2116 701//2116
f 1283//2117 1282//2117 699//2117
f 1284//2118 701//2118 704//2118
f 1284//2119 1283//2119 701//2119
f 1285//2120 704//2120 708//2120
f 1285//2121 1284//2121 704//2121
f 1286//2122 708//2122 710//2122
f 1286//2123 1285//2123 708//2123
f 1287//2124 1286//2124 710//2124
f 1287//2125 710//2125 713//2125
f 1288//2126 1287//2126 713//2126
f 1288//2127 713//2127 717//2127
f 1289//2128 1288//2128 717//2128
f 1289//2129 717//2129 720//2129
f 1290//2130 1289//2130 720//2130
f 1290//2131 720//2131 724//2131
f 1291//2132 1290//2132 724//2132
f 1291//2133 724//2133 727//2133
f 1292//2134 1291//2134 727//2134
f 1292//2135 727//2135 730//2135
f 1293//2136 1292//2136 730//2136
f 1293//2137 730//2137 733//2137
f 1294//2138 1293//2138 733//2138
f 1294//2139 733//2139 735//2139
f 1295//2140 1294//2140 735//2140
f 1295//2141 735//2141 739//2141
f 1296//2142 1295//2142 739//2142
f 1296//2143 739//2143 743//2143
f 1297//2144 1296//2144 743//2144
f 1297//2145 743//2145 745//2145
f 1298//2146 1297//2146 745//2146
f 1298//2147 745//2147 749//2147
f 1299//2148 749//2148 752//2148
f 1299//2149 1298//2149 749//2149
f 1300//2150 752//2150 756//2150
f 1300//2151 1299//2151 752//2151
f 1301//2152 756//2152 759//2152
f 1301//2153 1300//2153 756//2153
f 1302//2154 759//2154 762//2154
f 1302//2155 1301//2155 759//2155
f 1303//2156 762//2156 765//2156
f 1303//2157 1302//2157 762//2157
f 1304//2158 765//2158 768//2158
f 1304//2159 1303//2159 765//2159
f 1305//2160 768//2160 772//2160
f 1305//2161 1304//2161 768//2161
f 1306//2162 772//2162 774//2162
f 1306//2163 1305//2163 772//2163
f 1307//2164 774//2164 778//2164
f 1307//2165 1306//2165 774//2165
f 1308//2166 778//2166 779//2166
f 1308//2167 1307//2167 778//2167
f 1309//2168 779//2168 783//2168
f 1309//2169 1308//2169 779//2169
f 1310//2170 783//2170 785//2170
f 1310//2171 1309//2171 783//2171
f 1311//2172 785//2172 790//2172
f 1311//2173 1310//2173 785//2173
f 1312//2174 1311//2174 790//2174
f 1312//2175 790//2175 795//2175
f 1313//2176 1312//2176 795//2176
f 1313//2177 795//2177 796//2177
f 1314//2178 1313//2178 796//2178
f 1314//2179 796//2179 799//2179
f 1315//2180 1314//2180 799//2180
f 1315//2181 799//2181 858//2181
f 1316//2182 858//2182 861//2182
f 1316//2183 1315//2183 858//2183
f 1317//2184 861//2184 864//2184
f 1317//2185 1316//2185 861//2185
f 1318//2186 864//2186 866//2186
f 1318//2187 1317//2187 864//2187
f 1319//2188 866//2188 869//2188
f 1319//2189 1318//2189 866//2189
f 1320//2190 869//2190 870//2190
f 1320//2191 1319//2191 869//2191
f 1321//2192 870//2192 868//2192
f 1321//2193 1320//2193 870//2193
f 1322//2194 868//2194 867//2194
f 1322//2195 1321//2195 868//2195
f 1323//2196 867//2196 865//2196
f 1323//2197 1322//2197 867//2197
f 1324//2198 865//2198 863//2198
f 1324//2199 1323//2199 865//2199
f 1200//2200 863//2200 862//2200
f 1200//2201 1324//2201 863//2201
f 891//2202 873//2202 872//2202
f 616//2203 891//2203 871//2203
f 871//2204 891//2204 872//2204
f 920//2205 919//2205 892//2205
f 892//2206 921//2206 920//2206
f 919//2207 918//2207 892//2207
f 892//2208 922//2208 921//2208
f 918//2209 917//2209 892//2209
f 892//2210 923//2210 922//2210
f 917//2211 916//2211 892//2211
f 892//2212 924//2212 923//2212
f 916//2213 915//2213 892//2213
f 892//2214 925//2214 924//2214
f 915//2215 914//2215 892//2215
f 892//2216 926//2216 925//2216
f 892//2217 927//2217 926//2217
f 914//2218 913//2218 892//2218
f 892//2219 928//2219 927//2219
f 913//2220 912//2220 892//2220
f 892//2221 929//2221 928//2221
f 912//2222 911//2222 892//2222
f 892//2223 930//2223 929//2223
f 911//2224 910//2224 892//2224
f 892//2225 931//2225 930//2225
f 910//2226 909//2226 892//2226
f 909//2227 908//2227 892//2227
f 908//2228 907//2228 892//2228
f 907//2229 906//2229 892//2229
f 892//2230 906//2230 873//2230
f 873//2231 906//2231 875//2231
f 906//2232 905//2232 875//2232
f 905//2233 904//2233 875//2233
f 904//2234 903//2234 875//2234
f 903//2235 902//2235 875//2235
f 902//2236 901//2236 875//2236
f 901//2237 900//2237 875//2237
f 900//2238 899//2238 875//2238
f 899//2239 898//2239 875//2239
f 898//2240 897//2240 875//2240
f 897//2241 896//2241 875//2241
f 875//2242 895//2242 876//2242
f 896//2243 895//2243 875//2243
f 876//2244 932//2244 877//2244
f 895//2245 932//2245 876//2245
f 877//2246 933//2246 878//2246
f 932//2247 933//2247 877//2247
f 878//2248 934//2248 879//2248
f 933//2249 934//2249 878//2249
f 879//2250 935//2250 880//2250
f 934//2251 935//2251 879//2251
f 880//2252 936//2252 881//2252
f 935//2253 936//2253 880//2253
f 881//2254 937//2254 882//2254
f 936//2255 937//2255 881//2255
f 882//2256 938//2256 883//2256
f 937//2257 938//2257 882//2257
f 883//2258 939//2258 884//2258
f 938//2259 939//2259 883//2259
f 884//2260 940//2260 885//2260
f 939//2261 940//2261 884//2261
f 885//2262 941//2262 886//2262
f 940//2263 941//2263 885//2263
f 886//2264 942//2264 887//2264
f 941//2265 942//2265 886//2265
f 942//2266 943//2266 887//2266
f 887//2267 943//2267 888//2267
f 943//2268 944//2268 888//2268
f 888//2269 944//2269 889//2269
f 944//2270 894//2270 889//2270
f 889//2271 894//2271 890//2271
f 892//2272 893//2272 931//2272
f 1325//2273 1326//2273 946//2273
f 946//2274 1326//2274 947//2274
f 947//2275 1327//2275 948//2275
f 1326//2276 1327//2276 947//2276
f 948//2277 1328//2277 949//2277
f 1327//2278 1328//2278 948//2278
f 949//2279 1329//2279 950//2279
f 1328//2280 1329//2280 949//2280
f 950//2281 1330//2281 951//2281
f 1329//2282 1330//2282 950//2282
f 951//2283 1331//2283 952//2283
f 952//2284 1331//2284 953//2284
f 1330//2285 1331//2285 951//2285
f 1331//2286 1332//2286 953//2286
f 953//2287 1333//2287 954//2287
f 1332//2288 1333//2288 953//2288
f 954//2289 1334//2289 955//2289
f 1333//2290 1334//2290 954//2290
f 955//2291 1335//2291 956//2291
f 956//2292 1335//2292 957//2292
f 1334//2293 1335//2293 955//2293
f 1335//2294 1336//2294 957//2294
f 1336//2295 1337//2295 957//2295
f 957//2296 1337//2296 958//2296
f 1337//2297 1338//2297 958//2297
f 958//2298 1338//2298 959//2298
f 1338//2299 1339//2299 959//2299
f 959//2300 1339//2300 960//2300
f 960//2301 1340//2301 961//2301
f 1339//2302 1340//2302 960//2302
f 961//2303 1341//2303 962//2303
f 1340//2304 1341//2304 961//2304
f 962//2305 1342//2305 963//2305
f 963//2306 1342//2306 964//2306
f 1341//2307 1342//2307 962//2307
f 1342//2308 1343//2308 964//2308
f 1343//2309 1344//2309 964//2309
f 964//2310 1344//2310 965//2310
f 965//2311 1345//2311 966//2311
f 966//2312 1345//2312 967//2312
f 1344//2313 1345//2313 965//2313
f 967//2314 1346//2314 968//2314
f 1345//2315 1346//2315 967//2315
f 1346//2316 1347//2316 968//2316
f 968//2317 1348//2317 969//2317
f 1347//2318 1348//2318 968//2318
f 969//2319 1349//2319 970//2319
f 1348//2320 1349//2320 969//2320
f 970//2321 1350//2321 971//2321
f 1349//2322 1350//2322 970//2322
f 971//2323 1351//2323 972//2323
f 1350//2324 1351//2324 971//2324
f 972//2325 1352//2325 973//2325
f 1351//2326 1352//2326 972//2326
f 973//2327 1353//2327 974//2327
f 1352//2328 1353//2328 973//2328
f 974//2329 1354//2329 975//2329
f 1353//2330 1354//2330 974//2330
f 975//2331 1355//2331 976//2331
f 1354//2332 1355//2332 975//2332
f 976//2333 1356//2333 977//2333
f 1355//2334 1356//2334 976//2334
f 977//2335 1357//2335 978//2335
f 978//2336 1357//2336 979//2336
f 1356//2337 1357//2337 977//2337
f 1357//2338 1358//2338 979//2338
f 979//2339 1359//2339 980//2339
f 1358//2340 1359//2340 979//2340
f 980//2341 1360//2341 981//2341
f 1359//2342 1360//2342 980//2342
f 981//2343 1361//2343 982//2343
f 1360//2344 1361//2344 981//2344
f 982//2345 1362//2345 983//2345
f 1361//2346 1362//2346 982//2346
f 1362//2347 1363//2347 983//2347
f 983//2348 1363//2348 984//2348
f 1363//2349 1364//2349 984//2349
f 984//2350 1364//2350 985//2350
f 1364//2351 1365//2351 985//2351
f 985//2352 1365//2352 986//2352
f 1365//2353 1366//2353 986//2353
f 986//2354 1366//2354 987//2354
f 1366//2355 1367//2355 987//2355
f 987//2356 1367//2356 988//2356
f 1367//2357 1368//2357 988//2357
f 988//2358 1368//2358 989//2358
f 1368//2359 1369//2359 989//2359
f 989//2360 1369//2360 990//2360
f 1369//2361 1370//2361 990//2361
f 990//2362 1370//2362 991//2362
f 1370//2363 1371//2363 991//2363
f 991//2364 1371//2364 992//2364
f 1371//2365 1372//2365 992//2365
f 992//2366 1372//2366 993//2366
f 993//2367 1373//2367 994//2367
f 1372//2368 1373//2368 993//2368
f 994//2369 1374//2369 995//2369
f 1373//2370 1374//2370 994//2370
f 995//2371 1375//2371 996//2371
f 1374//2372 1375//2372 995//2372
f 996//2373 1376//2373 997//2373
f 1375//2374 1376//2374 996//2374
f 997//2375 1377//2375 998//2375
f 998//2376 1377//2376 999//2376
f 1376//2377 1377//2377 997//2377
f 1377//2378 1378//2378 999//2378
f 999//2379 1379//2379 1000//2379
f 1378//2380 1379//2380 999//2380
f 1000//2381 1380//2381 1001//2381
f 1379//2382 1380//2382 1000//2382
f 1001//2383 1381//2383 1002//2383
f 1380//2384 1381//2384 1001//2384
f 1002//2385 1382//2385 1003//2385
f 1381//2386 1382//2386 1002//2386
f 1003//2387 1383//2387 1004//2387
f 1382//2388 1383//2388 1003//2388
f 1004//2389 1384//2389 1005//2389
f 1383//2390 1384//2390 1004//2390
f 1005//2391 1385//2391 1006//2391
f 1384//2392 1385//2392 1005//2392
f 1006//2393 1386//2393 1007//2393
f 1385//2394 1386//2394 1006//2394
f 1386//2395 1387//2395 1007//2395
f 1007//2396 1387//2396 1008//2396
f 1387//2397 1388//2397 1008//2397
f 1008//2398 1388//2398 1009//2398
f 1388//2399 1389//2399 1009//2399
f 1009//2400 1389//2400 1010//2400
f 1389//2401 1390//2401 1010//2401
f 1010//2402 1390//2402 1011//2402
f 1390//2403 1391//2403 1011//2403
f 1011//2404 1391//2404 1012//2404
f 1391//2405 1392//2405 1012//2405
f 1012//2406 1392//2406 1013//2406
f 1392//2407 1393//2407 1013//2407
f 1013//2408 1393//2408 1014//2408
f 1393//2409 1394//2409 1014//2409
f 1014//2410 1394//2410 1015//2410
f 1394//2411 1395//2411 1015//2411
f 1015//2412 1395//2412 1016//2412
f 1395//2413 1396//2413 1016//2413
f 1016//2414 1396//2414 1017//2414
f 1396//2415 1397//2415 1017//2415
f 1017//2416 1397//2416 1018//2416
f 1397//2417 1398//2417 1018//2417
f 1018//2418 1398//2418 1019//2418
f 1398//2419 1399//2419 1019//2419
f 1019//2420 1399//2420 1020//2420
f 1399//2421 1400//2421 1020//2421
f 1020//2422 1400//2422 1021//2422
f 1400//2423 1401//2423 1021//2423
f 1021//2424 1401//2424 1022//2424
f 1401//2425 1402//2425 1022//2425
f 1022//2426 1402//2426 1023//2426
f 1402//2427 1403//2427 1023//2427
f 1023//2428 1403//2428 1024//2428
f 1403//2429 1404//2429 1024//2429
f 1024//2430 1404//2430 1025//2430
f 1404//2431 1405//2431 1025//2431
f 1025//2432 1405//2432 1026//2432
f 1405//2433 1406//2433 1026//2433
f 1026//2434 1406//2434 1027//2434
f 1406//2435 1407//2435 1027//2435
f 1027//2436 1407//2436 1028//2436
f 1028//2437 1408//2437 1029//2437
f 1407//2438 1408//2438 1028//2438
f 1029//2439 1409//2439 1030//2439
f 1408//2440 1409//2440 1029//2440
f 1030//2441 1410//2441 1031//2441
f 1409//2442 1410//2442 1030//2442
f 1031//2443 1411//2443 1032//2443
f 1410//2444 1411//2444 1031//2444
f 1032//2445 1412//2445 1033//2445
f 1411//2446 1412//2446 1032//2446
f 1412//2447 1413//2447 1033//2447
f 1033//2448 1413//2448 1034//2448
f 1413//2449 1414//2449 1034//2449
f 1034//2450 1414//2450 1035//2450
f 1414//2451 1415//2451 1035//2451
f 1035//2452 1415//2452 1036//2452
f 1415//2453 1416//2453 1036//2453
f 1036//2454 1416//2454 1037//2454
f 1416//2455 1417//2455 1037//2455
f 1037//2456 1417//2456 1038//2456
f 1417//2457 1418//2457 1038//2457
f 1038//2458 1418//2458 1039//2458
f 1418//2459 1419//2459 1039//2459
f 1039//2460 1419//2460 1040//2460
f 1419//2461 1420//2461 1040//2461
f 1040//2462 1420//2462 1041//2462
f 1420//2463 1421//2463 1041//2463
f 1041//2464 1421//2464 1042//2464
f 1421//2465 1422//2465 1042//2465
f 1042//2466 1422//2466 1043//2466
f 1422//2467 1423//2467 1043//2467
f 1043//2468 1423//2468 1044//2468
f 1423//2469 1424//2469 1044//2469
f 1044//2470 1424//2470 1045//2470
f 1045//2471 1425//2471 1046//2471
f 1424//2472 1425//2472 1045//2472
f 1046//2473 1426//2473 1047//2473
f 1425//2474 1426//2474 1046//2474
f 1047//2475 1427//2475 1048//2475
f 1426//2476 1427//2476 1047//2476
f 1048//2477 1428//2477 1049//2477
f 1427//2478 1428//2478 1048//2478
f 1049//2479 1429//2479 1050//2479
f 1428//2480 1429//2480 1049//2480
f 1050//2481 1430//2481 1051//2481
f 1429//2482 1430//2482 1050//2482
f 1051//2483 1431//2483 1052//2483
f 1430//2484 1431//2484 1051//2484
f 1052//2485 1432//2485 1053//2485
f 1431//2486 1432//2486 1052//2486
f 1053//2487 1433//2487 1054//2487
f 1432//2488 1433//2488 1053//2488
f 1054//2489 1434//2489 1055//2489
f 1433//2490 1434//2490 1054//2490
f 1055//2491 1435//2491 1056//2491
f 1434//2492 1435//2492 1055//2492
f 1056//2493 1436//2493 1057//2493
f 1435//2494 1436//2494 1056//2494
f 1057//2495 1437//2495 1058//2495
f 1436//2496 1437//2496 1057//2496
f 1437//2497 1438//2497 1058//2497
f 1058//2498 1438//2498 1059//2498
f 1438//2499 1439//2499 1059//2499
f 1059//2500 1439//2500 1060//2500
f 1439//2501 1440//2501 1060//2501
f 1060//2502 1440//2502 1061//2502
f 1440//2503 1441//2503 1061//2503
f 1061//2504 1441//2504 1062//2504
f 1062//2505 1442//2505 1063//2505
f 1441//2506 1442//2506 1062//2506
f 1063//2507 1443//2507 1064//2507
f 1442//2508 1443//2508 1063//2508
f 1064//2509 1444//2509 1065//2509
f 1443//2510 1444//2510 1064//2510
f 1065//2511 1445//2511 1066//2511
f 1444//2512 1445//2512 1065//2512
f 1066//2513 1446//2513 1067//2513
f 1445//2514 1446//2514 1066//2514
f 1067//2515 1447//2515 1068//2515
f 1446//2516 1447//2516 1067//2516
f 1068//2517 1448//2517 1069//2517
f 1447//2518 1448//2518 1068//2518
f 1069//2519 1449//2519 1070//2519
f 1448//2520 1449//2520 1069//2520
f 1070//2521 1450//2521 1071//2521
f 1449//2522 1450//2522 1070//2522
f 1071//2523 1325//2523 946//2523
f 1450//2524 1325//2524 1071//2524
f 1404//2525 1151//2525 1152//2525
f 1403//2526 1151//2526 1404//2526
f 1152//2527 1153//2527 1404//2527
f 1404//2528 1153//2528 1405//2528
f 1402//2529 1150//2529 1403//2529
f 1403//2530 1150//2530 1151//2530
f 1405//2531 1154//2531 1406//2531
f 1153//2532 1154//2532 1405//2532
f 1401//2533 1149//2533 1402//2533
f 1402//2534 1149//2534 1150//2534
f 1406//2535 1155//2535 1407//2535
f 1154//2536 1155//2536 1406//2536
f 1400//2537 1148//2537 1401//2537
f 1401//2538 1148//2538 1149//2538
f 1407//2539 1156//2539 1408//2539
f 1155//2540 1156//2540 1407//2540
f 1400//2541 1147//2541 1148//2541
f 1399//2542 1147//2542 1400//2542
f 1156//2543 1157//2543 1408//2543
f 1408//2544 1157//2544 1409//2544
f 1399//2545 1146//2545 1147//2545
f 1398//2546 1146//2546 1399//2546
f 1157//2547 1158//2547 1409//2547
f 1409//2548 1158//2548 1410//2548
f 1398//2549 1145//2549 1146//2549
f 1397//2550 1145//2550 1398//2550
f 1158//2551 1159//2551 1410//2551
f 1410//2552 1159//2552 1411//2552
f 1397//2553 1144//2553 1145//2553
f 1396//2554 1144//2554 1397//2554
f 1411//2555 1160//2555 1412//2555
f 1412//2556 1160//2556 1413//2556
f 1159//2557 1160//2557 1411//2557
f 1396//2558 1143//2558 1144//2558
f 1395//2559 1143//2559 1396//2559
f 1160//2560 1161//2560 1413//2560
f 1395//2561 1142//2561 1143//2561
f 1394//2562 1142//2562 1395//2562
f 1161//2563 1162//2563 1413//2563
f 1413//2564 1162//2564 1414//2564
f 1414//2565 1162//2565 1415//2565
f 1394//2566 1141//2566 1142//2566
f 1393//2567 1141//2567 1394//2567
f 1162//2568 1163//2568 1415//2568
f 1393//2569 1140//2569 1141//2569
f 1392//2570 1140//2570 1393//2570
f 1163//2571 1164//2571 1415//2571
f 1415//2572 1164//2572 1416//2572
f 1392//2573 1139//2573 1140//2573
f 1391//2574 1139//2574 1392//2574
f 1164//2575 1165//2575 1416//2575
f 1416//2576 1165//2576 1417//2576
f 1391//2577 1138//2577 1139//2577
f 1390//2578 1138//2578 1391//2578
f 1165//2579 1166//2579 1417//2579
f 1417//2580 1166//2580 1418//2580
f 1390//2581 1137//2581 1138//2581
f 1389//2582 1137//2582 1390//2582
f 1166//2583 1167//2583 1418//2583
f 1418//2584 1167//2584 1419//2584
f 1389//2585 1136//2585 1137//2585
f 1388//2586 1136//2586 1389//2586
f 1167//2587 1168//2587 1419//2587
f 1419//2588 1168//2588 1420//2588
f 1388//2589 1135//2589 1136//2589
f 1386//2590 1135//2590 1387//2590
f 1387//2591 1135//2591 1388//2591
f 1168//2592 1169//2592 1420//2592
f 1420//2593 1169//2593 1421//2593
f 1421//2594 1169//2594 1422//2594
f 1386//2595 1134//2595 1135//2595
f 1385//2596 1134//2596 1386//2596
f 1169//2597 1170//2597 1422//2597
f 1385//2598 1133//2598 1134//2598
f 1170//2599 1171//2599 1422//2599
f 1422//2600 1171//2600 1423//2600
f 1384//2601 1132//2601 1385//2601
f 1385//2602 1132//2602 1133//2602
f 1171//2603 1172//2603 1423//2603
f 1423//2604 1172//2604 1424//2604
f 1384//2605 1131//2605 1132//2605
f 1382//2606 1131//2606 1383//2606
f 1383//2607 1131//2607 1384//2607
f 1172//2608 1173//2608 1424//2608
f 1424//2609 1173//2609 1425//2609
f 1382//2610 1130//2610 1131//2610
f 1425//2611 1174//2611 1426//2611
f 1173//2612 1174//2612 1425//2612
f 1381//2613 1129//2613 1382//2613
f 1382//2614 1129//2614 1130//2614
f 1426//2615 1175//2615 1427//2615
f 1174//2616 1175//2616 1426//2616
f 1381//2617 1128//2617 1129//2617
f 1380//2618 1128//2618 1381//2618
f 1427//2619 1176//2619 1428//2619
f 1175//2620 1176//2620 1427//2620
f 1380//2621 1127//2621 1128//2621
f 1379//2622 1127//2622 1380//2622
f 1428//2623 1177//2623 1429//2623
f 1176//2624 1177//2624 1428//2624
f 1379//2625 1126//2625 1127//2625
f 1378//2626 1126//2626 1379//2626
f 1429//2627 1178//2627 1430//2627
f 1177//2628 1178//2628 1429//2628
f 1430//2629 1179//2629 1431//2629
f 1178//2630 1179//2630 1430//2630
f 1431//2631 1180//2631 1432//2631
f 1432//2632 1180//2632 1433//2632
f 1179//2633 1180//2633 1431//2633
f 1180//2634 1181//2634 1433//2634
f 1433//2635 1182//2635 1434//2635
f 1181//2636 1182//2636 1433//2636
f 1182//2637 1183//2637 1434//2637
f 1434//2638 1183//2638 1435//2638
f 1184//2639 1436//2639 1183//2639
f 1185//2640 1436//2640 1184//2640
f 1183//2641 1436//2641 1435//2641
f 1185//2642 1437//2642 1436//2642
f 1185//2643 1438//2643 1437//2643
f 1186//2644 1438//2644 1185//2644
f 1120//2645 1277//2645 1278//2645
f 1121//2646 1277//2646 1120//2646
f 1122//2647 1277//2647 1121//2647
f 1278//2648 1279//2648 1120//2648
f 1120//2649 1279//2649 1119//2649
f 1122//2650 1276//2650 1277//2650
f 1279//2651 1280//2651 1119//2651
f 1118//2652 1280//2652 1117//2652
f 1119//2653 1280//2653 1118//2653
f 1122//2654 1275//2654 1276//2654
f 1123//2655 1275//2655 1122//2655
f 1280//2656 1281//2656 1117//2656
f 1124//2657 1274//2657 1123//2657
f 1123//2658 1274//2658 1275//2658
f 1281//2659 1282//2659 1117//2659
f 1117//2660 1282//2660 1116//2660
f 1125//2661 1273//2661 1124//2661
f 1124//2662 1273//2662 1274//2662
f 1282//2663 1283//2663 1116//2663
f 1115//2664 1283//2664 1114//2664
f 1116//2665 1283//2665 1115//2665
f 1126//2666 1272//2666 1125//2666
f 1125//2667 1272//2667 1273//2667
f 1378//2668 1272//2668 1126//2668
f 1283//2669 1284//2669 1114//2669
f 1378//2670 1271//2670 1272//2670
f 1377//2671 1271//2671 1378//2671
f 1187//2672 1439//2672 1186//2672
f 1186//2673 1439//2673 1438//2673
f 1284//2674 1285//2674 1114//2674
f 1114//2675 1285//2675 1113//2675
f 1377//2676 1270//2676 1271//2676
f 1376//2677 1270//2677 1377//2677
f 1285//2678 1286//2678 1113//2678
f 1113//2679 1286//2679 1112//2679
f 1376//2680 1269//2680 1270//2680
f 1286//2681 1287//2681 1112//2681
f 1112//2682 1287//2682 1111//2682
f 1375//2683 1268//2683 1376//2683
f 1376//2684 1268//2684 1269//2684
f 1287//2685 1288//2685 1111//2685
f 1111//2686 1288//2686 1110//2686
f 1375//2687 1267//2687 1268//2687
f 1374//2688 1267//2688 1375//2688
f 1288//2689 1289//2689 1110//2689
f 1110//2690 1289//2690 1109//2690
f 1373//2691 1266//2691 1374//2691
f 1374//2692 1266//2692 1267//2692
f 1289//2693 1290//2693 1109//2693
f 1109//2694 1290//2694 1108//2694
f 1372//2695 1265//2695 1373//2695
f 1373//2696 1265//2696 1266//2696
f 1107//2697 1291//2697 1106//2697
f 1108//2698 1291//2698 1107//2698
f 1290//2699 1291//2699 1108//2699
f 1372//2700 1264//2700 1265//2700
f 1291//2701 1292//2701 1106//2701
f 1106//2702 1292//2702 1105//2702
f 1372//2703 1263//2703 1264//2703
f 1371//2704 1263//2704 1372//2704
f 1188//2705 1440//2705 1187//2705
f 1187//2706 1440//2706 1439//2706
f 1292//2707 1293//2707 1105//2707
f 1371//2708 1262//2708 1263//2708
f 1370//2709 1262//2709 1371//2709
f 1293//2710 1294//2710 1105//2710
f 1105//2711 1294//2711 1104//2711
f 1370//2712 1261//2712 1262//2712
f 1294//2713 1295//2713 1104//2713
f 1103//2714 1295//2714 1102//2714
f 1104//2715 1295//2715 1103//2715
f 1370//2716 1260//2716 1261//2716
f 1369//2717 1260//2717 1370//2717
f 1295//2718 1296//2718 1102//2718
f 1369//2719 1259//2719 1260//2719
f 1296//2720 1297//2720 1102//2720
f 1102//2721 1297//2721 1101//2721
f 1368//2722 1258//2722 1369//2722
f 1369//2723 1258//2723 1259//2723
f 1297//2724 1298//2724 1101//2724
f 1101//2725 1298//2725 1100//2725
f 1188//2726 1441//2726 1440//2726
f 1189//2727 1441//2727 1188//2727
f 1367//2728 1257//2728 1368//2728
f 1368//2729 1257//2729 1258//2729
f 1298//2730 1299//2730 1100//2730
f 1099//2731 1299//2731 1098//2731
f 1100//2732 1299//2732 1099//2732
f 1367//2733 1256//2733 1257//2733
f 1299//2734 1300//2734 1098//2734
f 1367//2735 1255//2735 1256//2735
f 1367//2736 1366//2736 1255//2736
f 1300//2737 1301//2737 1098//2737
f 1097//2738 1301//2738 1096//2738
f 1098//2739 1301//2739 1097//2739
f 1366//2740 1254//2740 1255//2740
f 1301//2741 1302//2741 1096//2741
f 1366//2742 1253//2742 1254//2742
f 1302//2743 1303//2743 1096//2743
f 1095//2744 1303//2744 1094//2744
f 1096//2745 1303//2745 1095//2745
f 1189//2746 1442//2746 1441//2746
f 1190//2747 1442//2747 1189//2747
f 1094//2748 1304//2748 1093//2748
f 1303//2749 1304//2749 1094//2749
f 1304//2750 1305//2750 1093//2750
f 1366//2751 1365//2751 1253//2751
f 1252//2752 1365//2752 1251//2752
f 1253//2753 1365//2753 1252//2753
f 1093//2754 1306//2754 1092//2754
f 1305//2755 1306//2755 1093//2755
f 1306//2756 1307//2756 1092//2756
f 1092//2757 1307//2757 1091//2757
f 1191//2758 1443//2758 1190//2758
f 1190//2759 1443//2759 1442//2759
f 1307//2760 1308//2760 1091//2760
f 1091//2761 1308//2761 1090//2761
f 1308//2762 1309//2762 1090//2762
f 1090//2763 1309//2763 1089//2763
f 1249//2764 1364//2764 1248//2764
f 1250//2765 1364//2765 1249//2765
f 1251//2766 1364//2766 1250//2766
f 1365//2767 1364//2767 1251//2767
f 1088//2768 1310//2768 1087//2768
f 1089//2769 1310//2769 1088//2769
f 1309//2770 1310//2770 1089//2770
f 1310//2771 1311//2771 1087//2771
f 1191//2772 1444//2772 1443//2772
f 1192//2773 1444//2773 1191//2773
f 1193//2774 1444//2774 1192//2774
f 1311//2775 1312//2775 1087//2775
f 1086//2776 1312//2776 1085//2776
f 1087//2777 1312//2777 1086//2777
f 1312//2778 1313//2778 1085//2778
f 1364//2779 1363//2779 1248//2779
f 1247//2780 1363//2780 1246//2780
f 1248//2781 1363//2781 1247//2781
f 1313//2782 1314//2782 1085//2782
f 1085//2783 1314//2783 1084//2783
f 1314//2784 1315//2784 1084//2784
f 1084//2785 1315//2785 1083//2785
f 1193//2786 1445//2786 1444//2786
f 1363//2787 1362//2787 1246//2787
f 1245//2788 1362//2788 1244//2788
f 1246//2789 1362//2789 1245//2789
f 1193//2790 1446//2790 1445//2790
f 1194//2791 1446//2791 1193//2791
f 1362//2792 1361//2792 1244//2792
f 1242//2793 1361//2793 1241//2793
f 1243//2794 1361//2794 1242//2794
f 1244//2795 1361//2795 1243//2795
f 1194//2796 1447//2796 1446//2796
f 1195//2797 1447//2797 1194//2797
f 1361//2798 1360//2798 1241//2798
f 1239//2799 1360//2799 1238//2799
f 1240//2800 1360//2800 1239//2800
f 1241//2801 1360//2801 1240//2801
f 1195//2802 1448//2802 1447//2802
f 1196//2803 1448//2803 1195//2803
f 1360//2804 1359//2804 1238//2804
f 1237//2805 1359//2805 1236//2805
f 1238//2806 1359//2806 1237//2806
f 1196//2807 1449//2807 1448//2807
f 1197//2808 1449//2808 1196//2808
f 1198//2809 1449//2809 1197//2809
f 1359//2810 1358//2810 1236//2810
f 1234//2811 1358//2811 1233//2811
f 1235//2812 1358//2812 1234//2812
f 1236//2813 1358//2813 1235//2813
f 1198//2814 1450//2814 1449//2814
f 1358//2815 1357//2815 1233//2815
f 1231//2816 1357//2816 1230//2816
f 1232//2817 1357//2817 1231//2817
f 1233//2818 1357//2818 1232//2818
f 1198//2819 1325//2819 1450//2819
f 1074//2820 1325//2820 1198//2820
f 1357//2821 1356//2821 1230//2821
f 1229//2822 1356//2822 1228//2822
f 1230//2823 1356//2823 1229//2823
f 1073//2824 1326//2824 1074//2824
f 1074//2825 1326//2825 1325//2825
f 1356//2826 1355//2826 1228//2826
f 1226//2827 1355//2827 1225//2827
f 1227//2828 1355//2828 1226//2828
f 1228//2829 1355//2829 1227//2829
f 1075//2830 1327//2830 1073//2830
f 1076//2831 1327//2831 1075//2831
f 1073//2832 1327//2832 1326//2832
f 1355//2833 1354//2833 1225//2833
f 1224//2834 1354//2834 1223//2834
f 1225//2835 1354//2835 1224//2835
f 1077//2836 1328//2836 1076//2836
f 1076//2837 1328//2837 1327//2837
f 1221//2838 1353//2838 1220//2838
f 1222//2839 1353//2839 1221//2839
f 1223//2840 1353//2840 1222//2840
f 1354//2841 1353//2841 1223//2841
f 1077//2842 1329//2842 1328//2842
f 1218//2843 1352//2843 1217//2843
f 1219//2844 1352//2844 1218//2844
f 1220//2845 1352//2845 1219//2845
f 1353//2846 1352//2846 1220//2846
f 1078//2847 1330//2847 1077//2847
f 1079//2848 1330//2848 1078//2848
f 1077//2849 1330//2849 1329//2849
f 1352//2850 1351//2850 1217//2850
f 1216//2851 1351//2851 1215//2851
f 1217//2852 1351//2852 1216//2852
f 1079//2853 1331//2853 1330//2853
f 1351//2854 1350//2854 1215//2854
f 1214//2855 1350//2855 1213//2855
f 1215//2856 1350//2856 1214//2856
f 1079//2857 1332//2857 1331//2857
f 1080//2858 1332//2858 1079//2858
f 1350//2859 1349//2859 1213//2859
f 1211//2860 1349//2860 1210//2860
f 1212//2861 1349//2861 1211//2861
f 1213//2862 1349//2862 1212//2862
f 1081//2863 1333//2863 1080//2863
f 1082//2864 1333//2864 1081//2864
f 1080//2865 1333//2865 1332//2865
f 1349//2866 1348//2866 1210//2866
f 1209//2867 1348//2867 1208//2867
f 1210//2868 1348//2868 1209//2868
f 1082//2869 1334//2869 1333//2869
f 1348//2870 1347//2870 1208//2870
f 1207//2871 1347//2871 1206//2871
f 1208//2872 1347//2872 1207//2872
f 1082//2873 1335//2873 1334//2873
f 1315//2874 1335//2874 1083//2874
f 1316//2875 1335//2875 1315//2875
f 1083//2876 1335//2876 1082//2876
f 1347//2877 1346//2877 1206//2877
f 1205//2878 1346//2878 1204//2878
f 1206//2879 1346//2879 1205//2879
f 1317//2880 1336//2880 1316//2880
f 1316//2881 1336//2881 1335//2881
f 1204//2882 1345//2882 1203//2882
f 1346//2883 1345//2883 1204//2883
f 1317//2884 1337//2884 1336//2884
f 1318//2885 1337//2885 1317//2885
f 1319//2886 1337//2886 1318//2886
f 1345//2887 1344//2887 1203//2887
f 1202//2888 1344//2888 1201//2888
f 1203//2889 1344//2889 1202//2889
f 1320//2890 1338//2890 1319//2890
f 1319//2891 1338//2891 1337//2891
f 1344//2892 1343//2892 1201//2892
f 1199//2893 1343//2893 1200//2893
f 1201//2894 1343//2894 1199//2894
f 1320//2895 1339//2895 1338//2895
f 1321//2896 1339//2896 1320//2896
f 1343//2897 1342//2897 1200//2897
f 1200//2898 1342//2898 1324//2898
f 1321//2899 1340//2899 1339//2899
f 1322//2900 1340//2900 1321//2900
f 1342//2901 1341//2901 1324//2901
f 1322//2902 1341//2902 1340//2902
f 1323//2903 1341//2903 1322//2903
f 1324//2904 1341//2904 1323//2904
